"Client","Country","Date Month","Uniques","Time Watched Minutes","Avg Min per Unique","Video Starts","Sessions"
"Canela","Argentina","Apr-2023",3223,533133.6666666666,165.41534801944357,37593,7732
"Canela","Austria","Apr-2023",1,0,0,1,1
"Canela","Belize","Apr-2023",92,20769.45,225.75489130434784,1630,668
"Canela","Bolivia","Apr-2023",1539,160295.41666666666,104.15556638509854,10631,2174
"Canela","Brazil","Apr-2023",414,28982.416666666668,70.00583735909824,2362,1091
"Canela","Canada","Apr-2023",27,2216.866666666667,82.10617283950617,158,84
"Canela","Chile","Apr-2023",4048,717526.7166666667,177.25462368247693,48924,10505
"Canela","China","Apr-2023",1,0.18333333333333332,0.18333333333333332,1,1
"Canela","Colombia","Apr-2023",83572,10675796.016666668,127.7436942596404,937544,207191
"Canela","Costa Rica","Apr-2023",1379,173828.6,126.05409717186367,13426,2238
"Canela","Cuba","Apr-2023",991,9340.766666666666,9.425597040026908,3862,792
"Canela","Dominican Republic","Apr-2023",2926,513860.61666666664,175.61880268853952,39395,13591
"Canela","Ecuador","Apr-2023",5981,1069672.4166666667,178.8450788608371,71660,16940
"Canela","Egypt","Apr-2023",1,0,0,1,1
"Canela","El Salvador","Apr-2023",1295,156330.5,120.71853281853282,11452,1606
"Canela","France","Apr-2023",4,6.166666666666667,1.5416666666666667,8,8
"Canela","Germany","Apr-2023",3,13.55,4.516666666666667,6,6
"Canela","Greece","Apr-2023",1,0,0,1,1
"Canela","Guatemala","Apr-2023",1600,122831.26666666666,76.76954166666667,10883,1976
"Canela","Haiti","Apr-2023",45,39.78333333333333,0.884074074074074,57,47
"Canela","Honduras","Apr-2023",1032,129408.01666666666,125.3953649870801,11727,2517
"Canela","India","Apr-2023",1,3.033333333333333,3.033333333333333,1,0
"Canela","Iran","Apr-2023",4,6.183333333333334,1.5458333333333334,8,8
"Canela","Ireland","Apr-2023",3,45.18333333333333,15.06111111111111,4,4
"Canela","Japan","Apr-2023",1,1.4,1.4,2,1
"Canela","Mexico","Apr-2023",141907,14955143.866666667,105.38693557517718,1420621,220178
"Canela","Morocco","Apr-2023",1,0.2833333333333333,0.2833333333333333,1,1
"Canela","Netherlands","Apr-2023",2,19.1,9.55,6,6
"Canela","Nicaragua","Apr-2023",556,35922.583333333336,64.60896282973621,3885,631
"Canela","Palestinian Territories","Apr-2023",1,3.3666666666666667,3.3666666666666667,2,2
"Canela","Panama","Apr-2023",379,33141.23333333333,87.44388742304308,2493,574
"Canela","Paraguay","Apr-2023",294,19251.666666666668,65.48185941043084,1758,400
"Canela","Peru","Apr-2023",3733,443184.05,118.72061344762925,29063,5637
"Canela","Puerto Rico","Apr-2023",2816,452472.0833333333,160.67900686553028,42623,14837
"Canela","Romania","Apr-2023",1,0,0,1,1
"Canela","Saudi Arabia","Apr-2023",1,12.683333333333334,12.683333333333334,1,1
"Canela","Spain","Apr-2023",5,126.56666666666666,25.313333333333333,9,9
"Canela","Suriname","Apr-2023",1,0.16666666666666666,0.16666666666666666,1,1
"Canela","Tunisia","Apr-2023",1,0.95,0.95,2,2
"Canela","U.S. Virgin Islands","Apr-2023",29,6827.383333333333,235.42701149425287,624,207
"Canela","United Kingdom","Apr-2023",3,16.083333333333332,5.361111111111111,12,12
"Canela","United States","Apr-2023",95628,8668433.533333333,90.64744147460297,893676,140868
"Canela","Uruguay","Apr-2023",534,78928.6,147.8063670411985,5162,1548
"Canela","Venezuela","Apr-2023",7561,1068203.1666666667,141.27802759776046,98459,18950
"Canela","Algeria","Apr-2024",4,459.8333333333333,114.95833333333333,31,21
"Canela","Angola","Apr-2024",4,4.516666666666667,1.1291666666666667,10,7
"Canela","Antigua and Barbuda","Apr-2024",1,90.65,90.65,9,9
"Canela","Argentina","Apr-2024",12014,4647242.15,386.8188904611287,192740,73608
"Canela","Australia","Apr-2024",1,0.1,0.1,1,1
"Canela","Azerbaijan","Apr-2024",1,0.03333333333333333,0.03333333333333333,1,1
"Canela","Belgium","Apr-2024",1,50.86666666666667,50.86666666666667,2,2
"Canela","Belize","Apr-2024",101,34145.8,338.0772277227723,2132,788
"Canela","Bolivia","Apr-2024",4280,1368470.1333333333,319.7360124610592,51196,19568
"Canela","Brazil","Apr-2024",940,147787.98333333334,157.22125886524825,6438,4386
"Canela","Bulgaria","Apr-2024",1,0,0,1,1
"Canela","Cambodia","Apr-2024",1,0.05,0.05,3,3
"Canela","Canada","Apr-2024",135,2741.05,20.304074074074077,376,216
"Canela","Chile","Apr-2024",9476,2432416.683333333,256.69234733361475,101372,39078
"Canela","China","Apr-2024",1,18.566666666666666,18.566666666666666,4,1
"Canela","Colombia","Apr-2024",98966,18771541.466666665,189.676671449454,1138335,320381
"Canela","Congo - Kinshasa","Apr-2024",3,0.7166666666666667,0.2388888888888889,3,3
"Canela","Costa Rica","Apr-2024",2169,619885.3166666667,285.7931381589058,30820,8580
"Canela","Croatia","Apr-2024",1,673.4833333333333,673.4833333333333,37,36
"Canela","Cuba","Apr-2024",1185,14013.583333333334,11.825808720112517,5300,1102
"Canela","Denmark","Apr-2024",2,24.633333333333333,12.316666666666666,3,3
"Canela","Dominican Republic","Apr-2024",6654,1773383.5833333333,266.5139139364793,98786,42157
"Canela","Ecuador","Apr-2024",12358,3901850.5,315.734787182392,168554,62806
"Canela","El Salvador","Apr-2024",2325,620047.5833333334,266.6871326164875,31191,8920
"Canela","Equatorial Guinea","Apr-2024",1,93.1,93.1,4,1
"Canela","Finland","Apr-2024",3,7.066666666666666,2.3555555555555556,6,6
"Canela","France","Apr-2024",8,273.23333333333335,34.15416666666667,24,22
"Canela","French Guiana","Apr-2024",1,1.0666666666666667,1.0666666666666667,1,1
"Canela","Germany","Apr-2024",21,277.1,13.195238095238096,41,36
"Canela","Guatemala","Apr-2024",3272,666543.6333333333,203.7113793806031,33344,10947
"Canela","Guyana","Apr-2024",2,3.6,1.8,8,1
"Canela","Honduras","Apr-2024",2372,621835.8333333334,262.15675941540195,33225,12103
"Canela","Hong Kong","Apr-2024",2,3.95,1.975,4,4
"Canela","India","Apr-2024",4,136.95,34.2375,9,7
"Canela","Iran","Apr-2024",92,600.9,6.531521739130435,187,169
"Canela","Iraq","Apr-2024",1,0.23333333333333334,0.23333333333333334,1,0
"Canela","Ireland","Apr-2024",2,0.38333333333333336,0.19166666666666668,3,2
"Canela","Isle of Man","Apr-2024",1,0.43333333333333335,0.43333333333333335,4,3
"Canela","Italy","Apr-2024",1,65.58333333333333,65.58333333333333,2,1
"Canela","Japan","Apr-2024",2,25.966666666666665,12.983333333333333,4,4
"Canela","Kazakhstan","Apr-2024",1,0.21666666666666667,0.21666666666666667,1,1
"Canela","Kenya","Apr-2024",1,0.18333333333333332,0.18333333333333332,1,1
"Canela","Libya","Apr-2024",1,0,0,1,1
"Canela","Madagascar","Apr-2024",1,0,0,1,1
"Canela","Malawi","Apr-2024",1,2.45,2.45,1,1
"Canela","Mauritania","Apr-2024",1,0.13333333333333333,0.13333333333333333,1,1
"Canela","Mexico","Apr-2024",164215,22910937.766666666,139.51793543017791,1751149,302854
"Canela","Morocco","Apr-2024",3,1.0166666666666666,0.33888888888888885,3,3
"Canela","Mozambique","Apr-2024",1,0,0,1,1
"Canela","Netherlands","Apr-2024",4,1.7333333333333334,0.43333333333333335,6,6
"Canela","New Zealand","Apr-2024",2,45.11666666666667,22.558333333333334,10,5
"Canela","Nicaragua","Apr-2024",1141,202355.68333333332,177.3494157172071,12847,3490
"Canela","Norway","Apr-2024",1,93.36666666666666,93.36666666666666,3,3
"Canela","Pakistan","Apr-2024",3,32.333333333333336,10.777777777777779,7,7
"Canela","Panama","Apr-2024",2125,537453.1,252.91910588235294,21133,12976
"Canela","Paraguay","Apr-2024",932,266417.95,285.856169527897,12093,6361
"Canela","Peru","Apr-2024",22282,6092668.283333333,273.4345338539329,227225,90117
"Canela","Portugal","Apr-2024",1,5.083333333333333,5.083333333333333,1,1
"Canela","Puerto Rico","Apr-2024",5773,1275479.1833333333,220.9387118193891,97986,40095
"Canela","Russia","Apr-2024",1,0.3,0.3,1,1
"Canela","Serbia","Apr-2024",1,2.3666666666666667,2.3666666666666667,1,1
"Canela","Sierra Leone","Apr-2024",1,1.3,1.3,1,1
"Canela","Singapore","Apr-2024",3,13.033333333333333,4.344444444444444,5,4
"Canela","South Africa","Apr-2024",5,614.3166666666667,122.86333333333334,14,14
"Canela","South Korea","Apr-2024",1,31.633333333333333,31.633333333333333,2,2
"Canela","Spain","Apr-2024",18,2340.616666666667,130.03425925925927,93,54
"Canela","Suriname","Apr-2024",2,6.033333333333333,3.0166666666666666,2,2
"Canela","Switzerland","Apr-2024",2,45.983333333333334,22.991666666666667,4,3
"Canela","Togo","Apr-2024",1,85.13333333333334,85.13333333333334,4,2
"Canela","Tunisia","Apr-2024",1,11.266666666666667,11.266666666666667,1,1
"Canela","Turkey","Apr-2024",2,255.18333333333334,127.59166666666667,8,6
"Canela","U.S. Virgin Islands","Apr-2024",30,9634.683333333332,321.1561111111111,755,285
"Canela","United Arab Emirates","Apr-2024",1,1.6333333333333333,1.6333333333333333,1,1
"Canela","United Kingdom","Apr-2024",3,13.666666666666666,4.555555555555555,6,6
"Canela","United States","Apr-2024",115779,16095481.9,139.01900949222227,1358392,261514
"Canela","Uruguay","Apr-2024",1308,243206.75,185.93788226299694,10358,4227
"Canela","Venezuela","Apr-2024",12946,3678727.5833333335,284.159399299655,212864,57910
"Canela","Algeria","Aug-2023",16,41.916666666666664,2.6197916666666665,26,18
"Canela","Andorra","Aug-2023",1,0.15,0.15,1,1
"Canela","Angola","Aug-2023",3,0.5166666666666667,0.17222222222222225,3,3
"Canela","Anguilla","Aug-2023",1,0.15,0.15,1,1
"Canela","Argentina","Aug-2023",4054,579244.6166666667,142.88224387436279,41511,8059
"Canela","Australia","Aug-2023",1,55.8,55.8,7,5
"Canela","Bahrain","Aug-2023",1,3.1333333333333333,3.1333333333333333,1,1
"Canela","Belize","Aug-2023",123,20584.733333333334,167.35555555555555,1274,427
"Canela","Bolivia","Aug-2023",1801,179188.66666666666,99.49398482324634,13031,2446
"Canela","Bosnia and Herzegovina","Aug-2023",1,0.03333333333333333,0.03333333333333333,1,1
"Canela","Brazil","Aug-2023",764,113589.01666666666,148.67672338568934,5612,3030
"Canela","Bulgaria","Aug-2023",1,14.5,14.5,1,1
"Canela","Burkina Faso","Aug-2023",1,0,0,2,1
"Canela","Canada","Aug-2023",154,3096.7833333333333,20.108982683982685,557,182
"Canela","Chile","Aug-2023",5911,954170.1166666667,161.42279084193314,59936,12819
"Canela","China","Aug-2023",1,401.98333333333335,401.98333333333335,21,21
"Canela","Colombia","Aug-2023",108776,18880402.083333332,173.57139519134122,1298886,376350
"Canela","Congo - Brazzaville","Aug-2023",1,0,0,1,1
"Canela","Congo - Kinshasa","Aug-2023",1,1.1333333333333333,1.1333333333333333,2,1
"Canela","Costa Rica","Aug-2023",2021,276414.9,136.7713508164275,19688,3089
"Canela","Cuba","Aug-2023",1369,19244.966666666667,14.057682006330655,6603,1369
"Canela","Czech Republic","Aug-2023",1,0,0,1,0
"Canela","Côte d’Ivoire","Aug-2023",3,6.183333333333334,2.0611111111111113,4,4
"Canela","Denmark","Aug-2023",1,0.2833333333333333,0.2833333333333333,2,0
"Canela","Dominican Republic","Aug-2023",5044,725542.5166666667,143.84268768173408,62158,20231
"Canela","Ecuador","Aug-2023",7380,1500309.5666666667,203.29397922312558,91841,25986
"Canela","Egypt","Aug-2023",3,16.966666666666665,5.655555555555555,4,1
"Canela","El Salvador","Aug-2023",2143,239038.13333333333,111.54369264271271,18318,2516
"Canela","Equatorial Guinea","Aug-2023",1,0.3333333333333333,0.3333333333333333,1,0
"Canela","Ethiopia","Aug-2023",2,0.2,0.1,2,2
"Canela","Finland","Aug-2023",5,10.833333333333334,2.166666666666667,8,6
"Canela","France","Aug-2023",50,278.15,5.563,74,59
"Canela","Georgia","Aug-2023",1,0.5666666666666667,0.5666666666666667,1,1
"Canela","Germany","Aug-2023",19,99.8,5.252631578947368,25,16
"Canela","Ghana","Aug-2023",2,0.18333333333333332,0.09166666666666666,2,1
"Canela","Guatemala","Aug-2023",2434,247758.83333333334,101.79081073678445,19695,3963
"Canela","Guinea","Aug-2023",1,0,0,1,1
"Canela","Guyana","Aug-2023",4,5.166666666666667,1.2916666666666667,4,3
"Canela","Haiti","Aug-2023",28,17.033333333333335,0.6083333333333334,36,24
"Canela","Honduras","Aug-2023",1663,177006.15,106.43785327720985,15858,3557
"Canela","Hong Kong","Aug-2023",2,94.05,47.025,6,6
"Canela","Hungary","Aug-2023",1,0,0,1,1
"Canela","India","Aug-2023",10,364.3666666666667,36.43666666666667,21,16
"Canela","Indonesia","Aug-2023",2,45.5,22.75,3,1
"Canela","Iran","Aug-2023",102,274.4,2.6901960784313723,184,137
"Canela","Iraq","Aug-2023",13,9.683333333333334,0.7448717948717949,14,9
"Canela","Ireland","Aug-2023",1,0,0,1,1
"Canela","Israel","Aug-2023",1,22.516666666666666,22.516666666666666,1,1
"Canela","Italy","Aug-2023",3,43.516666666666666,14.505555555555555,6,4
"Canela","Japan","Aug-2023",3,50.766666666666666,16.92222222222222,4,3
"Canela","Jordan","Aug-2023",7,9.533333333333333,1.361904761904762,8,5
"Canela","Kenya","Aug-2023",1,0,0,1,1
"Canela","Kuwait","Aug-2023",3,1.4833333333333334,0.49444444444444446,3,3
"Canela","Lebanon","Aug-2023",1,1.9666666666666666,1.9666666666666666,3,0
"Canela","Libya","Aug-2023",1,0.3,0.3,1,0
"Canela","Madagascar","Aug-2023",1,1.1333333333333333,1.1333333333333333,2,2
"Canela","Mali","Aug-2023",1,0.16666666666666666,0.16666666666666666,1,0
"Canela","Mauritania","Aug-2023",2,3.9166666666666665,1.9583333333333333,2,2
"Canela","Mexico","Aug-2023",180632,16117399.916666666,89.22782185142536,1650069,231265
"Canela","Morocco","Aug-2023",3,2.433333333333333,0.811111111111111,5,1
"Canela","Nepal","Aug-2023",1,0,0,1,1
"Canela","Netherlands","Aug-2023",6,135.15,22.525000000000002,9,9
"Canela","Nicaragua","Aug-2023",965,83347.01666666666,86.36996545768567,7831,1844
"Canela","Nigeria","Aug-2023",1,0,0,1,0
"Canela","Norway","Aug-2023",1,44.416666666666664,44.416666666666664,1,1
"Canela","Oman","Aug-2023",1,0.4,0.4,1,1
"Canela","Pakistan","Aug-2023",2,7.233333333333333,3.6166666666666667,3,2
"Canela","Panama","Aug-2023",1022,121416.53333333334,118.80287018917157,9668,3322
"Canela","Paraguay","Aug-2023",532,61163.75,114.96945488721805,4168,983
"Canela","Peru","Aug-2023",6599,716348.7333333333,108.55413446481789,50546,9686
"Canela","Poland","Aug-2023",7,46.2,6.6000000000000005,12,11
"Canela","Puerto Rico","Aug-2023",5645,630707.65,111.7285473870682,63956,19994
"Canela","Romania","Aug-2023",1,14.983333333333333,14.983333333333333,4,1
"Canela","Saudi Arabia","Aug-2023",3,0.6833333333333333,0.22777777777777777,4,3
"Canela","Senegal","Aug-2023",3,1.75,0.5833333333333334,3,2
"Canela","Serbia","Aug-2023",1,1.8666666666666667,1.8666666666666667,1,1
"Canela","South Africa","Aug-2023",2,86.1,43.05,3,3
"Canela","South Korea","Aug-2023",1,0.8,0.8,2,0
"Canela","Spain","Aug-2023",27,430.6,15.94814814814815,40,28
"Canela","Suriname","Aug-2023",1,0.31666666666666665,0.31666666666666665,2,1
"Canela","Sweden","Aug-2023",3,116.18333333333334,38.72777777777778,4,3
"Canela","Switzerland","Aug-2023",5,274.06666666666666,54.81333333333333,13,9
"Canela","Tanzania","Aug-2023",1,1.4833333333333334,1.4833333333333334,2,2
"Canela","Thailand","Aug-2023",1,0,0,1,1
"Canela","Trinidad and Tobago","Aug-2023",1,39.766666666666666,39.766666666666666,1,1
"Canela","Tunisia","Aug-2023",1,1.2666666666666666,1.2666666666666666,2,2
"Canela","Turkey","Aug-2023",1,109.63333333333334,109.63333333333334,6,1
"Canela","Turks and Caicos Islands","Aug-2023",1,0.6,0.6,1,1
"Canela","U.S. Virgin Islands","Aug-2023",46,2975.5333333333333,64.68550724637682,346,145
"Canela","Ukraine","Aug-2023",1,0,0,1,1
"Canela","United Arab Emirates","Aug-2023",1,0,0,1,1
"Canela","United Kingdom","Aug-2023",18,11.666666666666666,0.6481481481481481,30,22
"Canela","United States","Aug-2023",152375,10695265.366666667,70.1904207820618,1303759,203174
"Canela","Uruguay","Aug-2023",826,122211.55,147.95587167070218,7825,2223
"Canela","Uzbekistan","Aug-2023",2,0.9,0.45,2,2
"Canela","Venezuela","Aug-2023",11438,1724943.6,150.80814827767094,155997,32383
"Canela","Zimbabwe","Aug-2023",1,0,0,1,1
"Canela","Angola","Aug-2024",1,0,0,2,2
"Canela","Argentina","Aug-2024",12707,4226460.25,332.60881797434484,180654,65232
"Canela","Australia","Aug-2024",6,240.83333333333334,40.13888888888889,33,28
"Canela","Belize","Aug-2024",136,29005.366666666665,213.27475490196076,1943,786
"Canela","Bolivia","Aug-2024",4751,1480876.5166666666,311.69785659159476,63052,20743
"Canela","Brazil","Aug-2024",1110,214515.9,193.25756756756755,9526,5963
"Canela","Canada","Aug-2024",145,3627.4166666666665,25.016666666666666,495,298
"Canela","Chile","Aug-2024",9853,2338567.933333333,237.3457762441219,102767,37861
"Canela","China","Aug-2024",3,100.43333333333334,33.47777777777778,5,5
"Canela","Colombia","Aug-2024",96753,20467886.966666665,211.54782762980648,1291407,322798
"Canela","Congo - Kinshasa","Aug-2024",1,1.2166666666666666,1.2166666666666666,2,2
"Canela","Costa Rica","Aug-2024",2023,495635.5833333333,245.00028835063435,27662,6699
"Canela","Croatia","Aug-2024",1,120.3,120.3,5,5
"Canela","Cuba","Aug-2024",1146,11500.266666666666,10.035136707388016,5162,1217
"Canela","Denmark","Aug-2024",2,12.716666666666667,6.358333333333333,4,4
"Canela","Dominican Republic","Aug-2024",6938,1744063.4166666667,251.37841116556166,102287,43616
"Canela","Ecuador","Aug-2024",12194,4246561.166666667,348.2500546716965,182476,68184
"Canela","Egypt","Aug-2024",1,0.7,0.7,1,1
"Canela","El Salvador","Aug-2024",2465,630475.5,255.7709939148073,32204,8659
"Canela","France","Aug-2024",5,325.35,65.07000000000001,18,16
"Canela","Germany","Aug-2024",13,166.35,12.796153846153846,26,25
"Canela","Guatemala","Aug-2024",3785,687665.1,181.6816644649934,36324,12326
"Canela","Honduras","Aug-2024",2270,528271.6333333333,232.7187812041116,30565,10067
"Canela","India","Aug-2024",7,237.51666666666668,33.930952380952384,37,35
"Canela","Iran","Aug-2024",15,91.35,6.09,21,21
"Canela","Iraq","Aug-2024",2,0.8166666666666667,0.4083333333333333,2,2
"Canela","Israel","Aug-2024",3,233.25,77.75,6,6
"Canela","Italy","Aug-2024",1,46.6,46.6,1,1
"Canela","Japan","Aug-2024",1,4.45,4.45,6,3
"Canela","Jordan","Aug-2024",1,0.25,0.25,2,2
"Canela","Libya","Aug-2024",1,2.7333333333333334,2.7333333333333334,1,1
"Canela","Macau SAR China","Aug-2024",1,53.46666666666667,53.46666666666667,1,1
"Canela","Malawi","Aug-2024",1,0.25,0.25,1,0
"Canela","Mauritius","Aug-2024",1,0,0,2,2
"Canela","Mexico","Aug-2024",177221,25640890.616666667,144.6831392254116,2014031,345998
"Canela","Mozambique","Aug-2024",4,4.083333333333333,1.0208333333333333,5,5
"Canela","Myanmar [Burma]","Aug-2024",1,3.783333333333333,3.783333333333333,2,2
"Canela","Netherlands","Aug-2024",7,154.51666666666668,22.073809523809526,22,13
"Canela","Nicaragua","Aug-2024",1385,243382,175.72707581227436,15479,4079
"Canela","Norway","Aug-2024",1,44.96666666666667,44.96666666666667,4,4
"Canela","Pakistan","Aug-2024",2,55.3,27.65,5,4
"Canela","Panama","Aug-2024",5014,1749731.6833333333,348.9692228427071,59769,38836
"Canela","Paraguay","Aug-2024",979,248587.11666666667,253.91942458290774,10999,4481
"Canela","Peru","Aug-2024",34834,8479836.333333334,243.43561845706304,428719,126550
"Canela","Poland","Aug-2024",1,6.45,6.45,4,2
"Canela","Portugal","Aug-2024",2,28.616666666666667,14.308333333333334,2,2
"Canela","Puerto Rico","Aug-2024",4828,1041708.3166666667,215.76394297155483,77335,30815
"Canela","Romania","Aug-2024",1,0.6333333333333333,0.6333333333333333,5,2
"Canela","Russia","Aug-2024",4,44.916666666666664,11.229166666666666,8,6
"Canela","Singapore","Aug-2024",3,198.25,66.08333333333333,13,7
"Canela","South Africa","Aug-2024",1,39.38333333333333,39.38333333333333,1,1
"Canela","Spain","Aug-2024",11,1684.65,153.15,139,113
"Canela","Suriname","Aug-2024",2,0.85,0.425,2,2
"Canela","Sweden","Aug-2024",1,1.5833333333333333,1.5833333333333333,2,1
"Canela","Switzerland","Aug-2024",1,0.1,0.1,1,1
"Canela","Trinidad and Tobago","Aug-2024",1,0.8833333333333333,0.8833333333333333,2,1
"Canela","Turkey","Aug-2024",1,0.36666666666666664,0.36666666666666664,2,1
"Canela","U.S. Virgin Islands","Aug-2024",40,17033.983333333334,425.8495833333333,1195,444
"Canela","Ukraine","Aug-2024",1,0.13333333333333333,0.13333333333333333,1,1
"Canela","United Kingdom","Aug-2024",5,116.33333333333333,23.266666666666666,9,9
"Canela","United States","Aug-2024",112115,14323924.033333333,127.76099570381602,1298701,227242
"Canela","Uruguay","Aug-2024",1306,246539.58333333334,188.77456610515569,10705,4571
"Canela","Venezuela","Aug-2024",17508,5767062.916666667,329.3958714111644,317751,93162
"Canela","Yemen","Aug-2024",1,5.116666666666666,5.116666666666666,2,2
"Canela","Algeria","Dec-2023",1,2.566666666666667,2.566666666666667,3,3
"Canela","Antigua and Barbuda","Dec-2023",1,52.61666666666667,52.61666666666667,2,2
"Canela","Argentina","Dec-2023",5461,1452324.1,265.944717084783,79998,18914
"Canela","Australia","Dec-2023",1,43.06666666666667,43.06666666666667,1,1
"Canela","Austria","Dec-2023",2,1.6666666666666667,0.8333333333333334,4,2
"Canela","Belgium","Dec-2023",3,265.53333333333336,88.51111111111112,6,6
"Canela","Belize","Dec-2023",115,34169.683333333334,297.1276811594203,1804,771
"Canela","Bolivia","Dec-2023",2792,658918.85,236.0024534383954,33137,7161
"Canela","Brazil","Dec-2023",1028,102779.86666666667,99.98041504539559,5625,3070
"Canela","Bulgaria","Dec-2023",1,95.96666666666667,95.96666666666667,2,2
"Canela","Canada","Dec-2023",70,1431,20.442857142857143,140,71
"Canela","Chile","Dec-2023",6864,1119894.4666666666,163.15478826728824,69623,17275
"Canela","Colombia","Dec-2023",84075,17240769.433333334,205.06416215680446,1140368,289794
"Canela","Costa Rica","Dec-2023",2605,484079.13333333336,185.8269225847729,32015,6907
"Canela","Croatia","Dec-2023",2,3940.9333333333334,1970.4666666666667,153,88
"Canela","Cuba","Dec-2023",1725,20375.266666666666,11.811748792270532,8137,1653
"Canela","Curaçao","Dec-2023",2,489.18333333333334,244.59166666666667,17,10
"Canela","Denmark","Dec-2023",1,80.1,80.1,2,2
"Canela","Dominican Republic","Dec-2023",5552,1162664.9333333333,209.41371277617677,78344,28266
"Canela","Ecuador","Dec-2023",9838,2541660.0166666666,258.3512926068984,137982,36604
"Canela","El Salvador","Dec-2023",2404,517336.98333333334,215.1984123682751,32328,6328
"Canela","Finland","Dec-2023",2,8.8,4.4,5,5
"Canela","France","Dec-2023",7,102.75,14.678571428571429,19,19
"Canela","Germany","Dec-2023",15,1097.5166666666667,73.16777777777777,54,45
"Canela","Guatemala","Dec-2023",3062,466086.3,152.21629653821032,31675,7620
"Canela","Honduras","Dec-2023",2316,403335.1666666667,174.15162636729994,31546,9070
"Canela","Hong Kong","Dec-2023",1,53.2,53.2,4,4
"Canela","India","Dec-2023",2,12.1,6.05,2,2
"Canela","Indonesia","Dec-2023",1,1.4166666666666667,1.4166666666666667,2,2
"Canela","Iran","Dec-2023",11,35.233333333333334,3.203030303030303,38,34
"Canela","Ireland","Dec-2023",3,300.9,100.3,20,14
"Canela","Israel","Dec-2023",3,75.73333333333333,25.244444444444444,5,4
"Canela","Italy","Dec-2023",4,114.36666666666666,28.591666666666665,9,6
"Canela","Japan","Dec-2023",1,0,0,1,1
"Canela","Mexico","Dec-2023",186385,24853522.583333332,133.34507918197994,2109235,336135
"Canela","Netherlands","Dec-2023",3,85.2,28.400000000000002,5,3
"Canela","New Zealand","Dec-2023",1,19.033333333333335,19.033333333333335,1,1
"Canela","Nicaragua","Dec-2023",1284,176273.25,137.28446261682242,12308,2369
"Canela","Norway","Dec-2023",1,75.4,75.4,2,2
"Canela","Panama","Dec-2023",1612,241963.88333333333,150.101664598842,16040,5644
"Canela","Paraguay","Dec-2023",690,119909.6,173.78202898550725,6406,1974
"Canela","Peru","Dec-2023",9536,1787063.8666666667,187.40183165548098,100294,24228
"Canela","Poland","Dec-2023",2,43.18333333333333,21.591666666666665,9,9
"Canela","Puerto Rico","Dec-2023",6993,1332950.75,190.61214786214785,114390,45611
"Canela","Romania","Dec-2023",2,44.06666666666667,22.033333333333335,2,2
"Canela","South Africa","Dec-2023",2,44.766666666666666,22.383333333333333,4,4
"Canela","Spain","Dec-2023",15,1249.4666666666667,83.29777777777778,53,45
"Canela","Switzerland","Dec-2023",1,88.56666666666666,88.56666666666666,2,2
"Canela","Turkey","Dec-2023",1,21.1,21.1,6,6
"Canela","U.S. Virgin Islands","Dec-2023",33,24877.266666666666,753.8565656565656,1294,547
"Canela","United Arab Emirates","Dec-2023",1,163.66666666666666,163.66666666666666,6,6
"Canela","United Kingdom","Dec-2023",6,166.61666666666667,27.769444444444446,13,12
"Canela","United States","Dec-2023",146661,20586924.866666667,140.3708202362364,1818998,321367
"Canela","Uruguay","Dec-2023",770,161960.61666666667,210.3384632034632,8708,2695
"Canela","Venezuela","Dec-2023",11789,2812074.55,238.53376452625326,182228,44843
"Canela","Argentina","Feb-2023",2824,324268.3333333333,114.82589707271009,25870,4813
"Canela","Aruba","Feb-2023",1,0.25,0.25,5,0
"Canela","Australia","Feb-2023",3,27.6,9.200000000000001,5,5
"Canela","Belize","Feb-2023",79,14805.183333333332,187.4073839662447,869,289
"Canela","Bolivia","Feb-2023",1173,85769.51666666666,73.11979255470304,6259,1043
"Canela","Brazil","Feb-2023",375,27880.883333333335,74.34902222222223,1844,984
"Canela","Bulgaria","Feb-2023",1,23.616666666666667,23.616666666666667,6,6
"Canela","Canada","Feb-2023",27,196.51666666666668,7.2783950617283955,57,20
"Canela","Chile","Feb-2023",2761,296015.38333333336,107.21310515513704,22393,5050
"Canela","Colombia","Feb-2023",80403,6214080.366666666,77.28667296825574,590851,113765
"Canela","Costa Rica","Feb-2023",1048,145939.8,139.25553435114503,9406,2190
"Canela","Cuba","Feb-2023",809,5215.683333333333,6.447074577667903,2711,500
"Canela","Dominican Republic","Feb-2023",2719,345098.2833333333,126.92103101630501,26375,7999
"Canela","Ecuador","Feb-2023",4285,476369.75,111.17147024504084,36635,8231
"Canela","El Salvador","Feb-2023",1092,97821.15,89.57980769230768,9614,1306
"Canela","France","Feb-2023",1,0,0,2,2
"Canela","Germany","Feb-2023",3,0.25,0.08333333333333333,3,3
"Canela","Guatemala","Feb-2023",1180,89747.93333333333,76.05757062146893,7576,1280
"Canela","Haiti","Feb-2023",23,16.766666666666666,0.7289855072463768,27,19
"Canela","Honduras","Feb-2023",939,75941.95,80.87534611288605,7229,1757
"Canela","Hungary","Feb-2023",1,69.2,69.2,2,2
"Canela","India","Feb-2023",4,5.583333333333333,1.3958333333333333,5,4
"Canela","Indonesia","Feb-2023",1,0,0,1,1
"Canela","Iraq","Feb-2023",1,0.36666666666666664,0.36666666666666664,1,1
"Canela","Japan","Feb-2023",2,0.6666666666666666,0.3333333333333333,5,5
"Canela","Malaysia","Feb-2023",1,35.016666666666666,35.016666666666666,1,1
"Canela","Mexico","Feb-2023",144024,7832919.816666666,54.386212135940305,907529,118439
"Canela","Netherlands","Feb-2023",5,185.55,37.11,8,7
"Canela","Nicaragua","Feb-2023",476,27800.533333333333,58.404481792717085,2517,428
"Canela","Pakistan","Feb-2023",2,2.2,1.1,2,1
"Canela","Panama","Feb-2023",359,33300.46666666667,92.75896007428041,2454,653
"Canela","Paraguay","Feb-2023",238,28073.9,117.95756302521009,2680,437
"Canela","Peru","Feb-2023",3092,249836.93333333332,80.801078050884,19159,3770
"Canela","Puerto Rico","Feb-2023",2539,271720.9,107.01886569515558,26706,8335
"Canela","Russia","Feb-2023",2,79.8,39.9,3,2
"Canela","Slovenia","Feb-2023",1,6.866666666666666,6.866666666666666,18,1
"Canela","South Korea","Feb-2023",1,1.2833333333333334,1.2833333333333334,2,1
"Canela","Spain","Feb-2023",6,298.95,49.824999999999996,10,8
"Canela","Switzerland","Feb-2023",1,0.18333333333333332,0.18333333333333332,1,1
"Canela","U.S. Virgin Islands","Feb-2023",17,1200.1166666666666,70.59509803921569,89,28
"Canela","United Kingdom","Feb-2023",2,11.116666666666667,5.558333333333334,2,2
"Canela","United States","Feb-2023",90861,6043672.35,66.5155825931918,637897,98384
"Canela","Uruguay","Feb-2023",430,49382.23333333333,114.84240310077519,3067,1098
"Canela","Venezuela","Feb-2023",5160,573377.95,111.11975775193798,50816,11050
"Canela","Algeria","Feb-2024",4,31.066666666666666,7.766666666666667,4,4
"Canela","Argentina","Feb-2024",5475,1653834.2166666666,302.07017656012175,88582,22927
"Canela","Austria","Feb-2024",1,1.4333333333333333,1.4333333333333333,1,1
"Canela","Belize","Feb-2024",132,67761.73333333334,513.3464646464647,3481,1539
"Canela","Bolivia","Feb-2024",2653,761531.2833333333,287.04533861037817,35251,10034
"Canela","Brazil","Feb-2024",938,140851.63333333333,150.16165600568584,6400,3796
"Canela","Canada","Feb-2024",88,2691.116666666667,30.580871212121213,346,152
"Canela","Chile","Feb-2024",6073,1160036.1833333333,191.01534387178222,63198,19255
"Canela","Colombia","Feb-2024",84243,17765185.35,210.8802553327873,1138107,311229
"Canela","Congo - Brazzaville","Feb-2024",2,9.45,4.725,4,4
"Canela","Costa Rica","Feb-2024",1773,384578.2833333333,216.90822523030644,23029,4909
"Canela","Croatia","Feb-2024",2,1649.0666666666666,824.5333333333333,53,41
"Canela","Cuba","Feb-2024",1167,15275.883333333333,13.089874321622393,5985,1276
"Canela","Curaçao","Feb-2024",1,142.83333333333334,142.83333333333334,6,4
"Canela","Dominican Republic","Feb-2024",4904,1277610.4,260.5241435562806,81061,31177
"Canela","Ecuador","Feb-2024",9987,3114472.25,311.85263342345047,156160,51906
"Canela","El Salvador","Feb-2024",2017,459824.0833333333,227.9742604528177,27755,6431
"Canela","Equatorial Guinea","Feb-2024",3,533.1333333333333,177.7111111111111,14,10
"Canela","France","Feb-2024",2,21.783333333333335,10.891666666666667,3,3
"Canela","Germany","Feb-2024",25,167.05,6.682,39,39
"Canela","Guatemala","Feb-2024",2555,542148.3166666667,212.19112198303978,32789,8565
"Canela","Guyana","Feb-2024",2,0,0,2,1
"Canela","Honduras","Feb-2024",1835,479966.85,261.5623160762943,33510,9544
"Canela","Indonesia","Feb-2024",1,15.333333333333334,15.333333333333334,1,1
"Canela","Iran","Feb-2024",38,171.55,4.514473684210526,82,65
"Canela","Iraq","Feb-2024",2,1.3833333333333333,0.6916666666666667,3,3
"Canela","Mexico","Feb-2024",167269,24719631.7,147.78369990853056,1999310,332103
"Canela","Morocco","Feb-2024",2,0.6666666666666666,0.3333333333333333,3,3
"Canela","Netherlands","Feb-2024",2,42.21666666666667,21.108333333333334,2,2
"Canela","Nicaragua","Feb-2024",1098,164944.48333333334,150.22266241651488,14430,2957
"Canela","Nigeria","Feb-2024",2,0.21666666666666667,0.10833333333333334,3,1
"Canela","Norway","Feb-2024",2,1.85,0.925,2,2
"Canela","Pakistan","Feb-2024",1,25.966666666666665,25.966666666666665,1,1
"Canela","Panama","Feb-2024",1216,212065.56666666668,174.39602521929825,11774,5151
"Canela","Paraguay","Feb-2024",642,143857.53333333333,224.07715472481826,8677,3117
"Canela","Peru","Feb-2024",9431,2465896.65,261.46714558371326,106190,37790
"Canela","Portugal","Feb-2024",1,0.08333333333333333,0.08333333333333333,1,1
"Canela","Puerto Rico","Feb-2024",4974,1160348.3,233.28273019702453,102861,43541
"Canela","Russia","Feb-2024",1,0.4666666666666667,0.4666666666666667,2,2
"Canela","Senegal","Feb-2024",1,0,0,1,1
"Canela","Seychelles","Feb-2024",1,0.6,0.6,2,2
"Canela","Singapore","Feb-2024",3,47.13333333333333,15.71111111111111,12,8
"Canela","Spain","Feb-2024",11,1660.45,150.95000000000002,87,58
"Canela","Swaziland","Feb-2024",1,0.6,0.6,2,0
"Canela","Switzerland","Feb-2024",1,44.166666666666664,44.166666666666664,1,1
"Canela","Trinidad and Tobago","Feb-2024",1,20.266666666666666,20.266666666666666,3,3
"Canela","Tunisia","Feb-2024",1,2.0833333333333335,2.0833333333333335,1,1
"Canela","Turkey","Feb-2024",1,43.43333333333333,43.43333333333333,1,1
"Canela","U.S. Virgin Islands","Feb-2024",28,15073.583333333334,538.3422619047619,1286,378
"Canela","United Kingdom","Feb-2024",5,16.2,3.2399999999999998,11,10
"Canela","United States","Feb-2024",105724,17240875.05,163.07437336839317,1556097,282346
"Canela","Uruguay","Feb-2024",944,190838.68333333332,202.15962217514124,8943,3794
"Canela","Venezuela","Feb-2024",12403,3437497.5,277.1504877852133,216364,53648
"Canela","Anguilla","Jan-2023",1,2.7666666666666666,2.7666666666666666,2,1
"Canela","Argentina","Jan-2023",3590,587623.3666666667,163.68338904363975,33019,6842
"Canela","Armenia","Jan-2023",1,0.6333333333333333,0.6333333333333333,2,2
"Canela","Aruba","Jan-2023",4,1.5,0.375,5,4
"Canela","Australia","Jan-2023",16,96.51666666666667,6.032291666666667,24,19
"Canela","Austria","Jan-2023",7,32.6,4.6571428571428575,12,9
"Canela","Bahamas","Jan-2023",1,0.26666666666666666,0.26666666666666666,1,1
"Canela","Bahrain","Jan-2023",2,26.566666666666666,13.283333333333333,3,2
"Canela","Bangladesh","Jan-2023",2,0.95,0.475,2,2
"Canela","Belarus","Jan-2023",1,0.65,0.65,1,0
"Canela","Belgium","Jan-2023",2,5.4,2.7,3,1
"Canela","Belize","Jan-2023",117,49379.566666666666,422.04757834757834,1358,639
"Canela","Bolivia","Jan-2023",1394,190416.85,136.59745337159254,10556,2066
"Canela","Brazil","Jan-2023",622,57557.28333333333,92.53582529474812,2459,1619
"Canela","Bulgaria","Jan-2023",1,100.93333333333334,100.93333333333334,2,2
"Canela","Canada","Jan-2023",58,507.9,8.756896551724138,124,50
"Canela","Cayman Islands","Jan-2023",2,24.166666666666668,12.083333333333334,3,2
"Canela","Chile","Jan-2023",3381,418427.9666666667,123.75864142758553,22838,5207
"Canela","China","Jan-2023",1,0.8333333333333334,0.8333333333333334,2,1
"Canela","Colombia","Jan-2023",102559,11992025.116666667,116.92806205858741,892175,172704
"Canela","Congo - Brazzaville","Jan-2023",1,3.3333333333333335,3.3333333333333335,1,1
"Canela","Costa Rica","Jan-2023",1331,216165.71666666667,162.40850237916354,11306,2296
"Canela","Cuba","Jan-2023",817,7861.333333333333,9.62219502243982,2941,549
"Canela","Curaçao","Jan-2023",8,90.28333333333333,11.285416666666666,11,6
"Canela","Denmark","Jan-2023",1,0.9166666666666666,0.9166666666666666,1,1
"Canela","Dominican Republic","Jan-2023",3682,679441.3833333333,184.53052236103565,39983,14194
"Canela","Ecuador","Jan-2023",4490,1050472.1166666667,233.95815515961397,46675,11292
"Canela","Egypt","Jan-2023",4,4.65,1.1625,5,4
"Canela","El Salvador","Jan-2023",1228,188822.48333333334,153.76423724212813,10064,1684
"Canela","Ethiopia","Jan-2023",1,3.5833333333333335,3.5833333333333335,1,0
"Canela","France","Jan-2023",23,110.58333333333333,4.807971014492753,49,22
"Canela","Georgia","Jan-2023",1,0.5,0.5,1,1
"Canela","Germany","Jan-2023",30,216.48333333333332,7.21611111111111,59,30
"Canela","Ghana","Jan-2023",1,1.9,1.9,1,1
"Canela","Greece","Jan-2023",1,0.1,0.1,1,0
"Canela","Guatemala","Jan-2023",1569,132252.48333333334,84.29093902698109,9322,2144
"Canela","Guyana","Jan-2023",1,0,0,1,1
"Canela","Haiti","Jan-2023",38,41.15,1.0828947368421051,45,37
"Canela","Honduras","Jan-2023",1230,178341.1,144.99276422764228,11482,3204
"Canela","Hungary","Jan-2023",2,0,0,2,2
"Canela","India","Jan-2023",22,16.533333333333335,0.7515151515151516,32,19
"Canela","Indonesia","Jan-2023",6,91.95,15.325000000000001,11,5
"Canela","Iran","Jan-2023",27,13.666666666666666,0.5061728395061729,87,26
"Canela","Iraq","Jan-2023",7,5.683333333333334,0.8119047619047619,11,7
"Canela","Israel","Jan-2023",1,0.7166666666666667,0.7166666666666667,1,1
"Canela","Italy","Jan-2023",14,82.68333333333334,5.905952380952381,23,12
"Canela","Jamaica","Jan-2023",1,0.21666666666666667,0.21666666666666667,1,0
"Canela","Japan","Jan-2023",4,8.35,2.0875,8,3
"Canela","Jordan","Jan-2023",1,0,0,5,2
"Canela","Kuwait","Jan-2023",1,0.3,0.3,1,1
"Canela","Macau SAR China","Jan-2023",1,1.1333333333333333,1.1333333333333333,1,0
"Canela","Malaysia","Jan-2023",2,40.55,20.275,2,2
"Canela","Mauritius","Jan-2023",2,3.1666666666666665,1.5833333333333333,4,2
"Canela","Mexico","Jan-2023",174902,13915991.95,79.56451012567037,1232859,173962
"Canela","Morocco","Jan-2023",1,316.3666666666667,316.3666666666667,16,12
"Canela","Myanmar [Burma]","Jan-2023",1,2.2333333333333334,2.2333333333333334,1,0
"Canela","Netherlands","Jan-2023",16,53.666666666666664,3.3541666666666665,21,10
"Canela","Nicaragua","Jan-2023",712,61742.583333333336,86.71711142322097,4305,890
"Canela","Nigeria","Jan-2023",2,0.5666666666666667,0.2833333333333333,2,2
"Canela","Norway","Jan-2023",4,24.066666666666666,6.016666666666667,6,4
"Canela","Oman","Jan-2023",2,5.883333333333334,2.941666666666667,5,2
"Canela","Pakistan","Jan-2023",7,11.55,1.6500000000000001,11,5
"Canela","Panama","Jan-2023",690,78456.01666666666,113.70437198067633,4620,1883
"Canela","Paraguay","Jan-2023",308,65907.66666666667,213.98593073593076,3769,1092
"Canela","Peru","Jan-2023",3953,500939.15,126.72379205666583,26184,5733
"Canela","Poland","Jan-2023",4,62.61666666666667,15.654166666666667,5,4
"Canela","Portugal","Jan-2023",3,0.5666666666666667,0.18888888888888888,3,2
"Canela","Puerto Rico","Jan-2023",3122,407696.7833333333,130.58833546871662,31522,9956
"Canela","Qatar","Jan-2023",1,0.5166666666666667,0.5166666666666667,3,0
"Canela","Romania","Jan-2023",2,2.2666666666666666,1.1333333333333333,4,1
"Canela","Russia","Jan-2023",1,0,0,1,1
"Canela","Saint Vincent and the Grenadines","Jan-2023",1,2.033333333333333,2.033333333333333,3,1
"Canela","Serbia","Jan-2023",4,177.7,44.425,7,5
"Canela","Singapore","Jan-2023",3,2.9,0.9666666666666667,6,2
"Canela","Sint Maarten","Jan-2023",2,3.683333333333333,1.8416666666666666,5,0
"Canela","Slovenia","Jan-2023",1,149.88333333333333,149.88333333333333,58,0
"Canela","South Korea","Jan-2023",9,14.633333333333333,1.6259259259259258,30,5
"Canela","Spain","Jan-2023",503,3305.3,6.57117296222664,816,528
"Canela","Suriname","Jan-2023",1,1.5833333333333333,1.5833333333333333,2,0
"Canela","Sweden","Jan-2023",1,4.083333333333333,4.083333333333333,14,4
"Canela","Switzerland","Jan-2023",8,47.083333333333336,5.885416666666667,15,9
"Canela","Trinidad and Tobago","Jan-2023",7,149.4,21.342857142857145,9,5
"Canela","Turkey","Jan-2023",4,8.566666666666666,2.1416666666666666,7,4
"Canela","Turks and Caicos Islands","Jan-2023",1,9.266666666666667,9.266666666666667,2,1
"Canela","U.S. Virgin Islands","Jan-2023",22,2570.516666666667,116.84166666666668,188,56
"Canela","Ukraine","Jan-2023",1,0,0,1,0
"Canela","United Arab Emirates","Jan-2023",2,0.9833333333333333,0.49166666666666664,2,2
"Canela","United Kingdom","Jan-2023",20,5.433333333333334,0.27166666666666667,24,13
"Canela","United States","Jan-2023",122849,9203997.05,74.92122076695782,863036,151549
"Canela","Uruguay","Jan-2023",427,105119.9,246.18243559718968,3064,1245
"Canela","Venezuela","Jan-2023",6542,874448.6666666666,133.66687047793744,60510,13352
"Canela","Vietnam","Jan-2023",2,1.5333333333333334,0.7666666666666667,2,2
"Canela","Algeria","Jan-2024",1,142.2,142.2,3,2
"Canela","Argentina","Jan-2024",5621,1887577.5166666666,335.8081331910099,102334,27341
"Canela","Australia","Jan-2024",2,172.11666666666667,86.05833333333334,3,3
"Canela","Austria","Jan-2024",1,0,0,1,1
"Canela","Belize","Jan-2024",138,78817.08333333333,571.1382850241546,3879,1394
"Canela","Bolivia","Jan-2024",3232,899579.55,278.3352568069307,43769,11063
"Canela","Brazil","Jan-2024",1269,204897.5,161.4637509850276,9474,6267
"Canela","Bulgaria","Jan-2024",1,304.25,304.25,8,8
"Canela","Canada","Jan-2024",69,6165.9,89.36086956521739,274,143
"Canela","Chile","Jan-2024",7493,1498612.4166666667,200.00165710218428,81250,28278
"Canela","Colombia","Jan-2024",91526,23034046.1,251.66669689487142,1308280,424642
"Canela","Costa Rica","Jan-2024",2134,434849.05,203.77181349578257,27507,6337
"Canela","Croatia","Jan-2024",2,5861.016666666666,2930.508333333333,217,156
"Canela","Cuba","Jan-2024",1410,21479.916666666668,15.233983451536643,7231,1353
"Canela","Curaçao","Jan-2024",2,466.23333333333335,233.11666666666667,12,6
"Canela","Dominican Republic","Jan-2024",5796,1468638.3833333333,253.3882648953301,93582,36120
"Canela","Ecuador","Jan-2024",11927,4123595.7,345.736203571728,198576,68511
"Canela","El Salvador","Jan-2024",2478,589641.5333333333,237.95057842345977,34007,7703
"Canela","France","Jan-2024",4,250.3,62.575,15,12
"Canela","Germany","Jan-2024",9,385.03333333333336,42.781481481481485,32,31
"Canela","Guatemala","Jan-2024",3028,619669.9833333333,204.6466259357111,36023,10109
"Canela","Guyana","Jan-2024",1,10.5,10.5,1,1
"Canela","Honduras","Jan-2024",2230,550051,246.65964125560538,40024,11438
"Canela","India","Jan-2024",2,51.2,25.6,3,3
"Canela","Indonesia","Jan-2024",4,265.31666666666666,66.32916666666667,7,7
"Canela","Iran","Jan-2024",8,100.78333333333333,12.597916666666666,13,11
"Canela","Iraq","Jan-2024",1,0.1,0.1,1,1
"Canela","Ireland","Jan-2024",2,65.4,32.7,4,4
"Canela","Japan","Jan-2024",2,167.26666666666668,83.63333333333334,6,6
"Canela","Mexico","Jan-2024",169960,25556894.533333335,150.37005491488193,2037492,363451
"Canela","Netherlands","Jan-2024",3,214.23333333333332,71.41111111111111,14,9
"Canela","Nicaragua","Jan-2024",1140,188582.83333333334,165.4235380116959,12782,2867
"Canela","Pakistan","Jan-2024",1,1.3,1.3,2,2
"Canela","Panama","Jan-2024",1584,279300.0833333333,176.32581018518516,17247,7990
"Canela","Paraguay","Jan-2024",704,158250,224.7869318181818,8125,3101
"Canela","Peru","Jan-2024",12419,3024066.8333333335,243.5032477118394,130865,47195
"Canela","Philippines","Jan-2024",2,82.78333333333333,41.391666666666666,2,2
"Canela","Puerto Rico","Jan-2024",5860,1470418.3666666667,250.9246359499431,123308,49491
"Canela","Singapore","Jan-2024",1,0,0,2,1
"Canela","South Africa","Jan-2024",2,128.9,64.45,5,5
"Canela","Spain","Jan-2024",10,1075.4166666666667,107.54166666666667,66,56
"Canela","Sweden","Jan-2024",1,39.9,39.9,2,2
"Canela","Thailand","Jan-2024",1,239.75,239.75,7,7
"Canela","Turkey","Jan-2024",2,142.8,71.4,10,10
"Canela","U.S. Virgin Islands","Jan-2024",41,14162.55,345.4280487804878,1290,400
"Canela","United Kingdom","Jan-2024",3,69.75,23.25,6,6
"Canela","United States","Jan-2024",125395,22975762.083333332,183.2270990337201,1958424,358755
"Canela","Uruguay","Jan-2024",921,196626.25,213.49212812160695,11392,3996
"Canela","Venezuela","Jan-2024",13348,3828200.933333333,286.7995904505044,239425,63677
"Canela","Algeria","Jul-2023",6,30.4,5.066666666666666,11,11
"Canela","Angola","Jul-2023",2,4.566666666666666,2.283333333333333,3,2
"Canela","Argentina","Jul-2023",2862,525324.2,183.5514325646401,38448,7738
"Canela","Austria","Jul-2023",1,0.25,0.25,2,0
"Canela","Belize","Jul-2023",111,27116.533333333333,244.2930930930931,1836,625
"Canela","Bolivia","Jul-2023",1416,229822.88333333333,162.3042961393597,14856,3039
"Canela","Brazil","Jul-2023",666,52563.73333333333,78.92452452452451,3444,1780
"Canela","Bulgaria","Jul-2023",1,0,0,1,0
"Canela","Canada","Jul-2023",94,1038.6666666666667,11.049645390070923,193,82
"Canela","Chile","Jul-2023",3926,811053.75,206.58526490066225,57253,11585
"Canela","China","Jul-2023",1,74.31666666666666,74.31666666666666,7,7
"Canela","Colombia","Jul-2023",82889,13350273.2,161.06206131090977,1093137,273994
"Canela","Congo - Brazzaville","Jul-2023",2,34.86666666666667,17.433333333333334,6,5
"Canela","Costa Rica","Jul-2023",1421,168638.45,118.67589725545392,16041,1941
"Canela","Cuba","Jul-2023",1292,22258.516666666666,17.22795407636739,5790,1486
"Canela","Côte d’Ivoire","Jul-2023",1,0.15,0.15,1,1
"Canela","Denmark","Jul-2023",1,20.733333333333334,20.733333333333334,2,2
"Canela","Dominican Republic","Jul-2023",3344,594625.55,177.81864533492825,50887,19576
"Canela","Ecuador","Jul-2023",5332,1091579.3666666667,204.722311827957,77170,18839
"Canela","Egypt","Jul-2023",4,1.5,0.375,9,9
"Canela","El Salvador","Jul-2023",1319,182603.08333333334,138.44054839524892,14447,2491
"Canela","Finland","Jul-2023",3,1.1,0.3666666666666667,3,1
"Canela","France","Jul-2023",15,67.88333333333334,4.525555555555556,30,29
"Canela","Gabon","Jul-2023",1,2.716666666666667,2.716666666666667,1,1
"Canela","Germany","Jul-2023",9,3.8,0.4222222222222222,11,9
"Canela","Guatemala","Jul-2023",1952,187383.6,95.99569672131148,15575,2596
"Canela","Guyana","Jul-2023",3,1.0166666666666666,0.33888888888888885,3,2
"Canela","Haiti","Jul-2023",21,14.216666666666667,0.676984126984127,25,18
"Canela","Honduras","Jul-2023",1094,153102.15,139.94712065813528,13817,3657
"Canela","India","Jul-2023",2,134.41666666666666,67.20833333333333,6,6
"Canela","Indonesia","Jul-2023",1,0,0,1,1
"Canela","Iran","Jul-2023",34,95.93333333333334,2.8215686274509806,55,53
"Canela","Iraq","Jul-2023",1,0.06666666666666667,0.06666666666666667,1,1
"Canela","Italy","Jul-2023",1,0.05,0.05,1,1
"Canela","Jamaica","Jul-2023",2,27.116666666666667,13.558333333333334,4,4
"Canela","Japan","Jul-2023",1,0,0,1,1
"Canela","Madagascar","Jul-2023",1,0.16666666666666666,0.16666666666666666,1,1
"Canela","Mali","Jul-2023",2,0.48333333333333334,0.24166666666666667,3,2
"Canela","Mauritius","Jul-2023",1,6.766666666666667,6.766666666666667,4,4
"Canela","Mexico","Jul-2023",158716,14254839.216666667,89.81349842905988,1535834,219002
"Canela","Morocco","Jul-2023",5,15.933333333333334,3.1866666666666665,5,5
"Canela","Netherlands","Jul-2023",4,15.75,3.9375,6,6
"Canela","Nicaragua","Jul-2023",638,58299.13333333333,91.37795193312435,5775,1083
"Canela","Panama","Jul-2023",862,84187.46666666666,97.66527455529776,8118,1722
"Canela","Paraguay","Jul-2023",486,75504.7,155.35946502057612,4919,1389
"Canela","Peru","Jul-2023",3616,531555.6,147.00099557522122,38016,8372
"Canela","Philippines","Jul-2023",1,0.7166666666666667,0.7166666666666667,1,1
"Canela","Poland","Jul-2023",1,11.333333333333334,11.333333333333334,1,1
"Canela","Puerto Rico","Jul-2023",3254,495756.13333333336,152.35283753329236,52219,19258
"Canela","Saudi Arabia","Jul-2023",1,249.86666666666667,249.86666666666667,21,21
"Canela","Serbia","Jul-2023",1,1.1,1.1,1,1
"Canela","Singapore","Jul-2023",1,3.25,3.25,2,2
"Canela","Spain","Jul-2023",7,310.98333333333335,44.42619047619048,17,13
"Canela","Suriname","Jul-2023",1,0.7,0.7,2,0
"Canela","Tanzania","Jul-2023",1,0.5,0.5,2,2
"Canela","U.S. Virgin Islands","Jul-2023",27,904.45,33.49814814814815,159,63
"Canela","United Kingdom","Jul-2023",8,120.03333333333333,15.004166666666666,12,12
"Canela","United States","Jul-2023",108463,9042470.116666667,83.36916844146545,1026658,162422
"Canela","Uruguay","Jul-2023",733,114266.73333333334,155.88913142337427,7021,1917
"Canela","Venezuela","Jul-2023",8448,1398447.7666666666,165.53595722853535,136681,26488
"Canela","Algeria","Jul-2024",2,1.45,0.725,3,3
"Canela","Angola","Jul-2024",2,8.716666666666667,4.358333333333333,2,2
"Canela","Argentina","Jul-2024",12681,3901497.5166666666,307.6648148148148,166617,61415
"Canela","Australia","Jul-2024",6,11.733333333333333,1.9555555555555555,10,10
"Canela","Austria","Jul-2024",1,40.78333333333333,40.78333333333333,2,2
"Canela","Belize","Jul-2024",137,44339.01666666667,323.6424574209246,2453,1018
"Canela","Bolivia","Jul-2024",5797,1560274.75,269.15210453682937,68533,22728
"Canela","Brazil","Jul-2024",1124,248543.41666666666,221.12403618030842,13281,7608
"Canela","Canada","Jul-2024",131,3990.2,30.459541984732823,379,204
"Canela","Chile","Jul-2024",10104,2273303.7333333334,224.99047242016363,101323,36817
"Canela","Colombia","Jul-2024",142861,19341114.35,135.3841450780829,1350318,318904
"Canela","Congo - Kinshasa","Jul-2024",1,0,0,3,3
"Canela","Costa Rica","Jul-2024",2109,582987.2666666667,276.4282914493441,28470,7613
"Canela","Croatia","Jul-2024",2,1250.2166666666667,625.1083333333333,59,50
"Canela","Cuba","Jul-2024",1083,12728.7,11.753185595567867,5029,1053
"Canela","Czech Republic","Jul-2024",1,0,0,1,1
"Canela","Dominican Republic","Jul-2024",7074,1853142.4666666666,261.96529073602863,99936,41184
"Canela","Ecuador","Jul-2024",13043,3949260.75,302.7877597178563,173328,64431
"Canela","El Salvador","Jul-2024",2474,687666,277.9571544058205,34338,10434
"Canela","France","Jul-2024",7,263.93333333333334,37.7047619047619,11,10
"Canela","Germany","Jul-2024",8,29.066666666666666,3.6333333333333333,18,16
"Canela","Guatemala","Jul-2024",4111,729672.1833333333,177.49262547636422,39601,12507
"Canela","Guyana","Jul-2024",3,1.6,0.5333333333333333,9,5
"Canela","Honduras","Jul-2024",2320,476974.1666666667,205.5923132183908,29560,9602
"Canela","Hong Kong","Jul-2024",1,44.31666666666667,44.31666666666667,1,1
"Canela","India","Jul-2024",3,847.7,282.56666666666666,23,1
"Canela","Indonesia","Jul-2024",1,7.366666666666666,7.366666666666666,1,1
"Canela","Iran","Jul-2024",19,178.9,9.41578947368421,34,33
"Canela","Iraq","Jul-2024",4,33.63333333333333,8.408333333333333,6,5
"Canela","Japan","Jul-2024",1,6.333333333333333,6.333333333333333,2,1
"Canela","Jordan","Jul-2024",1,0,0,1,1
"Canela","Kazakhstan","Jul-2024",1,0,0,1,1
"Canela","Kuwait","Jul-2024",1,1.2333333333333334,1.2333333333333334,1,1
"Canela","Mexico","Jul-2024",205737,27176757.6,132.0946528820776,2138186,365510
"Canela","Morocco","Jul-2024",3,2.95,0.9833333333333334,3,2
"Canela","Mozambique","Jul-2024",1,0,0,2,2
"Canela","Netherlands","Jul-2024",4,20.6,5.15,6,6
"Canela","Nicaragua","Jul-2024",1512,279186.35,184.64705687830687,16532,4847
"Canela","Panama","Jul-2024",3269,871039.4666666667,266.4544101152238,32761,19609
"Canela","Paraguay","Jul-2024",1103,274727.2,249.07271078875795,11574,4673
"Canela","Peru","Jul-2024",44554,7885957.5,176.99774431027518,420827,116771
"Canela","Portugal","Jul-2024",2,27.866666666666667,13.933333333333334,2,2
"Canela","Puerto Rico","Jul-2024",5383,1186139.7333333334,220.34919809276118,92307,36494
"Canela","Romania","Jul-2024",1,0.13333333333333333,0.13333333333333333,1,1
"Canela","Russia","Jul-2024",3,15.633333333333333,5.211111111111111,4,3
"Canela","Saudi Arabia","Jul-2024",1,2.566666666666667,2.566666666666667,3,3
"Canela","Sint Maarten","Jul-2024",1,149.15,149.15,7,7
"Canela","South Africa","Jul-2024",1,0,0,2,2
"Canela","Spain","Jul-2024",11,290.8666666666667,26.44242424242424,17,14
"Canela","Switzerland","Jul-2024",1,28.933333333333334,28.933333333333334,1,1
"Canela","Togo","Jul-2024",1,0.36666666666666664,0.36666666666666664,1,1
"Canela","Trinidad and Tobago","Jul-2024",1,8.016666666666667,8.016666666666667,1,1
"Canela","Turkey","Jul-2024",1,1.8333333333333333,1.8333333333333333,3,2
"Canela","U.S. Virgin Islands","Jul-2024",36,12453.766666666666,345.93796296296296,808,379
"Canela","United Kingdom","Jul-2024",9,514.9,57.21111111111111,25,25
"Canela","United States","Jul-2024",123171,13992015.95,113.59829789479666,1396374,239662
"Canela","Uruguay","Jul-2024",1275,177643.06666666668,139.3278954248366,7825,3357
"Canela","Venezuela","Jul-2024",18341,5538332.333333333,301.9645784490122,314333,93403
"Canela","Algeria","Jun-2023",9,10.883333333333333,1.2092592592592593,11,10
"Canela","Argentina","Jun-2023",3312,766606.8166666667,231.46341082930758,54375,11608
"Canela","Australia","Jun-2023",3,4.5,1.5,11,11
"Canela","Belize","Jun-2023",105,30855.8,293.8647619047619,2373,763
"Canela","Bolivia","Jun-2023",1733,230890.1,133.23144835545298,14456,2759
"Canela","Brazil","Jun-2023",546,38474.98333333333,70.46700244200244,2968,1672
"Canela","Bulgaria","Jun-2023",1,44.233333333333334,44.233333333333334,1,1
"Canela","Canada","Jun-2023",64,2016.4666666666667,31.507291666666667,232,113
"Canela","Chile","Jun-2023",4346,911286.05,209.6838587206627,64635,13292
"Canela","China","Jun-2023",1,72.43333333333334,72.43333333333334,7,6
"Canela","Colombia","Jun-2023",93420,16680111.116666667,178.54968011846142,1260265,312730
"Canela","Costa Rica","Jun-2023",1332,236171.93333333332,177.30625625625623,17376,3460
"Canela","Cuba","Jun-2023",1467,33501.75,22.836912065439673,7711,1925
"Canela","Curaçao","Jun-2023",1,5.083333333333333,5.083333333333333,1,1
"Canela","Côte d’Ivoire","Jun-2023",1,0.5666666666666667,0.5666666666666667,4,2
"Canela","Dominican Republic","Jun-2023",3378,720278.6166666667,213.22635188474445,49266,18023
"Canela","Ecuador","Jun-2023",6010,1463081.5166666666,243.44118413754853,90922,24224
"Canela","El Salvador","Jun-2023",1399,235625.25,168.42405289492496,16983,2697
"Canela","France","Jun-2023",3,7.516666666666667,2.5055555555555555,6,5
"Canela","Germany","Jun-2023",4,52.6,13.15,5,4
"Canela","Greece","Jun-2023",1,92.3,92.3,2,2
"Canela","Guatemala","Jun-2023",1686,186340.68333333332,110.52235073151442,14450,2805
"Canela","Guyana","Jun-2023",5,2.066666666666667,0.4133333333333334,7,5
"Canela","Haiti","Jun-2023",24,23.15,0.9645833333333332,28,18
"Canela","Honduras","Jun-2023",1100,196798.11666666667,178.9073787878788,15600,3857
"Canela","India","Jun-2023",1,0,0,1,1
"Canela","Indonesia","Jun-2023",3,133.58333333333334,44.52777777777778,3,3
"Canela","Iran","Jun-2023",7,2.8,0.39999999999999997,10,10
"Canela","Iraq","Jun-2023",3,1.9,0.6333333333333333,5,5
"Canela","Italy","Jun-2023",1,0,0,1,1
"Canela","Jamaica","Jun-2023",1,0.5833333333333334,0.5833333333333334,1,1
"Canela","Japan","Jun-2023",1,23.7,23.7,3,3
"Canela","Jordan","Jun-2023",1,1.5666666666666667,1.5666666666666667,1,1
"Canela","Lebanon","Jun-2023",1,0.8333333333333334,0.8333333333333334,1,1
"Canela","Malawi","Jun-2023",1,0.06666666666666667,0.06666666666666667,5,1
"Canela","Mauritius","Jun-2023",1,11.7,11.7,3,3
"Canela","Mexico","Jun-2023",155013,17540786.6,113.15687458471226,1656709,252221
"Canela","Morocco","Jun-2023",3,7.633333333333334,2.5444444444444447,3,3
"Canela","Netherlands","Jun-2023",4,85.55,21.3875,6,6
"Canela","Nicaragua","Jun-2023",687,79904.53333333334,116.3093643862203,6991,1897
"Canela","Palestinian Territories","Jun-2023",6,29.066666666666666,4.844444444444444,14,5
"Canela","Panama","Jun-2023",652,97352.93333333333,149.31431492842535,6115,1332
"Canela","Paraguay","Jun-2023",427,66236.91666666667,155.12158469945356,3733,586
"Canela","Peru","Jun-2023",4386,675290.4833333333,153.96499848001216,43594,9160
"Canela","Poland","Jun-2023",1,0.06666666666666667,0.06666666666666667,1,1
"Canela","Puerto Rico","Jun-2023",2845,395404.68333333335,138.98231400117166,35917,11595
"Canela","Saudi Arabia","Jun-2023",1,0,0,2,2
"Canela","Singapore","Jun-2023",1,0,0,1,1
"Canela","Somalia","Jun-2023",1,1.1166666666666667,1.1166666666666667,2,2
"Canela","Spain","Jun-2023",6,144.53333333333333,24.08888888888889,9,8
"Canela","Suriname","Jun-2023",1,0.7,0.7,2,0
"Canela","Switzerland","Jun-2023",1,0,0,1,1
"Canela","Togo","Jun-2023",2,3.4,1.7,2,2
"Canela","U.S. Virgin Islands","Jun-2023",26,8579.583333333334,329.98397435897436,421,135
"Canela","United Kingdom","Jun-2023",5,50.35,10.07,18,18
"Canela","United States","Jun-2023",100460,8188848.616666666,81.51352395646691,835365,135347
"Canela","Uruguay","Jun-2023",609,116065.48333333334,190.5837164750958,6702,1873
"Canela","Venezuela","Jun-2023",9005,1627049.4833333334,180.68289653895985,147492,30265
"Canela","Algeria","Jun-2024",4,2.15,0.5375,4,4
"Canela","Argentina","Jun-2024",11551,3815660.3,330.33159899575793,162824,57665
"Canela","Austria","Jun-2024",1,152.61666666666667,152.61666666666667,6,5
"Canela","Bangladesh","Jun-2024",1,1.9833333333333334,1.9833333333333334,2,2
"Canela","Belize","Jun-2024",129,61165.28333333333,474.14948320413436,3410,1378
"Canela","Bolivia","Jun-2024",5171,1346460.9166666667,260.386949655128,52644,19488
"Canela","Brazil","Jun-2024",880,165934.03333333333,188.56140151515152,7758,4457
"Canela","Burkina Faso","Jun-2024",1,0,0,1,1
"Canela","Cameroon","Jun-2024",1,0,0,1,1
"Canela","Canada","Jun-2024",102,3574.266666666667,35.04183006535948,240,147
"Canela","Cape Verde","Jun-2024",1,182.43333333333334,182.43333333333334,3,2
"Canela","Chad","Jun-2024",2,22.883333333333333,11.441666666666666,8,8
"Canela","Chile","Jun-2024",10083,2142451.816666667,212.4815845151906,98938,34148
"Canela","Colombia","Jun-2024",139808,21251920.833333332,152.00790250438695,1425011,336017
"Canela","Congo - Brazzaville","Jun-2024",2,1.4333333333333333,0.7166666666666667,2,2
"Canela","Costa Rica","Jun-2024",1978,494844.8333333333,250.17433434445567,27062,6834
"Canela","Croatia","Jun-2024",1,4348.583333333333,4348.583333333333,144,108
"Canela","Cuba","Jun-2024",1099,18422.566666666666,16.763026994237183,5614,1278
"Canela","Czech Republic","Jun-2024",1,48.516666666666666,48.516666666666666,1,1
"Canela","Dominican Republic","Jun-2024",7538,1759749.5666666667,233.45045989210223,100561,41563
"Canela","Ecuador","Jun-2024",12242,3927621.1,320.83165332462016,168416,64197
"Canela","Egypt","Jun-2024",1,1.85,1.85,3,3
"Canela","El Salvador","Jun-2024",2600,797869.45,306.87286538461535,39822,11136
"Canela","Finland","Jun-2024",1,0.5166666666666667,0.5166666666666667,1,0
"Canela","France","Jun-2024",3,221,73.66666666666667,5,5
"Canela","Gabon","Jun-2024",1,46.083333333333336,46.083333333333336,1,1
"Canela","Germany","Jun-2024",16,91.91666666666667,5.744791666666667,23,22
"Canela","Ghana","Jun-2024",2,0.75,0.375,2,1
"Canela","Guatemala","Jun-2024",4120,766878.5166666667,186.13556229773465,39678,13383
"Canela","Guyana","Jun-2024",4,3.0833333333333335,0.7708333333333334,4,2
"Canela","Haiti","Jun-2024",1,0.5,0.5,3,3
"Canela","Honduras","Jun-2024",2401,518053.11666666664,215.76556295987783,29082,10741
"Canela","India","Jun-2024",1,74.96666666666667,74.96666666666667,2,2
"Canela","Indonesia","Jun-2024",1,8,8,1,1
"Canela","Iran","Jun-2024",61,520.6333333333333,8.53497267759563,142,140
"Canela","Iraq","Jun-2024",1,1.4833333333333334,1.4833333333333334,1,1
"Canela","Ireland","Jun-2024",1,0.3,0.3,1,1
"Canela","Italy","Jun-2024",1,0,0,3,3
"Canela","Japan","Jun-2024",1,89.25,89.25,3,3
"Canela","Mexico","Jun-2024",174344,26104874.066666666,149.7319900120834,1985559,351359
"Canela","Moldova","Jun-2024",1,0.35,0.35,2,1
"Canela","Netherlands","Jun-2024",5,169.93333333333334,33.986666666666665,8,8
"Canela","Nicaragua","Jun-2024",1184,241468.91666666666,203.94334177927928,13742,3346
"Canela","Pakistan","Jun-2024",1,30,30,2,2
"Canela","Panama","Jun-2024",1956,563353.0333333333,288.01279822767555,20177,10508
"Canela","Papua New Guinea","Jun-2024",1,23.883333333333333,23.883333333333333,1,1
"Canela","Paraguay","Jun-2024",1066,274165.2,257.1906191369606,11026,5444
"Canela","Peru","Jun-2024",50899,7639727.2,150.09582113597517,403993,112145
"Canela","Puerto Rico","Jun-2024",4961,900914.0833333334,181.5992911375395,76702,29600
"Canela","Russia","Jun-2024",2,38.85,19.425,3,3
"Canela","Saudi Arabia","Jun-2024",1,40.56666666666667,40.56666666666667,1,1
"Canela","Senegal","Jun-2024",1,0,0,1,1
"Canela","Serbia","Jun-2024",1,0.26666666666666666,0.26666666666666666,2,1
"Canela","Singapore","Jun-2024",2,0,0,5,5
"Canela","Sint Maarten","Jun-2024",1,0,0,2,2
"Canela","South Korea","Jun-2024",1,33.35,33.35,5,2
"Canela","Spain","Jun-2024",25,2149.1666666666665,85.96666666666665,161,63
"Canela","Sri Lanka","Jun-2024",1,126.5,126.5,4,2
"Canela","Suriname","Jun-2024",1,0.05,0.05,1,1
"Canela","Sweden","Jun-2024",3,84.96666666666667,28.322222222222223,4,4
"Canela","Togo","Jun-2024",2,11.5,5.75,3,3
"Canela","Turkey","Jun-2024",1,0.15,0.15,2,2
"Canela","U.S. Virgin Islands","Jun-2024",39,6481.083333333333,166.18162393162393,439,162
"Canela","United Arab Emirates","Jun-2024",3,74.48333333333333,24.82777777777778,3,3
"Canela","United Kingdom","Jun-2024",1,56.95,56.95,1,1
"Canela","United States","Jun-2024",126544,15087565.6,119.22782273359464,1356089,247556
"Canela","Uruguay","Jun-2024",1253,200477.76666666666,159.99821761106676,8643,3171
"Canela","Venezuela","Jun-2024",19741,5204373.166666667,263.6327018219273,304082,90282
"Canela","Algeria","Mar-2023",1,0.8,0.8,3,0
"Canela","Argentina","Mar-2023",2917,414351.35,142.04708604730888,34886,6827
"Canela","Belize","Mar-2023",97,20789.55,214.32525773195874,1669,558
"Canela","Bolivia","Mar-2023",1381,110087.3,79.71564083997104,9083,1887
"Canela","Brazil","Mar-2023",416,39817.6,95.71538461538461,3492,1527
"Canela","Canada","Mar-2023",45,1926.9833333333333,42.821851851851854,286,97
"Canela","Chile","Mar-2023",3544,472141.86666666664,133.22287434161024,32439,7285
"Canela","China","Mar-2023",1,0.38333333333333336,0.38333333333333336,2,1
"Canela","Colombia","Mar-2023",87559,9117912.533333333,104.13449826212421,873204,176266
"Canela","Costa Rica","Mar-2023",1321,180433.46666666667,136.58854403229876,12596,2401
"Canela","Cuba","Mar-2023",925,6386.6,6.904432432432433,3469,830
"Canela","Curaçao","Mar-2023",1,455.56666666666666,455.56666666666666,21,16
"Canela","Dominican Republic","Mar-2023",3180,479732.25,150.85919811320755,37462,13067
"Canela","Ecuador","Mar-2023",5861,839685.2666666667,143.26655292043452,61359,14892
"Canela","El Salvador","Mar-2023",1273,138669.35,108.93114689709348,11116,1632
"Canela","Estonia","Mar-2023",1,0.21666666666666667,0.21666666666666667,2,2
"Canela","Ethiopia","Mar-2023",1,31,31,2,2
"Canela","French Guiana","Mar-2023",1,91.46666666666667,91.46666666666667,6,4
"Canela","Georgia","Mar-2023",1,35.333333333333336,35.333333333333336,2,1
"Canela","Germany","Mar-2023",3,23.066666666666666,7.688888888888889,5,5
"Canela","Guatemala","Mar-2023",1448,112784.86666666667,77.89010128913444,9135,1681
"Canela","Haiti","Mar-2023",48,28.816666666666666,0.6003472222222223,59,43
"Canela","Honduras","Mar-2023",1027,124931.68333333333,121.64720869847453,11664,2616
"Canela","Indonesia","Mar-2023",1,1.6666666666666667,1.6666666666666667,1,1
"Canela","Iran","Mar-2023",1,0,0,5,5
"Canela","Martinique","Mar-2023",1,138.51666666666668,138.51666666666668,8,6
"Canela","Mexico","Mar-2023",176427,14003573.183333334,79.3731865492999,1406607,208457
"Canela","Nicaragua","Mar-2023",487,50593.5,103.88809034907598,4354,638
"Canela","Pakistan","Mar-2023",2,2.783333333333333,1.3916666666666666,2,1
"Canela","Palestinian Territories","Mar-2023",4,11.266666666666667,2.816666666666667,9,5
"Canela","Panama","Mar-2023",473,37278.46666666667,78.81282593375617,2998,804
"Canela","Paraguay","Mar-2023",289,29660.033333333333,102.62987312572088,2574,453
"Canela","Peru","Mar-2023",3471,341175.9,98.2932584269663,24260,4926
"Canela","Poland","Mar-2023",1,0.43333333333333335,0.43333333333333335,1,1
"Canela","Puerto Rico","Mar-2023",2745,379157.95,138.12675774134792,33857,10757
"Canela","Russia","Mar-2023",4,58.81666666666667,14.704166666666667,8,5
"Canela","Somalia","Mar-2023",1,0,0,1,1
"Canela","Spain","Mar-2023",10,575.3833333333333,57.538333333333334,29,29
"Canela","Trinidad and Tobago","Mar-2023",1,0.18333333333333332,0.18333333333333332,1,1
"Canela","U.S. Virgin Islands","Mar-2023",22,1039.4333333333334,47.2469696969697,125,44
"Canela","United Kingdom","Mar-2023",3,78,26,6,6
"Canela","United States","Mar-2023",120262,8664147.1,72.04392991967538,830534,134480
"Canela","Uruguay","Mar-2023",485,73697.26666666666,151.9531271477663,4699,1456
"Canela","Venezuela","Mar-2023",6968,779649.1666666666,111.88994929200153,70659,13980
"Canela","Andorra","Mar-2024",1,25.133333333333333,25.133333333333333,2,2
"Canela","Argentina","Mar-2024",7166,2186210.1166666667,305.0809540422365,107599,32439
"Canela","Bangladesh","Mar-2024",1,8.066666666666666,8.066666666666666,1,1
"Canela","Belize","Mar-2024",108,46522.066666666666,430.7598765432099,2827,1172
"Canela","Bolivia","Mar-2024",3312,925685.9666666667,279.49455515297905,40047,13808
"Canela","Brazil","Mar-2024",938,161829.25,172.52585287846483,6122,3871
"Canela","Canada","Mar-2024",52,1992.6166666666666,38.31955128205128,282,85
"Canela","Chile","Mar-2024",7389,1503395.4666666666,203.46399603013487,74601,26472
"Canela","Colombia","Mar-2024",84058,17412906.783333335,207.15347478328457,1089488,291061
"Canela","Costa Rica","Mar-2024",1938,423342.6,218.44303405572754,22997,4787
"Canela","Croatia","Mar-2024",2,1730.0333333333333,865.0166666666667,56,43
"Canela","Cuba","Mar-2024",887,12212.85,13.768714768883878,4165,1065
"Canela","Cyprus","Mar-2024",1,3.05,3.05,11,11
"Canela","Dominican Republic","Mar-2024",5740,1489213.4333333333,259.4448490127758,86611,33808
"Canela","Ecuador","Mar-2024",9965,3142977.6,315.40166583040644,149275,48541
"Canela","El Salvador","Mar-2024",2110,518718.36666666664,245.8380884676145,32601,7375
"Canela","Equatorial Guinea","Mar-2024",2,485.6333333333333,242.81666666666666,11,5
"Canela","France","Mar-2024",1,159.93333333333334,159.93333333333334,4,4
"Canela","French Guiana","Mar-2024",1,16.766666666666666,16.766666666666666,8,3
"Canela","Germany","Mar-2024",5,70.21666666666667,14.043333333333333,6,6
"Canela","Guatemala","Mar-2024",2410,461551.01666666666,191.51494467496542,28676,7706
"Canela","Honduras","Mar-2024",1741,370857.85,213.01427340608845,24558,7879
"Canela","Hong Kong","Mar-2024",2,100.16666666666667,50.083333333333336,4,4
"Canela","India","Mar-2024",3,0.4166666666666667,0.1388888888888889,3,3
"Canela","Indonesia","Mar-2024",1,36.78333333333333,36.78333333333333,1,1
"Canela","Iran","Mar-2024",5,54.983333333333334,10.996666666666666,7,7
"Canela","Italy","Mar-2024",1,10.483333333333333,10.483333333333333,2,2
"Canela","Japan","Mar-2024",2,3.15,1.575,3,3
"Canela","Mexico","Mar-2024",152368,19684456.5,129.1902269505408,1745371,271864
"Canela","Netherlands","Mar-2024",5,158.61666666666667,31.723333333333336,11,11
"Canela","Nicaragua","Mar-2024",991,172692.13333333333,174.26047763202152,13005,2892
"Canela","Pakistan","Mar-2024",1,133.5,133.5,9,1
"Canela","Panama","Mar-2024",1345,342312.1,254.50713754646839,14564,7378
"Canela","Paraguay","Mar-2024",709,168636.31666666668,237.8509402914904,8449,3541
"Canela","Peru","Mar-2024",13084,3520377.35,269.0597179761541,136307,57372
"Canela","Puerto Rico","Mar-2024",5947,1203371.6833333333,202.3493666274312,100233,39095
"Canela","Russia","Mar-2024",2,16.066666666666666,8.033333333333333,3,2
"Canela","Singapore","Mar-2024",2,21.8,10.9,2,2
"Canela","South Korea","Mar-2024",1,0,0,2,2
"Canela","Spain","Mar-2024",19,2273.8333333333335,119.67543859649123,114,80
"Canela","Switzerland","Mar-2024",2,267.73333333333335,133.86666666666667,6,5
"Canela","Trinidad and Tobago","Mar-2024",2,90.55,45.275,2,2
"Canela","Turkey","Mar-2024",2,191.63333333333333,95.81666666666666,5,5
"Canela","U.S. Virgin Islands","Mar-2024",37,19184.283333333333,518.4941441441441,1019,491
"Canela","United Arab Emirates","Mar-2024",1,46.7,46.7,1,1
"Canela","United Kingdom","Mar-2024",1,3.1166666666666667,3.1166666666666667,1,1
"Canela","United States","Mar-2024",103820,15179850.933333334,146.213166377705,1429302,258753
"Canela","Uruguay","Mar-2024",834,195858.08333333334,234.841826538769,8602,3258
"Canela","Venezuela","Mar-2024",11783,3294939.4833333334,279.63502362160176,207070,49424
"Canela","Algeria","May-2023",1,0.6833333333333333,0.6833333333333333,2,2
"Canela","Angola","May-2023",2,1.6,0.8,3,2
"Canela","Argentina","May-2023",3689,703698.9333333333,190.75601337309118,50172,10405
"Canela","Australia","May-2023",3,200.75,66.91666666666667,15,15
"Canela","Belize","May-2023",109,20008.133333333335,183.56085626911317,1436,613
"Canela","Bolivia","May-2023",1710,171841.9,100.49233918128655,12578,2501
"Canela","Bosnia and Herzegovina","May-2023",1,55.983333333333334,55.983333333333334,1,1
"Canela","Brazil","May-2023",537,34782.03333333333,64.77101179391683,2865,1544
"Canela","Bulgaria","May-2023",1,20.266666666666666,20.266666666666666,2,1
"Canela","Canada","May-2023",64,1463.0666666666666,22.860416666666666,167,71
"Canela","Chile","May-2023",4384,827173.3166666667,188.68004486009733,60222,13092
"Canela","China","May-2023",1,51.65,51.65,1,1
"Canela","Colombia","May-2023",86967,12653964.016666668,145.5030530737713,1017715,243000
"Canela","Costa Rica","May-2023",1376,181139.76666666666,131.6422722868217,13607,2457
"Canela","Cuba","May-2023",1443,19933.916666666668,13.814218064218066,6261,1322
"Canela","Curaçao","May-2023",1,35.45,35.45,1,0
"Canela","Czech Republic","May-2023",1,0.9,0.9,2,2
"Canela","Dominican Republic","May-2023",3199,567314.7,177.34126289465456,44111,15775
"Canela","Ecuador","May-2023",6284,1231822.8666666667,196.02528113727988,85763,19483
"Canela","El Salvador","May-2023",1353,218996.15,161.85968218773095,14742,2380
"Canela","Finland","May-2023",1,0.05,0.05,1,1
"Canela","France","May-2023",1,21.3,21.3,3,3
"Canela","Germany","May-2023",3,105.36666666666666,35.12222222222222,5,5
"Canela","Guatemala","May-2023",1672,147866.06666666668,88.4366427432217,11436,2282
"Canela","Guyana","May-2023",3,1.2,0.39999999999999997,3,1
"Canela","Haiti","May-2023",34,25.833333333333332,0.7598039215686274,44,39
"Canela","Honduras","May-2023",1115,166581.56666666668,149.40050822122572,14429,3295
"Canela","India","May-2023",1,7.133333333333334,7.133333333333334,1,1
"Canela","Iran","May-2023",3,23.116666666666667,7.705555555555556,7,7
"Canela","Japan","May-2023",1,0,0,2,2
"Canela","Lithuania","May-2023",1,14.3,14.3,1,1
"Canela","Mexico","May-2023",134565,15765002.016666668,117.1552931049431,1466148,227561
"Canela","Morocco","May-2023",1,0.05,0.05,1,1
"Canela","Netherlands","May-2023",5,100.15,20.03,9,9
"Canela","Nicaragua","May-2023",640,46164.433333333334,72.13192708333334,5179,933
"Canela","Pakistan","May-2023",1,3.3333333333333335,3.3333333333333335,5,1
"Canela","Palestinian Territories","May-2023",5,8.766666666666667,1.7533333333333334,15,8
"Canela","Panama","May-2023",507,66131.11666666667,130.43612754766602,4824,907
"Canela","Paraguay","May-2023",389,50836.63333333333,130.6854327335047,4730,1137
"Canela","Peru","May-2023",4371,535145.5166666667,122.43091207198964,36535,7547
"Canela","Puerto Rico","May-2023",2799,428596.9166666667,153.1250148862689,40814,14082
"Canela","South Korea","May-2023",1,37.233333333333334,37.233333333333334,2,2
"Canela","Spain","May-2023",9,178.11666666666667,19.79074074074074,25,18
"Canela","Togo","May-2023",1,24.633333333333333,24.633333333333333,2,2
"Canela","Trinidad and Tobago","May-2023",1,0,0,1,0
"Canela","Tunisia","May-2023",2,0.5166666666666667,0.25833333333333336,3,3
"Canela","U.S. Virgin Islands","May-2023",23,5802.716666666666,252.29202898550722,434,159
"Canela","United Kingdom","May-2023",4,27.633333333333333,6.908333333333333,7,7
"Canela","United States","May-2023",104040,8646722.55,83.10959775086506,911266,140989
"Canela","Uruguay","May-2023",605,96806.06666666667,160.01002754820937,5686,1573
"Canela","Venezuela","May-2023",8431,1323846.8,157.0213260585933,122301,25503
"Canela","Yemen","May-2023",1,13.65,13.65,3,3
"Canela","Albania","May-2024",1,0.65,0.65,1,1
"Canela","Algeria","May-2024",6,73.98333333333333,12.330555555555556,9,8
"Canela","Angola","May-2024",4,10.766666666666667,2.691666666666667,10,7
"Canela","Argentina","May-2024",11617,4102992.65,353.1886588620126,175617,62988
"Canela","Australia","May-2024",2,46.766666666666666,23.383333333333333,2,2
"Canela","Belize","May-2024",119,36136.9,303.6714285714286,1978,857
"Canela","Bolivia","May-2024",4547,1336304.85,293.88714537057405,49609,18717
"Canela","Brazil","May-2024",959,148005.66666666666,154.33333333333331,6105,3607
"Canela","Canada","May-2024",174,1241.0333333333333,7.1323754789272025,359,159
"Canela","Cayman Islands","May-2024",1,118.86666666666666,118.86666666666666,3,3
"Canela","Chad","May-2024",1,0,0,6,6
"Canela","Chile","May-2024",8658,2033087.9,234.82188727188725,92492,32874
"Canela","Colombia","May-2024",104218,19925206.916666668,191.1877690674036,1224959,323516
"Canela","Costa Rica","May-2024",2100,518426.75,246.86988095238095,27105,7443
"Canela","Croatia","May-2024",1,4880.266666666666,4880.266666666666,134,84
"Canela","Cuba","May-2024",1173,14386.6,12.264791133844843,5800,1377
"Canela","Curaçao","May-2024",1,395.55,395.55,15,14
"Canela","Czech Republic","May-2024",1,43.53333333333333,43.53333333333333,1,1
"Canela","Côte d’Ivoire","May-2024",3,21.483333333333334,7.161111111111111,6,6
"Canela","Dominican Republic","May-2024",7270,1738403.7833333334,239.12019027968825,99247,40550
"Canela","Ecuador","May-2024",12558,4058079.683333333,323.146972713277,170384,65053
"Canela","Egypt","May-2024",1,0.1,0.1,2,0
"Canela","El Salvador","May-2024",2499,637351.5833333334,255.04265039349073,31130,8363
"Canela","Equatorial Guinea","May-2024",1,0.5333333333333333,0.5333333333333333,3,3
"Canela","Ethiopia","May-2024",1,0.08333333333333333,0.08333333333333333,1,0
"Canela","Finland","May-2024",1,0.3,0.3,1,1
"Canela","France","May-2024",10,167.88333333333333,16.788333333333334,13,13
"Canela","Georgia","May-2024",1,11.633333333333333,11.633333333333333,1,1
"Canela","Germany","May-2024",41,260.5,6.353658536585366,75,67
"Canela","Guatemala","May-2024",3412,703801.7166666667,206.2724843688941,34683,11795
"Canela","Guyana","May-2024",4,17.533333333333335,4.383333333333334,5,4
"Canela","Honduras","May-2024",2525,580879.4833333333,230.05128052805279,29488,11439
"Canela","India","May-2024",1,0.23333333333333334,0.23333333333333334,2,2
"Canela","Iran","May-2024",88,430.96666666666664,4.897348484848485,145,131
"Canela","Jamaica","May-2024",1,0,0,1,1
"Canela","Japan","May-2024",1,0,0,1,1
"Canela","Libya","May-2024",2,3.283333333333333,1.6416666666666666,6,2
"Canela","Madagascar","May-2024",1,0,0,1,0
"Canela","Mexico","May-2024",165938,22380241.85,134.87110758235005,1755461,302632
"Canela","Morocco","May-2024",1,1.0333333333333334,1.0333333333333334,1,1
"Canela","Myanmar [Burma]","May-2024",1,0.8166666666666667,0.8166666666666667,1,1
"Canela","Netherlands","May-2024",5,67.01666666666667,13.403333333333332,6,5
"Canela","Nicaragua","May-2024",1208,159055.51666666666,131.66847406181014,10563,2984
"Canela","Nigeria","May-2024",3,10.133333333333333,3.3777777777777778,3,3
"Canela","Norway","May-2024",1,45.61666666666667,45.61666666666667,1,1
"Canela","Pakistan","May-2024",4,174.58333333333334,43.645833333333336,6,4
"Canela","Panama","May-2024",1666,375278.86666666664,225.25742296918767,15855,8477
"Canela","Paraguay","May-2024",1142,315301.15,276.0955779334501,12969,6325
"Canela","Peru","May-2024",30779,6098310.616666666,198.1321880719538,289720,92898
"Canela","Poland","May-2024",1,44.3,44.3,1,1
"Canela","Portugal","May-2024",1,44.416666666666664,44.416666666666664,1,1
"Canela","Puerto Rico","May-2024",5170,1003513.9166666666,194.10327208252738,80943,32100
"Canela","Romania","May-2024",2,21.733333333333334,10.866666666666667,2,2
"Canela","Russia","May-2024",1,0.75,0.75,1,1
"Canela","Senegal","May-2024",1,14.166666666666666,14.166666666666666,5,5
"Canela","Singapore","May-2024",3,80.86666666666666,26.955555555555552,8,2
"Canela","South Africa","May-2024",2,123.15,61.575,3,3
"Canela","South Korea","May-2024",1,25.566666666666666,25.566666666666666,1,1
"Canela","Spain","May-2024",76,6793.466666666666,89.38771929824561,589,426
"Canela","Suriname","May-2024",3,4.583333333333333,1.5277777777777777,5,2
"Canela","Sweden","May-2024",1,3.6,3.6,1,1
"Canela","Switzerland","May-2024",3,404.51666666666665,134.83888888888887,11,8
"Canela","Togo","May-2024",2,633.8666666666667,316.93333333333334,19,14
"Canela","Turkey","May-2024",2,121.08333333333333,60.541666666666664,4,4
"Canela","U.S. Virgin Islands","May-2024",34,15502.883333333333,455.96715686274507,734,300
"Canela","United Kingdom","May-2024",12,449.8333333333333,37.48611111111111,33,31
"Canela","United States","May-2024",116552,13862981.266666668,118.94245715789233,1207772,234791
"Canela","Uruguay","May-2024",1152,223112.33333333334,193.67390046296296,10442,3971
"Canela","Venezuela","May-2024",15556,4348256.916666667,279.52281541955944,252312,73982
"Canela","Algeria","Nov-2023",1,11.216666666666667,11.216666666666667,4,4
"Canela","Angola","Nov-2023",2,228.93333333333334,114.46666666666667,7,6
"Canela","Antigua and Barbuda","Nov-2023",1,185.98333333333332,185.98333333333332,26,19
"Canela","Argentina","Nov-2023",4714,1019208.9833333333,216.20894852213263,58661,15518
"Canela","Aruba","Nov-2023",1,59.916666666666664,59.916666666666664,1,1
"Canela","Australia","Nov-2023",6,297.55,49.59166666666667,12,11
"Canela","Austria","Nov-2023",2,4496.766666666666,2248.383333333333,147,94
"Canela","Belgium","Nov-2023",2,1557.4666666666667,778.7333333333333,70,34
"Canela","Belize","Nov-2023",133,37018.23333333333,278.3325814536341,1883,828
"Canela","Bolivia","Nov-2023",2932,405041.95,138.14527626193725,24770,4439
"Canela","Brazil","Nov-2023",1088,86010.8,79.05404411764707,4570,2924
"Canela","Bulgaria","Nov-2023",1,197.4,197.4,4,4
"Canela","Canada","Nov-2023",106,2874.733333333333,27.12012578616352,321,174
"Canela","Cayman Islands","Nov-2023",1,48.7,48.7,1,1
"Canela","Chile","Nov-2023",6807,1120606,164.6255325400323,73063,17948
"Canela","China","Nov-2023",1,133.05,133.05,3,3
"Canela","Colombia","Nov-2023",120313,20122031.266666666,167.24735703262877,1442086,358440
"Canela","Costa Rica","Nov-2023",2798,418840.15,149.69269120800573,30233,5930
"Canela","Croatia","Nov-2023",2,7294.25,3647.125,225,173
"Canela","Cuba","Nov-2023",1805,18616.7,10.313961218836566,8077,1614
"Canela","Curaçao","Nov-2023",1,43.2,43.2,3,3
"Canela","Cyprus","Nov-2023",1,337.76666666666665,337.76666666666665,9,9
"Canela","Czech Republic","Nov-2023",2,46.86666666666667,23.433333333333334,2,2
"Canela","Dominican Republic","Nov-2023",5227,903708.9666666667,172.89247496970856,63645,21855
"Canela","Ecuador","Nov-2023",10796,2394595.683333333,221.80397215017905,138010,34674
"Canela","El Salvador","Nov-2023",2770,550354.9833333333,198.6841095066185,35369,6494
"Canela","Finland","Nov-2023",1,0,0,2,1
"Canela","France","Nov-2023",7,409.1666666666667,58.452380952380956,13,13
"Canela","Germany","Nov-2023",10,353.5,35.35,17,13
"Canela","Guatemala","Nov-2023",3362,484408.25,144.08335812016657,34763,8396
"Canela","Guyana","Nov-2023",3,10.166666666666666,3.388888888888889,4,2
"Canela","Haiti","Nov-2023",13,11.316666666666666,0.8705128205128205,17,11
"Canela","Honduras","Nov-2023",2454,355809.23333333334,144.9915376256452,27694,7397
"Canela","Hong Kong","Nov-2023",2,1920.4166666666667,960.2083333333334,190,189
"Canela","India","Nov-2023",3,307.1166666666667,102.37222222222222,18,15
"Canela","Indonesia","Nov-2023",3,42.93333333333333,14.31111111111111,5,5
"Canela","Iran","Nov-2023",4,9.083333333333334,2.2708333333333335,13,11
"Canela","Israel","Nov-2023",1,32.85,32.85,1,0
"Canela","Italy","Nov-2023",3,93.01666666666667,31.005555555555556,5,5
"Canela","Japan","Nov-2023",1,11.3,11.3,3,1
"Canela","Mexico","Nov-2023",225799,26781215.5,118.60643979822763,2297829,355930
"Canela","Morocco","Nov-2023",1,32.18333333333333,32.18333333333333,1,1
"Canela","Netherlands","Nov-2023",7,229.61666666666667,32.80238095238095,12,12
"Canela","New Zealand","Nov-2023",1,0.11666666666666667,0.11666666666666667,1,1
"Canela","Nicaragua","Nov-2023",1278,175639.05,137.43274647887324,12558,2248
"Canela","Nigeria","Nov-2023",1,0.26666666666666666,0.26666666666666666,1,1
"Canela","Panama","Nov-2023",1660,265067.98333333334,159.67950803212852,16517,5752
"Canela","Paraguay","Nov-2023",707,132568.73333333334,187.50881659594532,7379,2542
"Canela","Peru","Nov-2023",9762,1501502.2666666666,153.81092672266612,89790,20342
"Canela","Philippines","Nov-2023",1,0.03333333333333333,0.03333333333333333,2,1
"Canela","Poland","Nov-2023",2,130.93333333333334,65.46666666666667,3,2
"Canela","Portugal","Nov-2023",1,238.51666666666668,238.51666666666668,5,5
"Canela","Puerto Rico","Nov-2023",5631,886328.8333333334,157.4016752501036,81078,34131
"Canela","Romania","Nov-2023",4,2110.1,527.525,46,42
"Canela","Russia","Nov-2023",3,111.83333333333333,37.27777777777778,4,3
"Canela","Saudi Arabia","Nov-2023",1,0.4666666666666667,0.4666666666666667,1,1
"Canela","Singapore","Nov-2023",2,0.05,0.025,2,1
"Canela","Slovakia","Nov-2023",1,9.983333333333333,9.983333333333333,2,1
"Canela","South Africa","Nov-2023",1,85.26666666666667,85.26666666666667,2,2
"Canela","South Korea","Nov-2023",2,221.93333333333334,110.96666666666667,14,14
"Canela","Spain","Nov-2023",19,328.1666666666667,17.271929824561404,38,34
"Canela","Trinidad and Tobago","Nov-2023",1,174.5,174.5,8,8
"Canela","Turkey","Nov-2023",1,41.71666666666667,41.71666666666667,1,1
"Canela","U.S. Virgin Islands","Nov-2023",32,14328.033333333333,447.75104166666665,988,381
"Canela","Ukraine","Nov-2023",2,45.46666666666667,22.733333333333334,2,2
"Canela","United Arab Emirates","Nov-2023",1,45.93333333333333,45.93333333333333,1,1
"Canela","United Kingdom","Nov-2023",2,55.03333333333333,27.516666666666666,3,3
"Canela","United States","Nov-2023",164226,16844851.716666665,102.57116240221806,1546735,266784
"Canela","Uruguay","Nov-2023",1011,143202.61666666667,141.64452687108474,8391,2921
"Canela","Venezuela","Nov-2023",12601,2623868.716666667,208.22702298759359,190321,45988
"Canela","Afghanistan","Oct-2023",2,0.6,0.3,3,2
"Canela","Albania","Oct-2023",1,0,0,1,1
"Canela","Algeria","Oct-2023",10,103.95,10.395,21,14
"Canela","American Samoa","Oct-2023",1,51.68333333333333,51.68333333333333,1,1
"Canela","Andorra","Oct-2023",1,0.3333333333333333,0.3333333333333333,1,1
"Canela","Angola","Oct-2023",1,0,0,1,0
"Canela","Anguilla","Oct-2023",1,0.06666666666666667,0.06666666666666667,1,1
"Canela","Antigua and Barbuda","Oct-2023",2,267.3333333333333,133.66666666666666,14,14
"Canela","Argentina","Oct-2023",4447,952020.4333333333,214.08150063713364,61337,14992
"Canela","Aruba","Oct-2023",5,313.6,62.720000000000006,12,10
"Canela","Australia","Oct-2023",3,705.15,235.04999999999998,23,22
"Canela","Austria","Oct-2023",2,44.166666666666664,22.083333333333332,6,4
"Canela","Bangladesh","Oct-2023",1,0,0,2,1
"Canela","Belgium","Oct-2023",1,0,0,1,1
"Canela","Belize","Oct-2023",120,39860.65,332.1720833333333,2394,867
"Canela","Bermuda","Oct-2023",1,0.2,0.2,1,1
"Canela","Bolivia","Oct-2023",2308,321657.68333333335,139.3664139225881,20865,3726
"Canela","Brazil","Oct-2023",795,57706.01666666667,72.58618448637317,3704,2272
"Canela","Cambodia","Oct-2023",1,0.016666666666666666,0.016666666666666666,1,1
"Canela","Canada","Oct-2023",115,2319.8166666666666,20.17231884057971,288,184
"Canela","Chile","Oct-2023",6387,977157.15,152.99156881164868,66874,15448
"Canela","China","Oct-2023",2,20.816666666666666,10.408333333333333,7,4
"Canela","Colombia","Oct-2023",105643,17642659.35,167.00263481726194,1305491,314788
"Canela","Costa Rica","Oct-2023",2478,331080.0833333333,133.60778181329027,25834,4843
"Canela","Cuba","Oct-2023",1601,31679.933333333334,19.78759108890277,8343,1829
"Canela","Curaçao","Oct-2023",2,108.01666666666667,54.00833333333333,7,5
"Canela","Cyprus","Oct-2023",1,1.1833333333333333,1.1833333333333333,1,1
"Canela","Czech Republic","Oct-2023",1,0,0,2,2
"Canela","Dominican Republic","Oct-2023",4751,798339.8666666667,168.0361748403845,62142,20321
"Canela","Ecuador","Oct-2023",9488,1991284.45,209.87399346543,121428,31725
"Canela","Egypt","Oct-2023",1,0.13333333333333333,0.13333333333333333,1,1
"Canela","El Salvador","Oct-2023",2389,360788.45,151.02069903725408,29764,4587
"Canela","Equatorial Guinea","Oct-2023",1,0,0,1,1
"Canela","Estonia","Oct-2023",1,0,0,1,1
"Canela","Ethiopia","Oct-2023",1,1.35,1.35,2,0
"Canela","Finland","Oct-2023",6,0.6833333333333333,0.11388888888888889,6,6
"Canela","France","Oct-2023",35,177.4,5.0685714285714285,52,35
"Canela","French Guiana","Oct-2023",1,12.616666666666667,12.616666666666667,2,0
"Canela","Georgia","Oct-2023",1,0.016666666666666666,0.016666666666666666,1,1
"Canela","Germany","Oct-2023",29,581.75,20.060344827586206,57,41
"Canela","Ghana","Oct-2023",5,6665.183333333333,1333.0366666666666,430,426
"Canela","Greece","Oct-2023",2,59.46666666666667,29.733333333333334,30,24
"Canela","Guatemala","Oct-2023",2827,383273.76666666666,135.57614668081595,27076,6090
"Canela","Guyana","Oct-2023",1,0.8333333333333334,0.8333333333333334,1,1
"Canela","Haiti","Oct-2023",55,119.21666666666667,2.1675757575757575,88,68
"Canela","Honduras","Oct-2023",2036,262665.63333333336,129.01062540929928,21776,5473
"Canela","Hong Kong","Oct-2023",5,4609.65,921.93,318,313
"Canela","Hungary","Oct-2023",1,28.75,28.75,3,2
"Canela","Iceland","Oct-2023",1,0.16666666666666666,0.16666666666666666,2,1
"Canela","India","Oct-2023",13,122.31666666666666,9.408974358974358,22,17
"Canela","Indonesia","Oct-2023",3,8.533333333333333,2.8444444444444446,8,5
"Canela","Iran","Oct-2023",42,103.65,2.467857142857143,73,53
"Canela","Iraq","Oct-2023",21,16.4,0.7809523809523808,28,22
"Canela","Ireland","Oct-2023",4,89.18333333333334,22.295833333333334,7,5
"Canela","Israel","Oct-2023",2,65.48333333333333,32.74166666666667,10,5
"Canela","Italy","Oct-2023",6,195.3,32.550000000000004,15,9
"Canela","Japan","Oct-2023",3,1.75,0.5833333333333334,3,3
"Canela","Jordan","Oct-2023",1,61.56666666666667,61.56666666666667,3,1
"Canela","Kenya","Oct-2023",2,1330.8166666666666,665.4083333333333,45,32
"Canela","Libya","Oct-2023",1,0.21666666666666667,0.21666666666666667,1,1
"Canela","Lithuania","Oct-2023",1,0.35,0.35,1,0
"Canela","Luxembourg","Oct-2023",1,25.65,25.65,1,1
"Canela","Malaysia","Oct-2023",1,0.25,0.25,1,1
"Canela","Mali","Oct-2023",1,0.2,0.2,1,1
"Canela","Malta","Oct-2023",1,50.45,50.45,2,2
"Canela","Mexico","Oct-2023",194709,21942498.866666667,112.69380905179867,2006022,304453
"Canela","Morocco","Oct-2023",2,4.083333333333333,2.0416666666666665,2,2
"Canela","Nepal","Oct-2023",1,0,0,1,1
"Canela","Netherlands","Oct-2023",19,614.95,32.36578947368421,30,21
"Canela","Nicaragua","Oct-2023",1190,118497.75,99.57794117647059,10398,1803
"Canela","Nigeria","Oct-2023",2,0.7833333333333333,0.39166666666666666,3,1
"Canela","Oman","Oct-2023",1,0.3333333333333333,0.3333333333333333,1,1
"Canela","Pakistan","Oct-2023",4,13.366666666666667,3.341666666666667,8,5
"Canela","Panama","Oct-2023",1337,196837.51666666666,147.22327349788083,13183,4528
"Canela","Paraguay","Oct-2023",603,110265.01666666666,182.8607241569928,7290,1839
"Canela","Peru","Oct-2023",7994,1128764.9666666666,141.20152197481443,67883,16389
"Canela","Philippines","Oct-2023",1,20.266666666666666,20.266666666666666,1,1
"Canela","Poland","Oct-2023",1,4.066666666666666,4.066666666666666,1,1
"Canela","Portugal","Oct-2023",5,58.3,11.66,6,5
"Canela","Puerto Rico","Oct-2023",5743,687212.5666666667,119.66090312844622,66245,23696
"Canela","Qatar","Oct-2023",2,0.6,0.3,2,2
"Canela","Romania","Oct-2023",5,110.76666666666667,22.153333333333332,10,6
"Canela","Russia","Oct-2023",4,21.183333333333334,5.295833333333333,9,9
"Canela","Saudi Arabia","Oct-2023",3,0.2,0.06666666666666667,3,2
"Canela","Senegal","Oct-2023",1,0.2833333333333333,0.2833333333333333,1,1
"Canela","Serbia","Oct-2023",1,0.6833333333333333,0.6833333333333333,1,1
"Canela","Singapore","Oct-2023",2,42.6,21.3,3,3
"Canela","Slovakia","Oct-2023",2,0.26666666666666666,0.13333333333333333,2,1
"Canela","South Africa","Oct-2023",1,9.9,9.9,1,1
"Canela","Spain","Oct-2023",53,1259.8166666666666,23.770125786163522,115,84
"Canela","Suriname","Oct-2023",2,0.5333333333333333,0.26666666666666666,3,1
"Canela","Switzerland","Oct-2023",3,65.13333333333334,21.711111111111112,5,4
"Canela","Thailand","Oct-2023",1,0,0,1,1
"Canela","Trinidad and Tobago","Oct-2023",5,108.3,21.66,9,9
"Canela","Turkey","Oct-2023",3,7.366666666666666,2.4555555555555553,4,3
"Canela","U.S. Virgin Islands","Oct-2023",30,4539.616666666667,151.32055555555556,386,168
"Canela","United Arab Emirates","Oct-2023",1,30.5,30.5,1,1
"Canela","United Kingdom","Oct-2023",19,265.1666666666667,13.956140350877194,61,30
"Canela","United States","Oct-2023",139596,12586833.566666666,90.1661477883798,1247944,216786
"Canela","Uruguay","Oct-2023",898,151793.46666666667,169.03504083147737,8180,2610
"Canela","Venezuela","Oct-2023",12671,2423524.5,191.26544866229975,181922,43592
"Canela","Vietnam","Oct-2023",1,0,0,1,1
"Canela","Algeria","Sep-2023",5,8.966666666666667,1.7933333333333334,6,6
"Canela","Angola","Sep-2023",1,16.016666666666666,16.016666666666666,3,1
"Canela","Antigua and Barbuda","Sep-2023",1,242.01666666666668,242.01666666666668,18,18
"Canela","Argentina","Sep-2023",4350,843544.3,193.91822988505749,56308,11685
"Canela","Australia","Sep-2023",8,292.1166666666667,36.514583333333334,21,21
"Canela","Austria","Sep-2023",1,1.6166666666666667,1.6166666666666667,1,1
"Canela","Bahamas","Sep-2023",2,51.833333333333336,25.916666666666668,4,4
"Canela","Belize","Sep-2023",136,23528.716666666667,173.00526960784313,1629,712
"Canela","Bolivia","Sep-2023",2048,235304.51666666666,114.89478352864583,14952,3243
"Canela","Brazil","Sep-2023",676,88945.95,131.57684911242603,4453,2482
"Canela","Canada","Sep-2023",106,4306.5,40.62735849056604,343,152
"Canela","Chile","Sep-2023",5695,986659.1666666666,173.25007316359378,63244,13398
"Canela","China","Sep-2023",2,17.683333333333334,8.841666666666667,2,2
"Canela","Colombia","Sep-2023",100954,17881192.966666665,177.12218403101082,1243453,335881
"Canela","Costa Rica","Sep-2023",2084,333612.45,160.08274952015356,23603,4267
"Canela","Cuba","Sep-2023",1574,37220.166666666664,23.64686573485811,8536,1873
"Canela","Côte d’Ivoire","Sep-2023",1,0,0,1,1
"Canela","Dominican Republic","Sep-2023",4855,778919.95,160.43665293511842,66302,21154
"Canela","Ecuador","Sep-2023",8585,1950616.7,227.21219569015724,116918,30073
"Canela","Egypt","Sep-2023",1,3.55,3.55,1,1
"Canela","El Salvador","Sep-2023",2221,322463.65,145.1884961728951,23617,3846
"Canela","Finland","Sep-2023",1,0.8166666666666667,0.8166666666666667,1,1
"Canela","France","Sep-2023",10,72.43333333333334,7.243333333333334,26,26
"Canela","Germany","Sep-2023",7,62.483333333333334,8.926190476190476,9,8
"Canela","Guatemala","Sep-2023",2330,296720.76666666666,127.34796852646637,22077,4481
"Canela","Haiti","Sep-2023",32,25.366666666666667,0.7927083333333333,47,32
"Canela","Honduras","Sep-2023",1691,202075.06666666668,119.50033510743151,17089,3946
"Canela","Hong Kong","Sep-2023",1,0.016666666666666666,0.016666666666666666,1,1
"Canela","Hungary","Sep-2023",1,5.9,5.9,2,2
"Canela","India","Sep-2023",1,83.35,83.35,2,2
"Canela","Indonesia","Sep-2023",1,15.966666666666667,15.966666666666667,1,1
"Canela","Iran","Sep-2023",25,71.78333333333333,2.8713333333333333,44,36
"Canela","Iraq","Sep-2023",2,3.533333333333333,1.7666666666666666,4,4
"Canela","Italy","Sep-2023",3,2.55,0.85,4,3
"Canela","Jamaica","Sep-2023",1,1.95,1.95,3,2
"Canela","Mexico","Sep-2023",165041,21317069.4,129.16226513411817,1777889,288440
"Canela","Morocco","Sep-2023",1,1.0833333333333333,1.0833333333333333,1,1
"Canela","Myanmar [Burma]","Sep-2023",1,22.866666666666667,22.866666666666667,6,5
"Canela","Netherlands","Sep-2023",2,52.166666666666664,26.083333333333332,4,4
"Canela","Nicaragua","Sep-2023",1108,105675.01666666666,95.37456377858003,8496,1587
"Canela","Panama","Sep-2023",1101,139348.63333333333,126.5655161973963,9990,3084
"Canela","Paraguay","Sep-2023",540,73240.5,135.63055555555556,4969,1147
"Canela","Peru","Sep-2023",7233,891916.0333333333,123.31204663809392,62411,12832
"Canela","Poland","Sep-2023",1,0,0,1,1
"Canela","Portugal","Sep-2023",1,16.266666666666666,16.266666666666666,1,1
"Canela","Puerto Rico","Sep-2023",5956,653622.95,109.74193250503693,61445,20798
"Canela","Singapore","Sep-2023",1,63.11666666666667,63.11666666666667,9,9
"Canela","Spain","Sep-2023",11,789.4833333333333,71.77121212121212,23,19
"Canela","Switzerland","Sep-2023",2,139.48333333333332,69.74166666666666,3,3
"Canela","Trinidad and Tobago","Sep-2023",1,246.45,246.45,7,5
"Canela","Turkey","Sep-2023",1,1.6833333333333333,1.6833333333333333,2,1
"Canela","U.S. Virgin Islands","Sep-2023",40,4182.233333333334,104.55583333333334,453,190
"Canela","United Arab Emirates","Sep-2023",1,0.6666666666666666,0.6666666666666666,5,5
"Canela","United Kingdom","Sep-2023",8,54.15,6.76875,9,9
"Canela","United States","Sep-2023",171526,12838415.633333333,74.84821912324273,1309171,255053
"Canela","Uruguay","Sep-2023",875,114810.86666666667,131.21241904761905,6991,2253
"Canela","Uzbekistan","Sep-2023",2,0.5,0.25,2,1
"Canela","Venezuela","Sep-2023",12145,2056281.05,169.31091395636065,165291,36994
