"Client","Country","Date Month","Uniques","Time Watched Minutes","Avg Min per Unique","Sessions"
"Canela","Albania","Apr-2024",18,19.100000000000005,1.0611111111111111,35
"Canela","Algeria","Apr-2024",405,267.0833333333338,0.6594650205761317,588
"Canela","Andorra","Apr-2024",3,4.916666666666667,1.638888888888889,5
"Canela","Angola","Apr-2024",33,64.81666666666665,1.964141414141414,43
"Canela","Anguilla","Apr-2024",1,0.16666666666666666,0.16666666666666666,1
"Canela","Antigua and Barbuda","Apr-2024",1,3.85,3.85,1
"Canela","Argentina","Apr-2024",15351,189377.64999999784,12.336502507979937,57547
"Canela","Armenia","Apr-2024",2,0.13333333333333333,0.06666666666666667,2
"Canela","Aruba","Apr-2024",4,0.6333333333333334,0.15833333333333333,5
"Canela","Australia","Apr-2024",133,306.15000000000015,2.3018796992481203,169
"Canela","Austria","Apr-2024",9,1.7,0.18888888888888888,10
"Canela","Azerbaijan","Apr-2024",12,4.166666666666666,0.34722222222222227,23
"Canela","Bahamas","Apr-2024",2,1.9666666666666668,0.9833333333333333,2
"Canela","Bahrain","Apr-2024",3,1.6833333333333333,0.5611111111111111,5
"Canela","Bangladesh","Apr-2024",71,96.39999999999999,1.3577464788732396,131
"Canela","Barbados","Apr-2024",12,5.383333333333333,0.4486111111111111,13
"Canela","Belarus","Apr-2024",4,1.4,0.35,4
"Canela","Belgium","Apr-2024",45,279.0166666666667,6.20037037037037,151
"Canela","Belize","Apr-2024",44,6092.949999999999,138.47613636363636,112
"Canela","Bolivia","Apr-2024",5650,84906.10000000127,15.027628318584071,22242
"Canela","Bosnia and Herzegovina","Apr-2024",6,0.9666666666666668,0.16111111111111112,7
"Canela","Botswana","Apr-2024",2,0.8500000000000001,0.425,2
"Canela","Brazil","Apr-2024",2613,33467.86666666635,12.80821533358847,4055
"Canela","British Virgin Islands","Apr-2024",2,1033.5833333333335,516.7916666666666,5
"Canela","Brunei","Apr-2024",5,65.75,13.15,5
"Canela","Bulgaria","Apr-2024",29,16.166666666666668,0.5574712643678161,89
"Canela","Burkina Faso","Apr-2024",2,1.0833333333333335,0.5416666666666666,3
"Canela","Cambodia","Apr-2024",10,1722.8499999999997,172.285,84
"Canela","Cameroon","Apr-2024",2,1434.3833333333332,717.1916666666667,6
"Canela","Canada","Apr-2024",447,196361.9499999997,439.2884787472036,2408
"Canela","Cape Verde","Apr-2024",1,0.15,0.15,2
"Canela","Chile","Apr-2024",11730,139560.86666666815,11.897772094344985,39518
"Canela","China","Apr-2024",729,42941.20000000004,58.90425240054869,1154
"Canela","Colombia","Apr-2024",215808,1473630.1833338884,6.828431676922697,768400
"Canela","Congo - Brazzaville","Apr-2024",4,1.4666666666666666,0.36666666666666664,4
"Canela","Congo - Kinshasa","Apr-2024",4,2.783333333333333,0.6958333333333333,4
"Canela","Costa Rica","Apr-2024",4067,31150.666666666162,7.659372182607983,12884
"Canela","Croatia","Apr-2024",10,5.716666666666667,0.5716666666666667,12
"Canela","Cuba","Apr-2024",2250,10924.216666666645,4.855207407407407,6357
"Canela","Curaçao","Apr-2024",7,17.633333333333336,2.519047619047619,17
"Canela","Czech Republic","Apr-2024",33,66.48333333333332,2.014646464646465,71
"Canela","Côte d’Ivoire","Apr-2024",7,4.716666666666667,0.6738095238095239,8
"Canela","Denmark","Apr-2024",11,11.566666666666666,1.0515151515151515,16
"Canela","Djibouti","Apr-2024",3,1.8,0.6,3
"Canela","Dominican Republic","Apr-2024",9634,103893.53333333526,10.784049546744171,40155
"Canela","Ecuador","Apr-2024",13943,393569.1333333122,28.22700518778838,59117
"Canela","Egypt","Apr-2024",132,174.66666666666663,1.323232323232323,207
"Canela","El Salvador","Apr-2024",4382,50964.86666666729,11.63050357523201,17404
"Canela","Ethiopia","Apr-2024",7,5.666666666666667,0.8095238095238095,7
"Canela","Finland","Apr-2024",25,25.250000000000014,1.01,60
"Canela","France","Apr-2024",205,57016.2333333334,278.1279674796748,548
"Canela","Gabon","Apr-2024",4,1.1333333333333333,0.2833333333333333,4
"Canela","Georgia","Apr-2024",3,0.44999999999999996,0.15,7
"Canela","Germany","Apr-2024",466,48582.316666667124,104.25389842632332,3370
"Canela","Ghana","Apr-2024",8,9.583333333333332,1.1979166666666667,9
"Canela","Greece","Apr-2024",56,37.11666666666665,0.662797619047619,99
"Canela","Grenada","Apr-2024",2,30.783333333333335,15.391666666666667,2
"Canela","Guatemala","Apr-2024",4926,43399.500000000335,8.810292326431181,17561
"Canela","Guinea","Apr-2024",1,0.7833333333333333,0.7833333333333333,1
"Canela","Guyana","Apr-2024",1,0.85,0.85,1
"Canela","Haiti","Apr-2024",3,0.6833333333333333,0.22777777777777777,3
"Canela","Honduras","Apr-2024",3517,41619.516666666845,11.83381196095157,16192
"Canela","Hong Kong","Apr-2024",43,2548.8333333333308,59.275193798449614,253
"Canela","Hungary","Apr-2024",10,184.4,18.44,15
"Canela","India","Apr-2024",249,453.5833333333341,1.821619812583668,408
"Canela","Indonesia","Apr-2024",243,601.9666666666667,2.477229080932785,334
"Canela","Iran","Apr-2024",378,723.883333333333,1.9150352733686067,489
"Canela","Iraq","Apr-2024",159,168.79999999999993,1.0616352201257861,258
"Canela","Ireland","Apr-2024",17,4.933333333333334,0.2901960784313726,27
"Canela","Israel","Apr-2024",41,34.6,0.8439024390243903,69
"Canela","Italy","Apr-2024",174,289.66666666666737,1.6647509578544062,397
"Canela","Jamaica","Apr-2024",11,50.516666666666666,4.592424242424243,20
"Canela","Japan","Apr-2024",47,7806.6499999999905,166.09893617021277,5030
"Canela","Jordan","Apr-2024",29,14.600000000000005,0.503448275862069,44
"Canela","Kazakhstan","Apr-2024",5,67.11666666666666,13.423333333333332,6
"Canela","Kenya","Apr-2024",8,75.29999999999998,9.4125,15
"Canela","Kuwait","Apr-2024",18,4.999999999999999,0.2777777777777778,29
"Canela","Latvia","Apr-2024",1,0.016666666666666666,0.016666666666666666,1
"Canela","Lebanon","Apr-2024",24,46.13333333333333,1.9222222222222223,49
"Canela","Libya","Apr-2024",23,12.68333333333333,0.5514492753623188,36
"Canela","Lithuania","Apr-2024",9,23.3,2.588888888888889,14
"Canela","Luxembourg","Apr-2024",5,1.1333333333333333,0.22666666666666666,6
"Canela","Macau SAR China","Apr-2024",1,1217.55,1217.55,62
"Canela","Macedonia","Apr-2024",5,6.966666666666667,1.3933333333333333,5
"Canela","Madagascar","Apr-2024",3,5.883333333333333,1.9611111111111112,3
"Canela","Malawi","Apr-2024",2,3.4333333333333336,1.7166666666666666,2
"Canela","Malaysia","Apr-2024",67,234.2,3.4955223880597015,84
"Canela","Maldives","Apr-2024",2,1.2833333333333334,0.6416666666666667,2
"Canela","Mali","Apr-2024",3,0.13333333333333333,0.044444444444444446,3
"Canela","Malta","Apr-2024",2,5.116666666666666,2.558333333333333,2
"Canela","Martinique","Apr-2024",3,273.3833333333334,91.12777777777778,16
"Canela","Mauritania","Apr-2024",2,3.9833333333333334,1.9916666666666667,2
"Canela","Mauritius","Apr-2024",6,2.833333333333333,0.47222222222222227,7
"Canela","Mexico","Apr-2024",455906,3383604.116665852,7.421714381180916,1303334
"Canela","Moldova","Apr-2024",4,3.4,0.85,7
"Canela","Morocco","Apr-2024",172,109.31666666666646,0.6355620155038759,368
"Canela","Mozambique","Apr-2024",7,10.783333333333333,1.5404761904761906,9
"Canela","Myanmar [Burma]","Apr-2024",157,1208.2166666666653,7.695647558386412,181
"Canela","Namibia","Apr-2024",1,0.6833333333333333,0.6833333333333333,1
"Canela","Nepal","Apr-2024",4,0.7,0.175,4
"Canela","Netherlands","Apr-2024",215,60274.40000000004,280.3460465116279,464
"Canela","New Caledonia","Apr-2024",1,1.9,1.9,1
"Canela","New Zealand","Apr-2024",1,0.016666666666666666,0.016666666666666666,1
"Canela","Nicaragua","Apr-2024",1926,13965.383333333339,7.250977847005885,6530
"Canela","Nigeria","Apr-2024",11,4.483333333333334,0.4075757575757576,11
"Canela","Norway","Apr-2024",21,4.783333333333332,0.22777777777777777,26
"Canela","Oman","Apr-2024",13,11.583333333333332,0.8910256410256411,14
"Canela","Pakistan","Apr-2024",111,81.36666666666667,0.733033033033033,180
"Canela","Palestinian Territories","Apr-2024",6,1.0833333333333333,0.18055555555555555,9
"Canela","Panama","Apr-2024",1711,15381.64999999996,8.989859731151373,5827
"Canela","Paraguay","Apr-2024",1647,57311.31666666688,34.797399311880184,6903
"Canela","Peru","Apr-2024",28225,515419.016666616,18.261081192795984,104575
"Canela","Philippines","Apr-2024",19,17.583333333333336,0.9254385964912281,22
"Canela","Poland","Apr-2024",66,25785.783333333304,390.6936868686869,324
"Canela","Portugal","Apr-2024",168,567.2666666666671,3.3765873015873016,386
"Canela","Puerto Rico","Apr-2024",11255,133190.28333333528,11.833876795498297,46857
"Canela","Qatar","Apr-2024",2,0.16666666666666669,0.08333333333333333,2
"Canela","Romania","Apr-2024",37,70532.34999999999,1906.27972972973,563
"Canela","Russia","Apr-2024",95,505.4833333333335,5.320877192982456,178
"Canela","Réunion","Apr-2024",1,0.21666666666666667,0.21666666666666667,2
"Canela","Saint Lucia","Apr-2024",5,1.15,0.22999999999999998,6
"Canela","Saint Vincent and the Grenadines","Apr-2024",2,1.3333333333333333,0.6666666666666666,3
"Canela","Saudi Arabia","Apr-2024",105,306.83333333333377,2.922222222222222,365
"Canela","Senegal","Apr-2024",13,8.783333333333335,0.6756410256410257,13
"Canela","Serbia","Apr-2024",10,1.9333333333333333,0.19333333333333333,13
"Canela","Sierra Leone","Apr-2024",1,1.15,1.15,1
"Canela","Singapore","Apr-2024",92,345.5833333333336,3.7563405797101446,139
"Canela","Sint Maarten","Apr-2024",1,0.7833333333333333,0.7833333333333333,1
"Canela","Slovakia","Apr-2024",16,10.033333333333337,0.6270833333333333,33
"Canela","Slovenia","Apr-2024",3,2.3666666666666667,0.7888888888888889,13
"Canela","Somalia","Apr-2024",1,0.06666666666666667,0.06666666666666667,1
"Canela","South Africa","Apr-2024",24,9.716666666666665,0.4048611111111111,29
"Canela","South Korea","Apr-2024",2,0.11666666666666667,0.058333333333333334,4
"Canela","Spain","Apr-2024",1746,4236.416666666697,2.426355479190531,4059
"Canela","Sri Lanka","Apr-2024",1,0.48333333333333334,0.48333333333333334,1
"Canela","Sudan","Apr-2024",2,0.35,0.175,2
"Canela","Suriname","Apr-2024",5,7.733333333333333,1.5466666666666666,9
"Canela","Sweden","Apr-2024",48,67.1166666666666,1.3982638888888888,158
"Canela","Switzerland","Apr-2024",22,87.46666666666663,3.975757575757576,46
"Canela","Syria","Apr-2024",31,74.93333333333332,2.417204301075269,57
"Canela","São Tomé and Príncipe","Apr-2024",1,0.05,0.05,1
"Canela","Taiwan","Apr-2024",24,23.31666666666667,0.9715277777777778,29
"Canela","Tanzania","Apr-2024",3,6.25,2.0833333333333335,3
"Canela","Thailand","Apr-2024",10,10.549999999999999,1.0550000000000002,15
"Canela","Togo","Apr-2024",2,1.8666666666666667,0.9333333333333333,2
"Canela","Trinidad and Tobago","Apr-2024",15,9.633333333333338,0.6422222222222221,16
"Canela","Tunisia","Apr-2024",30,36.833333333333336,1.2277777777777779,37
"Canela","Turkey","Apr-2024",263,536.4166666666672,2.0396070975918885,641
"Canela","U.S. Virgin Islands","Apr-2024",12,119.64999999999999,9.970833333333333,13
"Canela","Uganda","Apr-2024",5,13.616666666666667,2.7233333333333336,11
"Canela","Ukraine","Apr-2024",24,3588.0833333333326,149.50347222222223,48
"Canela","United Arab Emirates","Apr-2024",26,64.36666666666667,2.4756410256410253,38
"Canela","United Kingdom","Apr-2024",261,375.56666666666706,1.4389527458492977,329
"Canela","United States","Apr-2024",365538,7353016.483328532,20.115600794810206,917574
"Canela","Unknown","Apr-2024",21229,276893.01666664897,13.043149308336082,59893
"Canela","Uruguay","Apr-2024",2234,22036.199999999797,9.864010743061773,7963
"Canela","Uzbekistan","Apr-2024",25,26.66666666666667,1.0666666666666667,63
"Canela","Venezuela","Apr-2024",23870,265679.9833333257,11.130288367546433,93954
"Canela","Vietnam","Apr-2024",7,1.0499999999999998,0.15,9
"Canela","Yemen","Apr-2024",13,7.216666666666667,0.5551282051282052,16
"Canela","Zambia","Apr-2024",6,1.5333333333333332,0.2555555555555556,6
"Canela","Afghanistan","Aug-2024",5,5.183333333333334,1.0366666666666666,7
"Canela","Albania","Aug-2024",24,26.76666666666668,1.1152777777777778,37
"Canela","Algeria","Aug-2024",257,412.3166666666668,1.6043450064850844,326
"Canela","Andorra","Aug-2024",2,4.450000000000001,2.225,12
"Canela","Angola","Aug-2024",31,74.08333333333333,2.389784946236559,49
"Canela","Antigua and Barbuda","Aug-2024",3,0.2833333333333333,0.09444444444444444,3
"Canela","Argentina","Aug-2024",19230,247471.96666665678,12.869057028947825,68848
"Canela","Armenia","Aug-2024",2,9.2,4.6,4
"Canela","Aruba","Aug-2024",2,0.18333333333333335,0.09166666666666666,2
"Canela","Australia","Aug-2024",643,2648.2000000000103,4.11850699844479,1232
"Canela","Austria","Aug-2024",10,33.68333333333333,3.368333333333333,13
"Canela","Azerbaijan","Aug-2024",18,6.216666666666667,0.3453703703703704,27
"Canela","Bahamas","Aug-2024",4,0.3,0.075,4
"Canela","Bahrain","Aug-2024",7,11.45,1.6357142857142857,17
"Canela","Bangladesh","Aug-2024",72,68.54999999999997,0.9520833333333333,102
"Canela","Barbados","Aug-2024",16,11.933333333333334,0.7458333333333333,18
"Canela","Belarus","Aug-2024",2,4.5,2.25,3
"Canela","Belgium","Aug-2024",46,15034.099999999955,326.8282608695652,2486
"Canela","Belize","Aug-2024",72,758.9333333333329,10.54074074074074,116
"Canela","Benin","Aug-2024",1,0.06666666666666667,0.06666666666666667,1
"Canela","Bolivia","Aug-2024",8454,138581.66666666677,16.392437504928633,31940
"Canela","Bosnia and Herzegovina","Aug-2024",12,5.633333333333333,0.4694444444444445,15
"Canela","Brazil","Aug-2024",2574,171371.28333332468,66.57781015281014,33875
"Canela","Brunei","Aug-2024",5,95.48333333333333,19.096666666666668,7
"Canela","Bulgaria","Aug-2024",43,149.58333333333348,3.478682170542636,126
"Canela","Burkina Faso","Aug-2024",3,0.7166666666666668,0.2388888888888889,3
"Canela","Cambodia","Aug-2024",12,5.9,0.4916666666666667,12
"Canela","Cameroon","Aug-2024",2,0.4666666666666666,0.23333333333333334,3
"Canela","Canada","Aug-2024",973,319904.34999999707,328.7814491264131,4875
"Canela","Cape Verde","Aug-2024",6,1.75,0.2916666666666667,6
"Canela","Caribbean Netherlands","Aug-2024",5,2.1333333333333337,0.42666666666666664,9
"Canela","Cayman Islands","Aug-2024",1,0.55,0.55,1
"Canela","Chile","Aug-2024",13942,205633.59999999477,14.749218189642807,48137
"Canela","China","Aug-2024",520,43605.88333333344,83.85746794871794,1063
"Canela","Colombia","Aug-2024",303225,2208533.43333387,7.283480693654327,1069735
"Canela","Congo - Brazzaville","Aug-2024",8,33.35,4.16875,12
"Canela","Congo - Kinshasa","Aug-2024",6,2.1333333333333333,0.35555555555555557,7
"Canela","Costa Rica","Aug-2024",5186,43460.466666666776,8.38034451729014,16094
"Canela","Croatia","Aug-2024",4,2.4166666666666665,0.6041666666666666,6
"Canela","Cuba","Aug-2024",2274,13106.516666666621,5.763639695104075,6471
"Canela","Curaçao","Aug-2024",8,169.71666666666667,21.214583333333334,28
"Canela","Cyprus","Aug-2024",1,4.166666666666667,4.166666666666667,1
"Canela","Czech Republic","Aug-2024",20,36.39999999999999,1.8199999999999998,49
"Canela","Côte d’Ivoire","Aug-2024",22,31.400000000000006,1.4272727272727272,32
"Canela","Denmark","Aug-2024",16,247.60000000000008,15.475,24
"Canela","Dominica","Aug-2024",1,0.4666666666666667,0.4666666666666667,1
"Canela","Dominican Republic","Aug-2024",11426,137181.8500000006,12.00611325048136,48104
"Canela","Ecuador","Aug-2024",20713,603206.7499999853,29.122133442765413,84826
"Canela","Egypt","Aug-2024",132,384.1500000000001,2.9102272727272727,278
"Canela","El Salvador","Aug-2024",5618,64388.1833333346,11.461050789130176,23370
"Canela","Equatorial Guinea","Aug-2024",6,103.5,17.25,9
"Canela","Estonia","Aug-2024",1,0.13333333333333333,0.13333333333333333,1
"Canela","Ethiopia","Aug-2024",24,25,1.0416666666666667,31
"Canela","Faroe Islands","Aug-2024",1,0.16666666666666666,0.16666666666666666,1
"Canela","Finland","Aug-2024",26,24255.349999999988,932.8980769230768,224
"Canela","France","Aug-2024",204,45991.56666666671,225.44885620915034,534
"Canela","Gabon","Aug-2024",4,1.55,0.3875,4
"Canela","Germany","Aug-2024",1528,330155.8666666592,216.07059336823733,44466
"Canela","Ghana","Aug-2024",8,3.85,0.48125,8
"Canela","Greece","Aug-2024",49,18.650000000000002,0.38061224489795914,66
"Canela","Greenland","Aug-2024",1,0.03333333333333333,0.03333333333333333,2
"Canela","Grenada","Aug-2024",1,2.3666666666666667,2.3666666666666667,1
"Canela","Guadeloupe","Aug-2024",2,1.3333333333333335,0.6666666666666666,2
"Canela","Guatemala","Aug-2024",7061,57301.88333333474,8.115264598970873,25066
"Canela","Haiti","Aug-2024",2,0.48333333333333334,0.24166666666666667,2
"Canela","Honduras","Aug-2024",4752,42597.200000000594,8.964057239057238,19944
"Canela","Hong Kong","Aug-2024",40,24.466666666666754,0.6116666666666666,257
"Canela","Hungary","Aug-2024",11,22.16666666666667,2.015151515151515,15
"Canela","Iceland","Aug-2024",5,1550.8833333333332,310.1766666666667,12
"Canela","India","Aug-2024",502,11138.533333333235,22.18831341301461,5335
"Canela","Indonesia","Aug-2024",278,746.1000000000003,2.683812949640288,353
"Canela","Iran","Aug-2024",182,225.89999999999998,1.2412087912087912,211
"Canela","Iraq","Aug-2024",143,150.80000000000015,1.0545454545454547,193
"Canela","Ireland","Aug-2024",105,910.4499999999987,8.67095238095238,390
"Canela","Israel","Aug-2024",58,73.7833333333333,1.2721264367816092,124
"Canela","Italy","Aug-2024",192,270.6666666666666,1.4097222222222223,348
"Canela","Jamaica","Aug-2024",43,8.183333333333332,0.19031007751937984,101
"Canela","Japan","Aug-2024",176,2422.783333333347,13.765814393939394,1441
"Canela","Jordan","Aug-2024",39,35.16666666666668,0.9017094017094016,76
"Canela","Kazakhstan","Aug-2024",4,88.28333333333335,22.070833333333333,5
"Canela","Kenya","Aug-2024",14,15.816666666666666,1.1297619047619047,17
"Canela","Kuwait","Aug-2024",27,48.916666666666664,1.8117283950617282,50
"Canela","Laos","Aug-2024",2,0.8,0.4,2
"Canela","Latvia","Aug-2024",3,1.5166666666666668,0.5055555555555555,3
"Canela","Lebanon","Aug-2024",28,20.51666666666667,0.7327380952380952,50
"Canela","Lesotho","Aug-2024",1,0.6666666666666666,0.6666666666666666,1
"Canela","Libya","Aug-2024",22,23.216666666666672,1.0553030303030302,26
"Canela","Lithuania","Aug-2024",5,1045.5166666666667,209.10333333333332,204
"Canela","Luxembourg","Aug-2024",7,3.6333333333333333,0.5190476190476191,10
"Canela","Macau SAR China","Aug-2024",1,535.6499999999999,535.65,58
"Canela","Macedonia","Aug-2024",20,120.01666666666661,6.0008333333333335,46
"Canela","Madagascar","Aug-2024",3,0.6166666666666667,0.20555555555555557,3
"Canela","Malawi","Aug-2024",2,0.26666666666666666,0.13333333333333333,2
"Canela","Malaysia","Aug-2024",81,123.59999999999998,1.525925925925926,94
"Canela","Maldives","Aug-2024",6,3.1999999999999997,0.5333333333333333,8
"Canela","Mali","Aug-2024",3,0.2,0.06666666666666667,3
"Canela","Malta","Aug-2024",4,0.5166666666666666,0.12916666666666668,5
"Canela","Martinique","Aug-2024",3,2.1166666666666667,0.7055555555555556,7
"Canela","Mauritania","Aug-2024",6,1.7000000000000002,0.2833333333333333,9
"Canela","Mauritius","Aug-2024",14,15.633333333333333,1.1166666666666667,18
"Canela","Mexico","Aug-2024",675363,4784584.9999926975,7.084464206656272,1951243
"Canela","Moldova","Aug-2024",3,5.533333333333333,1.8444444444444443,8
"Canela","Montenegro","Aug-2024",1,0.016666666666666666,0.016666666666666666,1
"Canela","Morocco","Aug-2024",184,339.03333333333296,1.842572463768116,238
"Canela","Mozambique","Aug-2024",16,65.10000000000002,4.06875,18
"Canela","Myanmar [Burma]","Aug-2024",296,2095.416666666667,7.07911036036036,352
"Canela","Namibia","Aug-2024",1,0.4,0.4,2
"Canela","Nepal","Aug-2024",4,0.5333333333333333,0.13333333333333333,5
"Canela","Netherlands","Aug-2024",1015,97934.43333333355,96.48712643678161,1477
"Canela","New Zealand","Aug-2024",38,576.9333333333332,15.182456140350876,58
"Canela","Nicaragua","Aug-2024",2729,39639.70000000001,14.52535727372664,10426
"Canela","Nigeria","Aug-2024",38,14.283333333333335,0.37587719298245614,38
"Canela","Norway","Aug-2024",10,5.6499999999999995,0.5650000000000001,15
"Canela","Oman","Aug-2024",13,4.466666666666667,0.3435897435897436,17
"Canela","Pakistan","Aug-2024",76,169.74999999999994,2.2335526315789473,127
"Canela","Palestinian Territories","Aug-2024",7,17.883333333333336,2.5547619047619046,9
"Canela","Panama","Aug-2024",2374,26490.3666666665,11.15853692782926,9245
"Canela","Papua New Guinea","Aug-2024",2,3.7666666666666666,1.8833333333333333,3
"Canela","Paraguay","Aug-2024",2204,42055.38333333348,19.081389897156683,9315
"Canela","Peru","Aug-2024",90312,737644.0833334494,8.167730571057373,291832
"Canela","Philippines","Aug-2024",34,8.26666666666667,0.2431372549019608,46
"Canela","Poland","Aug-2024",45,39.41666666666668,0.8759259259259259,89
"Canela","Portugal","Aug-2024",158,566.9166666666671,3.5880801687763713,362
"Canela","Puerto Rico","Aug-2024",10438,123240.60000000223,11.806917033914544,40483
"Canela","Qatar","Aug-2024",8,5.083333333333333,0.6354166666666666,10
"Canela","Romania","Aug-2024",41,77288.1833333334,1885.0776422764227,911
"Canela","Russia","Aug-2024",110,1044.7999999999995,9.498181818181818,212
"Canela","Rwanda","Aug-2024",1,0.23333333333333334,0.23333333333333334,1
"Canela","Saint Lucia","Aug-2024",2,1.5,0.75,2
"Canela","Saint Martin","Aug-2024",1,10.833333333333332,10.833333333333334,2
"Canela","Saint Vincent and the Grenadines","Aug-2024",1,0.35,0.35,1
"Canela","Saudi Arabia","Aug-2024",93,111.48333333333325,1.1987455197132617,125
"Canela","Senegal","Aug-2024",14,21.866666666666667,1.561904761904762,18
"Canela","Serbia","Aug-2024",9,9.05,1.0055555555555555,14
"Canela","Sierra Leone","Aug-2024",5,1.8333333333333333,0.36666666666666664,5
"Canela","Singapore","Aug-2024",180,1626.9833333333315,9.038796296296296,1398
"Canela","Slovakia","Aug-2024",91,248.46666666666678,2.7304029304029305,109
"Canela","Slovenia","Aug-2024",5,2.283333333333333,0.45666666666666667,8
"Canela","Somalia","Aug-2024",1,0.9333333333333333,0.9333333333333333,1
"Canela","South Africa","Aug-2024",39,201.10000000000002,5.156410256410256,52
"Canela","South Korea","Aug-2024",156,35440.9166666669,227.18536324786322,6494
"Canela","Spain","Aug-2024",1778,3620.2500000000236,2.036136107986502,3755
"Canela","Sri Lanka","Aug-2024",5,3.1333333333333333,0.6266666666666667,6
"Canela","Sudan","Aug-2024",1,0.1,0.1,1
"Canela","Suriname","Aug-2024",1,0.5666666666666667,0.5666666666666667,3
"Canela","Sweden","Aug-2024",46,232.68333333333345,5.058333333333334,150
"Canela","Switzerland","Aug-2024",16,60.866666666666646,3.8041666666666667,34
"Canela","Syria","Aug-2024",30,27.883333333333326,0.9294444444444444,42
"Canela","São Tomé and Príncipe","Aug-2024",3,9.3,3.1,3
"Canela","Taiwan","Aug-2024",13,9.483333333333334,0.7294871794871794,16
"Canela","Tanzania","Aug-2024",4,2.466666666666667,0.6166666666666667,5
"Canela","Thailand","Aug-2024",24,20.849999999999998,0.86875,30
"Canela","Timor-Leste","Aug-2024",3,0.6,0.19999999999999998,3
"Canela","Togo","Aug-2024",7,1.7166666666666666,0.24523809523809523,7
"Canela","Trinidad and Tobago","Aug-2024",32,154.36666666666667,4.823958333333334,45
"Canela","Tunisia","Aug-2024",26,29.866666666666674,1.1487179487179486,35
"Canela","Turkey","Aug-2024",228,141.84999999999968,0.6221491228070175,622
"Canela","Turkmenistan","Aug-2024",3,4.266666666666667,1.4222222222222223,10
"Canela","Turks and Caicos Islands","Aug-2024",1,0.05,0.05,1
"Canela","U.S. Virgin Islands","Aug-2024",6,5.066666666666666,0.8444444444444444,7
"Canela","Uganda","Aug-2024",3,1.6333333333333333,0.5444444444444444,3
"Canela","Ukraine","Aug-2024",23,139049.35000000006,6045.623913043479,504
"Canela","United Arab Emirates","Aug-2024",66,135.9833333333336,2.060353535353535,398
"Canela","United Kingdom","Aug-2024",1102,34611.666666666584,31.408045977011493,3575
"Canela","United States","Aug-2024",444605,13335643.800016364,29.994363086335063,1193609
"Canela","Unknown","Aug-2024",4848,127126.73333333543,26.22251100110011,11749
"Canela","Uruguay","Aug-2024",2558,23136.899999999743,9.04491790461298,7334
"Canela","Uzbekistan","Aug-2024",13,20.8,1.6,18
"Canela","Venezuela","Aug-2024",33606,452495.9999999422,13.464738439564364,144857
"Canela","Vietnam","Aug-2024",12,5.716666666666668,0.4763888888888889,12
"Canela","Yemen","Aug-2024",14,4.866666666666666,0.3476190476190476,15
"Canela","Zambia","Aug-2024",1,0.25,0.25,1
"Canela","Albania","Feb-2024",15,14.116666666666667,0.9411111111111111,17
"Canela","Algeria","Feb-2024",358,203.40000000000055,0.5681564245810056,568
"Canela","Andorra","Feb-2024",1,34.199999999999996,34.2,7
"Canela","Angola","Feb-2024",32,45.36666666666665,1.4177083333333333,38
"Canela","Antigua and Barbuda","Feb-2024",2,0.7666666666666666,0.38333333333333336,2
"Canela","Argentina","Feb-2024",13410,139364.21666666842,10.392559035545613,43989
"Canela","Armenia","Feb-2024",1,1.5166666666666668,1.5166666666666666,2
"Canela","Aruba","Feb-2024",3,0.8500000000000002,0.2833333333333333,8
"Canela","Australia","Feb-2024",54,110.41666666666666,2.044753086419753,73
"Canela","Austria","Feb-2024",12,35.03333333333333,2.9194444444444443,19
"Canela","Azerbaijan","Feb-2024",11,2.816666666666666,0.2560606060606061,16
"Canela","Bahamas","Feb-2024",8,52.483333333333334,6.560416666666667,10
"Canela","Bahrain","Feb-2024",6,4.2333333333333325,0.7055555555555556,7
"Canela","Bangladesh","Feb-2024",42,63.366666666666646,1.5087301587301587,102
"Canela","Barbados","Feb-2024",4,2.6999999999999997,0.675,5
"Canela","Belarus","Feb-2024",4,0.8,0.2,5
"Canela","Belgium","Feb-2024",48,21.38333333333334,0.4454861111111111,112
"Canela","Belize","Feb-2024",16,64.33333333333333,4.020833333333333,37
"Canela","Bolivia","Feb-2024",5905,70870.15000000157,12.001718882303132,22558
"Canela","Bosnia and Herzegovina","Feb-2024",4,3.066666666666667,0.7666666666666667,4
"Canela","Brazil","Feb-2024",3242,10401.166666666668,3.2082562204400573,5011
"Canela","Brunei","Feb-2024",6,1.1333333333333333,0.18888888888888888,8
"Canela","Bulgaria","Feb-2024",72,64.14999999999996,0.8909722222222223,228
"Canela","Burkina Faso","Feb-2024",3,0.15,0.049999999999999996,3
"Canela","Cambodia","Feb-2024",14,10.783333333333331,0.7702380952380953,17
"Canela","Cameroon","Feb-2024",1,0.5833333333333334,0.5833333333333334,1
"Canela","Canada","Feb-2024",306,181705.13333333292,593.8076252723312,1818
"Canela","Cape Verde","Feb-2024",2,0.23333333333333334,0.11666666666666667,2
"Canela","Chile","Feb-2024",11281,125114.03333333593,11.090686404869546,34860
"Canela","China","Feb-2024",1220,42367.61666666677,34.72755464480875,1764
"Canela","Colombia","Feb-2024",198902,1314105.9666672111,6.60680117176633,671588
"Canela","Congo - Brazzaville","Feb-2024",6,21.416666666666664,3.5694444444444446,10
"Canela","Congo - Kinshasa","Feb-2024",3,1.25,0.4166666666666667,3
"Canela","Costa Rica","Feb-2024",4119,30254.549999999428,7.345120174799709,12483
"Canela","Croatia","Feb-2024",12,32.66666666666666,2.722222222222222,25
"Canela","Cuba","Feb-2024",2155,11341.683333333254,5.262962103634957,6457
"Canela","Curaçao","Feb-2024",3,6.466666666666667,2.1555555555555554,22
"Canela","Cyprus","Feb-2024",3,0.9833333333333334,0.3277777777777778,7
"Canela","Czech Republic","Feb-2024",39,140.76666666666648,3.60940170940171,160
"Canela","Côte d’Ivoire","Feb-2024",4,1.9833333333333332,0.49583333333333335,4
"Canela","Denmark","Feb-2024",6,1.35,0.225,6
"Canela","Djibouti","Feb-2024",2,2.333333333333333,1.1666666666666667,2
"Canela","Dominican Republic","Feb-2024",9485,103378.95000000103,10.899204006325776,37967
"Canela","Ecuador","Feb-2024",15829,395524.6666666445,24.987343904647588,68485
"Canela","Egypt","Feb-2024",159,168.76666666666677,1.0614255765199163,304
"Canela","El Salvador","Feb-2024",4254,40926.71666666655,9.620760852530951,17706
"Canela","Equatorial Guinea","Feb-2024",2,43.48333333333333,21.741666666666667,4
"Canela","Estonia","Feb-2024",9,37.81666666666666,4.201851851851853,12
"Canela","Ethiopia","Feb-2024",8,3.9666666666666663,0.49583333333333335,8
"Canela","Finland","Feb-2024",10,66469.1,6646.910000000001,215
"Canela","France","Feb-2024",188,47264.450000000026,251.4066489361702,444
"Canela","French Guiana","Feb-2024",1,0.06666666666666667,0.06666666666666667,1
"Canela","Gabon","Feb-2024",1,1,1,1
"Canela","Gambia","Feb-2024",1,0.5333333333333333,0.5333333333333333,1
"Canela","Georgia","Feb-2024",3,0.25,0.08333333333333333,3
"Canela","Germany","Feb-2024",368,59169.86666666688,160.7876811594203,961
"Canela","Greece","Feb-2024",80,278.20000000000005,3.4775,160
"Canela","Grenada","Feb-2024",1,10.983333333333334,10.983333333333333,6
"Canela","Guatemala","Feb-2024",4823,47872.20000000043,9.925813808832675,17812
"Canela","Guinea","Feb-2024",2,0.36666666666666664,0.18333333333333332,2
"Canela","Guinea-Bissau","Feb-2024",1,0.7333333333333333,0.7333333333333333,1
"Canela","Haiti","Feb-2024",4,2.216666666666667,0.5541666666666667,3
"Canela","Honduras","Feb-2024",3504,36394.366666666494,10.386520167427703,16073
"Canela","Hong Kong","Feb-2024",27,152.666666666667,5.65432098765432,229
"Canela","Hungary","Feb-2024",7,9.366666666666665,1.3380952380952382,7
"Canela","Iceland","Feb-2024",3,7.050000000000001,2.35,3
"Canela","India","Feb-2024",291,506.58333333333456,1.740836197021764,725
"Canela","Indonesia","Feb-2024",151,583.1500000000003,3.861920529801324,244
"Canela","Iran","Feb-2024",390,688.2166666666662,1.7646581196581197,535
"Canela","Iraq","Feb-2024",136,126.39999999999989,0.9294117647058824,188
"Canela","Ireland","Feb-2024",13,3.8,0.29230769230769227,14
"Canela","Israel","Feb-2024",46,32.1666666666667,0.6992753623188406,96
"Canela","Italy","Feb-2024",163,183.53333333333327,1.1259713701431493,381
"Canela","Jamaica","Feb-2024",18,2.933333333333333,0.16296296296296295,29
"Canela","Japan","Feb-2024",60,9437.06666666657,157.28444444444446,6391
"Canela","Jordan","Feb-2024",27,24.95,0.924074074074074,32
"Canela","Kazakhstan","Feb-2024",5,12.316666666666666,2.4633333333333334,5
"Canela","Kenya","Feb-2024",6,7.783333333333333,1.2972222222222223,6
"Canela","Kuwait","Feb-2024",16,11.150000000000002,0.696875,35
"Canela","Latvia","Feb-2024",2,2.75,1.375,2
"Canela","Lebanon","Feb-2024",27,11.733333333333336,0.43456790123456784,40
"Canela","Libya","Feb-2024",17,17.48333333333333,1.0284313725490197,23
"Canela","Lithuania","Feb-2024",8,3.999999999999999,0.5,10
"Canela","Luxembourg","Feb-2024",3,2.35,0.7833333333333333,3
"Canela","Macau SAR China","Feb-2024",5,6639.766666666666,1327.9533333333334,335
"Canela","Macedonia","Feb-2024",1,2.8833333333333333,2.8833333333333333,1
"Canela","Malaysia","Feb-2024",63,166.30000000000007,2.63968253968254,81
"Canela","Maldives","Feb-2024",2,0.26666666666666666,0.13333333333333333,2
"Canela","Mali","Feb-2024",2,0.11666666666666667,0.058333333333333334,2
"Canela","Malta","Feb-2024",2,1.4666666666666666,0.7333333333333333,3
"Canela","Mauritania","Feb-2024",1,0.03333333333333333,0.03333333333333333,1
"Canela","Mauritius","Feb-2024",3,2.316666666666667,0.7722222222222223,3
"Canela","Mexico","Feb-2024",443983,3239875.1499995263,7.2972955045576064,1245674
"Canela","Moldova","Feb-2024",2,0.21666666666666667,0.10833333333333334,3
"Canela","Monaco","Feb-2024",1,0.03333333333333333,0.03333333333333333,1
"Canela","Montenegro","Feb-2024",2,0.31666666666666665,0.15833333333333333,2
"Canela","Morocco","Feb-2024",171,214.18333333333322,1.2525341130604288,325
"Canela","Mozambique","Feb-2024",7,5.483333333333333,0.7833333333333333,10
"Canela","Myanmar [Burma]","Feb-2024",287,1639.449999999999,5.712369337979094,328
"Canela","Namibia","Feb-2024",1,4.383333333333334,4.383333333333334,3
"Canela","Nepal","Feb-2024",1,0.11666666666666667,0.11666666666666667,1
"Canela","Netherlands","Feb-2024",113,80274.93333333338,710.3976401179941,353
"Canela","New Zealand","Feb-2024",4,1.7,0.425,4
"Canela","Nicaragua","Feb-2024",1944,15770.399999999932,8.112345679012346,7541
"Canela","Nigeria","Feb-2024",5,7,1.4,5
"Canela","Norway","Feb-2024",5,26.333333333333336,5.266666666666667,7
"Canela","Oman","Feb-2024",6,5.833333333333333,0.9722222222222222,5
"Canela","Pakistan","Feb-2024",81,49.64999999999996,0.6129629629629629,161
"Canela","Palestinian Territories","Feb-2024",9,1.6,0.17777777777777778,15
"Canela","Panama","Feb-2024",1681,16710.566666666655,9.940848701169937,5606
"Canela","Paraguay","Feb-2024",1334,52290.83333333365,39.19852573713143,5593
"Canela","Peru","Feb-2024",14446,468553.8833333094,32.434852785084686,61141
"Canela","Philippines","Feb-2024",24,371.09999999999997,15.4625,36
"Canela","Poland","Feb-2024",54,23771.383333333313,440.21080246913584,188
"Canela","Portugal","Feb-2024",130,468.98333333333375,3.6075641025641025,271
"Canela","Puerto Rico","Feb-2024",9821,122388.15000000224,12.461882700336014,42242
"Canela","Qatar","Feb-2024",3,0.4333333333333333,0.14444444444444446,3
"Canela","Romania","Feb-2024",75,79006.3166666668,1053.4175555555555,1276
"Canela","Russia","Feb-2024",95,740.0166666666665,7.789649122807018,208
"Canela","Réunion","Feb-2024",2,0.6,0.3,2
"Canela","Saint Vincent and the Grenadines","Feb-2024",1,0.26666666666666666,0.26666666666666666,1
"Canela","Saudi Arabia","Feb-2024",142,435.80000000000126,3.0690140845070424,351
"Canela","Senegal","Feb-2024",3,1.5333333333333332,0.5111111111111112,3
"Canela","Serbia","Feb-2024",15,28.550000000000008,1.9033333333333333,43
"Canela","Singapore","Feb-2024",71,59.83333333333329,0.8427230046948357,145
"Canela","Sint Maarten","Feb-2024",2,1.55,0.775,2
"Canela","Slovakia","Feb-2024",23,45.683333333333316,1.986231884057971,91
"Canela","Slovenia","Feb-2024",4,1.9333333333333338,0.48333333333333334,29
"Canela","South Africa","Feb-2024",35,57.4,1.64,41
"Canela","South Korea","Feb-2024",10,29.566666666666663,2.9566666666666666,16
"Canela","Spain","Feb-2024",1272,5210.566666666728,4.096357442348008,3327
"Canela","Sri Lanka","Feb-2024",2,0.43333333333333335,0.21666666666666667,2
"Canela","Suriname","Feb-2024",2,7.9333333333333345,3.966666666666667,2
"Canela","Sweden","Feb-2024",42,44.83333333333333,1.0674603174603174,126
"Canela","Switzerland","Feb-2024",20,20.000000000000004,1,31
"Canela","Syria","Feb-2024",18,8.833333333333332,0.49074074074074076,18
"Canela","Taiwan","Feb-2024",11,22740.21666666666,2067.292424242424,74
"Canela","Tajikistan","Feb-2024",1,0.06666666666666667,0.06666666666666667,1
"Canela","Thailand","Feb-2024",12,2.1499999999999995,0.17916666666666667,24
"Canela","Togo","Feb-2024",1,0.1,0.1,1
"Canela","Trinidad and Tobago","Feb-2024",20,5.2833333333333306,0.26416666666666666,22
"Canela","Tunisia","Feb-2024",29,22.03333333333334,0.7597701149425288,37
"Canela","Turkey","Feb-2024",315,221.1000000000003,0.7019047619047619,727
"Canela","U.S. Virgin Islands","Feb-2024",7,5.916666666666667,0.8452380952380952,10
"Canela","Uganda","Feb-2024",12,25.08333333333333,2.0902777777777777,25
"Canela","Ukraine","Feb-2024",21,22.1,1.0523809523809524,37
"Canela","United Arab Emirates","Feb-2024",42,46.18333333333334,1.0996031746031745,57
"Canela","United Kingdom","Feb-2024",253,402.2166666666674,1.5897891963109354,626
"Canela","United States","Feb-2024",325885,6600688.016662503,20.254654300341123,873549
"Canela","Unknown","Feb-2024",18026,275198.6166666514,15.266760050297716,55089
"Canela","Uruguay","Feb-2024",1682,20345.099999999846,12.09577883472057,5082
"Canela","Uzbekistan","Feb-2024",21,10.983333333333334,0.5230158730158729,22
"Canela","Venezuela","Feb-2024",23776,270202.9166666539,11.364523749439211,93897
"Canela","Vietnam","Feb-2024",5,1.5666666666666667,0.31333333333333335,5
"Canela","Yemen","Feb-2024",22,17.90000000000001,0.8136363636363636,27
"Canela","Afghanistan","Jan-2024",2,0.08333333333333333,0.041666666666666664,2
"Canela","Albania","Jan-2024",20,64.09999999999998,3.2049999999999996,66
"Canela","Algeria","Jan-2024",429,224.8833333333334,0.5242035742035742,480
"Canela","Andorra","Jan-2024",3,2.233333333333333,0.7444444444444445,5
"Canela","Angola","Jan-2024",12,16.95,1.4124999999999999,14
"Canela","Antigua and Barbuda","Jan-2024",1,0.11666666666666667,0.11666666666666667,2
"Canela","Argentina","Jan-2024",12771,129463.01666666845,10.137265419048365,41214
"Canela","Aruba","Jan-2024",2,29.55,14.775,26
"Canela","Australia","Jan-2024",34,120.8499999999999,3.554411764705882,139
"Canela","Austria","Jan-2024",16,34.76666666666666,2.1729166666666666,48
"Canela","Azerbaijan","Jan-2024",12,3.416666666666666,0.2847222222222222,18
"Canela","Bahamas","Jan-2024",4,1.9000000000000001,0.475,4
"Canela","Bahrain","Jan-2024",3,0.7833333333333334,0.2611111111111111,2
"Canela","Bangladesh","Jan-2024",12,17.033333333333335,1.4194444444444445,19
"Canela","Barbados","Jan-2024",12,4.016666666666667,0.3347222222222222,15
"Canela","Belarus","Jan-2024",7,1.9333333333333333,0.2761904761904762,8
"Canela","Belgium","Jan-2024",25,55.416666666666664,2.216666666666667,29
"Canela","Belize","Jan-2024",13,112.23333333333333,8.633333333333333,31
"Canela","Bermuda","Jan-2024",2,2.5833333333333335,1.2916666666666667,2
"Canela","Bolivia","Jan-2024",6528,78643.70000000064,12.047135416666666,25875
"Canela","Bosnia and Herzegovina","Jan-2024",2,0.25,0.125,2
"Canela","Brazil","Jan-2024",2939,7775.766666666703,2.64571849835545,4303
"Canela","Brunei","Jan-2024",5,0.5666666666666667,0.11333333333333333,5
"Canela","Bulgaria","Jan-2024",25,101.78333333333318,4.0713333333333335,112
"Canela","Burkina Faso","Jan-2024",3,0.33333333333333337,0.1111111111111111,3
"Canela","Cambodia","Jan-2024",5,5.55,1.1099999999999999,5
"Canela","Cameroon","Jan-2024",4,6.433333333333333,1.6083333333333334,7
"Canela","Canada","Jan-2024",264,151298.8,573.1015151515151,1359
"Canela","Cape Verde","Jan-2024",2,4.366666666666667,2.183333333333333,3
"Canela","Caribbean Netherlands","Jan-2024",1,0.5166666666666667,0.5166666666666667,1
"Canela","Chile","Jan-2024",11459,137270.8833333344,11.9793073857521,36231
"Canela","China","Jan-2024",806,44533.66666666678,55.25268817204301,1272
"Canela","Colombia","Jan-2024",175250,1194446.4666672342,6.815671707085116,613891
"Canela","Congo - Brazzaville","Jan-2024",1,0.03333333333333333,0.03333333333333333,1
"Canela","Congo - Kinshasa","Jan-2024",2,1.1,0.55,2
"Canela","Costa Rica","Jan-2024",4309,38358.399999999776,8.901926200974705,12453
"Canela","Croatia","Jan-2024",14,14.466666666666667,1.0333333333333334,13
"Canela","Cuba","Jan-2024",2443,13517.633333333308,5.5332105334970665,7499
"Canela","Curaçao","Jan-2024",4,1.9833333333333334,0.49583333333333335,7
"Canela","Cyprus","Jan-2024",1,0.2833333333333333,0.2833333333333333,1
"Canela","Czech Republic","Jan-2024",9,10.950000000000003,1.2166666666666666,11
"Canela","Côte d’Ivoire","Jan-2024",6,7.616666666666667,1.2694444444444444,6
"Canela","Denmark","Jan-2024",8,1.5499999999999998,0.19375,13
"Canela","Dominican Republic","Jan-2024",9941,104848.28333333494,10.54705596351809,40166
"Canela","Ecuador","Jan-2024",16928,416858.7499999773,24.62539874763705,76191
"Canela","Egypt","Jan-2024",156,94.14999999999989,0.6035256410256411,188
"Canela","El Salvador","Jan-2024",4613,52756.100000000784,11.436397138521569,20246
"Canela","Equatorial Guinea","Jan-2024",2,552.9,276.45,4
"Canela","Estonia","Jan-2024",6,6.6,1.0999999999999999,6
"Canela","Ethiopia","Jan-2024",4,0.9,0.225,4
"Canela","Finland","Jan-2024",9,437.5333333333333,48.61481481481482,28
"Canela","France","Jan-2024",160,50947.5166666667,318.4219791666667,322
"Canela","Gabon","Jan-2024",3,2.5500000000000003,0.85,3
"Canela","Georgia","Jan-2024",7,9.683333333333334,1.3833333333333333,12
"Canela","Germany","Jan-2024",274,127779.15000000004,466.3472627737226,842
"Canela","Ghana","Jan-2024",4,4309.299999999999,1077.325,17
"Canela","Greece","Jan-2024",30,31.700000000000006,1.0566666666666666,37
"Canela","Guadeloupe","Jan-2024",2,12.6,6.3,3
"Canela","Guatemala","Jan-2024",4961,52654.283333333755,10.61364308271182,18683
"Canela","Guinea","Jan-2024",2,4.683333333333334,2.341666666666667,4
"Canela","Guinea-Bissau","Jan-2024",1,0.06666666666666667,0.06666666666666667,1
"Canela","Haiti","Jan-2024",6,2.1166666666666667,0.3527777777777778,6
"Canela","Honduras","Jan-2024",3970,38376.91666666638,9.666729638958858,17030
"Canela","Hong Kong","Jan-2024",55,26.516666666666673,0.4821212121212121,68
"Canela","Hungary","Jan-2024",16,5.6,0.35,21
"Canela","India","Jan-2024",103,19109.149999999725,185.5257281553398,9992
"Canela","Indonesia","Jan-2024",137,126.24999999999997,0.9215328467153284,169
"Canela","Iran","Jan-2024",252,398.83333333333337,1.5826719576719577,288
"Canela","Iraq","Jan-2024",126,126.51666666666657,1.0041005291005292,173
"Canela","Ireland","Jan-2024",20,14.883333333333333,0.7441666666666666,28
"Canela","Israel","Jan-2024",23,27.733333333333338,1.2057971014492754,25
"Canela","Italy","Jan-2024",92,136.86666666666667,1.48768115942029,111
"Canela","Jamaica","Jan-2024",10,4.6499999999999995,0.465,10
"Canela","Japan","Jan-2024",67,21282.433333332945,317.6482587064677,9185
"Canela","Jordan","Jan-2024",48,64.48333333333333,1.3434027777777777,101
"Canela","Kazakhstan","Jan-2024",2,0.45,0.225,2
"Canela","Kenya","Jan-2024",9,6.116666666666666,0.6796296296296296,9
"Canela","Kuwait","Jan-2024",11,2.65,0.2409090909090909,13
"Canela","Latvia","Jan-2024",4,0.6833333333333332,0.17083333333333334,8
"Canela","Lebanon","Jan-2024",31,15.766666666666675,0.5086021505376345,38
"Canela","Liberia","Jan-2024",1,0.1,0.1,1
"Canela","Libya","Jan-2024",17,6.999999999999999,0.4117647058823529,18
"Canela","Lithuania","Jan-2024",7,11.46666666666667,1.638095238095238,13
"Canela","Luxembourg","Jan-2024",2,0.5666666666666667,0.2833333333333333,2
"Canela","Macau SAR China","Jan-2024",1,2636.499999999999,2636.5,521
"Canela","Macedonia","Jan-2024",11,12.199999999999998,1.1090909090909091,19
"Canela","Madagascar","Jan-2024",1,2.2333333333333334,2.2333333333333334,1
"Canela","Malawi","Jan-2024",1,4.35,4.35,1
"Canela","Malaysia","Jan-2024",71,313.6,4.416901408450705,80
"Canela","Maldives","Jan-2024",1,0.5,0.5,2
"Canela","Mali","Jan-2024",2,4.6,2.3,3
"Canela","Malta","Jan-2024",3,0.35,0.11666666666666665,3
"Canela","Martinique","Jan-2024",1,0.06666666666666667,0.06666666666666667,1
"Canela","Mauritius","Jan-2024",2,0.2833333333333333,0.14166666666666666,3
"Canela","Mexico","Jan-2024",379462,2937236.466666602,7.740528608046832,1060433
"Canela","Moldova","Jan-2024",3,0.65,0.21666666666666667,9
"Canela","Mongolia","Jan-2024",1,41320.11666666667,41320.11666666667,134
"Canela","Montenegro","Jan-2024",2,0.08333333333333334,0.041666666666666664,2
"Canela","Morocco","Jan-2024",180,155.18333333333314,0.8621296296296297,423
"Canela","Mozambique","Jan-2024",2,5.8,2.9,3
"Canela","Myanmar [Burma]","Jan-2024",229,1172.1666666666667,5.118631732168851,263
"Canela","Namibia","Jan-2024",2,0.9166666666666666,0.4583333333333333,2
"Canela","Netherlands","Jan-2024",95,61384.86666666674,646.1564912280702,312
"Canela","New Zealand","Jan-2024",3,1.95,0.65,4
"Canela","Nicaragua","Jan-2024",2080,12581.166666666677,6.048637820512821,6498
"Canela","Nigeria","Jan-2024",7,5.25,0.75,7
"Canela","Norway","Jan-2024",7,1.6833333333333333,0.24047619047619048,11
"Canela","Oman","Jan-2024",8,11.233333333333334,1.4041666666666666,12
"Canela","Pakistan","Jan-2024",59,59.400000000000006,1.006779661016949,73
"Canela","Palestinian Territories","Jan-2024",10,2.533333333333333,0.2533333333333333,11
"Canela","Panama","Jan-2024",1676,17445.283333333246,10.408880270485282,5994
"Canela","Paraguay","Jan-2024",1336,54014.8333333335,40.43026447105789,5991
"Canela","Peru","Jan-2024",15596,245925.33333333148,15.768487646405061,58500
"Canela","Philippines","Jan-2024",16,8.500000000000002,0.53125,23
"Canela","Poland","Jan-2024",33,36823.61666666665,1115.8671717171717,139
"Canela","Portugal","Jan-2024",59,216.88333333333333,3.6759887005649716,81
"Canela","Puerto Rico","Jan-2024",10734,126478.7166666688,11.78299950313645,47940
"Canela","Qatar","Jan-2024",5,0.35,0.06999999999999999,5
"Canela","Romania","Jan-2024",41,15306.116666666667,373.319918699187,645
"Canela","Russia","Jan-2024",113,288.4666666666667,2.5528023598820058,189
"Canela","Saint Lucia","Jan-2024",1,0.13333333333333333,0.13333333333333333,1
"Canela","Saint Vincent and the Grenadines","Jan-2024",1,0.11666666666666667,0.11666666666666667,1
"Canela","Saudi Arabia","Jan-2024",99,61.06666666666666,0.6168350168350168,122
"Canela","Senegal","Jan-2024",4,4.566666666666666,1.1416666666666666,4
"Canela","Serbia","Jan-2024",25,17.366666666666667,0.6946666666666667,28
"Canela","Sierra Leone","Jan-2024",2,0.13333333333333333,0.06666666666666667,2
"Canela","Singapore","Jan-2024",37,78.68333333333327,2.1265765765765767,56
"Canela","Slovakia","Jan-2024",14,7.166666666666665,0.511904761904762,20
"Canela","Slovenia","Jan-2024",3,10.700000000000001,3.5666666666666664,4
"Canela","Somalia","Jan-2024",1,0.48333333333333334,0.48333333333333334,1
"Canela","South Africa","Jan-2024",21,80.86666666666667,3.8507936507936504,21
"Canela","South Korea","Jan-2024",10,2.4000000000000004,0.24,14
"Canela","Spain","Jan-2024",917,1569.69999999999,1.7117775354416576,1532
"Canela","Suriname","Jan-2024",1,0.016666666666666666,0.016666666666666666,1
"Canela","Sweden","Jan-2024",42,248.5,5.916666666666667,58
"Canela","Switzerland","Jan-2024",23,47.01666666666664,2.044202898550725,90
"Canela","Syria","Jan-2024",15,9.166666666666664,0.611111111111111,16
"Canela","São Tomé and Príncipe","Jan-2024",1,0.6166666666666667,0.6166666666666667,1
"Canela","Taiwan","Jan-2024",30,16139.999999999989,538,133
"Canela","Thailand","Jan-2024",14,11.666666666666666,0.8333333333333333,14
"Canela","Trinidad and Tobago","Jan-2024",10,10.450000000000001,1.045,17
"Canela","Tunisia","Jan-2024",44,96.14999999999996,2.185227272727273,59
"Canela","Turkey","Jan-2024",242,120.33333333333323,0.49724517906336085,332
"Canela","U.S. Virgin Islands","Jan-2024",6,132.71666666666667,22.119444444444444,11
"Canela","Uganda","Jan-2024",3,19.466666666666665,6.488888888888888,7
"Canela","Ukraine","Jan-2024",34,53.14999999999999,1.563235294117647,74
"Canela","United Arab Emirates","Jan-2024",21,51.24999999999999,2.4404761904761907,32
"Canela","United Kingdom","Jan-2024",232,513.6999999999997,2.214224137931035,783
"Canela","United States","Jan-2024",334054,6644772.166663303,19.89131148457036,916063
"Canela","Unknown","Jan-2024",15928,288899.2999999856,18.137826469110998,53928
"Canela","Uruguay","Jan-2024",1667,27936.866666666527,16.75876824635073,5961
"Canela","Uzbekistan","Jan-2024",21,27.16666666666668,1.2936507936507937,26
"Canela","Venezuela","Jan-2024",24353,258734.83333332842,10.624351551485786,95532
"Canela","Vietnam","Jan-2024",9,16.083333333333336,1.787037037037037,11
"Canela","Yemen","Jan-2024",19,6.033333333333335,0.3175438596491228,20
"Canela","Zimbabwe","Jan-2024",1,0.16666666666666666,0.16666666666666666,1
"Canela","Afghanistan","Jul-2024",1,2.3833333333333333,2.3833333333333333,1
"Canela","Albania","Jul-2024",33,28.233333333333334,0.8555555555555556,73
"Canela","Algeria","Jul-2024",293,321.6666666666667,1.0978384527872582,445
"Canela","Andorra","Jul-2024",5,0.9166666666666667,0.18333333333333332,11
"Canela","Angola","Jul-2024",57,148.28333333333333,2.6014619883040937,78
"Canela","Anguilla","Jul-2024",2,3.0666666666666664,1.5333333333333334,2
"Canela","Antigua and Barbuda","Jul-2024",2,0.26666666666666666,0.13333333333333333,2
"Canela","Argentina","Jul-2024",20860,252511.53333333222,12.105059124320869,65879
"Canela","Armenia","Jul-2024",1,0.15,0.15,3
"Canela","Aruba","Jul-2024",1,2.533333333333333,2.533333333333333,5
"Canela","Australia","Jul-2024",381,1608.4499999999978,4.221653543307086,632
"Canela","Austria","Jul-2024",20,17.083333333333332,0.8541666666666666,26
"Canela","Azerbaijan","Jul-2024",9,2.1666666666666665,0.24074074074074073,9
"Canela","Bahamas","Jul-2024",9,7.916666666666666,0.8796296296296297,11
"Canela","Bahrain","Jul-2024",13,31.200000000000006,2.4,16
"Canela","Bangladesh","Jul-2024",80,333.34999999999997,4.166875,150
"Canela","Barbados","Jul-2024",11,2.5833333333333335,0.23484848484848486,12
"Canela","Belarus","Jul-2024",4,12.35,3.0875,6
"Canela","Belgium","Jul-2024",38,10981.083333333325,288.97587719298247,1508
"Canela","Belize","Jul-2024",90,2533.9666666666676,28.155185185185186,207
"Canela","Benin","Jul-2024",2,0.6166666666666667,0.30833333333333335,2
"Canela","Bermuda","Jul-2024",1,2.9,2.9,1
"Canela","Bolivia","Jul-2024",10178,185517.23333333107,18.227277788694572,39579
"Canela","Bosnia and Herzegovina","Jul-2024",6,2,0.3333333333333333,9
"Canela","Botswana","Jul-2024",1,0.1,0.1,1
"Canela","Brazil","Jul-2024",3204,144103.9166666634,44.97625364128173,36375
"Canela","Brunei","Jul-2024",3,1.8833333333333333,0.6277777777777778,3
"Canela","Bulgaria","Jul-2024",38,17.950000000000014,0.47236842105263155,134
"Canela","Burkina Faso","Jul-2024",8,2.4666666666666672,0.30833333333333335,9
"Canela","Cambodia","Jul-2024",7,2.25,0.32142857142857145,9
"Canela","Cameroon","Jul-2024",1,0.05,0.05,1
"Canela","Canada","Jul-2024",916,204938.84999999858,223.73236899563318,3620
"Canela","Cape Verde","Jul-2024",3,0.6166666666666667,0.20555555555555557,3
"Canela","Caribbean Netherlands","Jul-2024",6,2.4333333333333336,0.4055555555555555,14
"Canela","Cayman Islands","Jul-2024",1,0.08333333333333333,0.08333333333333333,1
"Canela","Chile","Jul-2024",14548,154631.96666666787,10.629087618000185,45852
"Canela","China","Jul-2024",657,45537.9333333337,69.3119228817859,1431
"Canela","Colombia","Jul-2024",382833,2451229.2666666918,6.402868265449078,1329327
"Canela","Congo - Brazzaville","Jul-2024",7,2.683333333333333,0.3833333333333333,10
"Canela","Congo - Kinshasa","Jul-2024",9,43.65,4.85,9
"Canela","Costa Rica","Jul-2024",4696,37107.29999999948,7.901895229982965,14303
"Canela","Croatia","Jul-2024",11,2.2,0.2,15
"Canela","Cuba","Jul-2024",2164,12489.233333333304,5.771364756623536,6171
"Canela","Curaçao","Jul-2024",13,32.733333333333334,2.517948717948718,26
"Canela","Czech Republic","Jul-2024",20,22.666666666666668,1.1333333333333333,60
"Canela","Côte d’Ivoire","Jul-2024",15,11.883333333333335,0.7922222222222222,18
"Canela","Denmark","Jul-2024",8,6.75,0.84375,13
"Canela","Dominican Republic","Jul-2024",10479,108235.38333333563,10.328789324681107,42685
"Canela","Ecuador","Jul-2024",21644,553442.2666666202,25.570239635310788,84456
"Canela","Egypt","Jul-2024",131,372.55000000000035,2.8438931297709926,199
"Canela","El Salvador","Jul-2024",4926,48412.866666667156,9.828028149952633,21431
"Canela","Equatorial Guinea","Jul-2024",3,2.5500000000000003,0.85,6
"Canela","Estonia","Jul-2024",4,0.3333333333333333,0.08333333333333333,5
"Canela","Ethiopia","Jul-2024",9,60.583333333333336,6.731481481481482,10
"Canela","Fiji","Jul-2024",1,0.43333333333333335,0.43333333333333335,1
"Canela","Finland","Jul-2024",28,7648.516666666671,273.1613095238095,110
"Canela","France","Jul-2024",260,44988.63333333339,173.0332051282051,626
"Canela","French Polynesia","Jul-2024",1,0.11666666666666667,0.11666666666666667,1
"Canela","Gabon","Jul-2024",8,4.783333333333333,0.5979166666666667,7
"Canela","Gambia","Jul-2024",2,0.39999999999999997,0.2,2
"Canela","Georgia","Jul-2024",10,5.033333333333332,0.5033333333333333,15
"Canela","Germany","Jul-2024",1276,424287.7666666597,332.5139237199582,60508
"Canela","Ghana","Jul-2024",8,7.683333333333334,0.9604166666666667,10
"Canela","Greece","Jul-2024",48,82.66666666666664,1.7222222222222223,84
"Canela","Grenada","Jul-2024",1,0.21666666666666667,0.21666666666666667,1
"Canela","Guadeloupe","Jul-2024",1,0.9666666666666667,0.9666666666666667,1
"Canela","Guatemala","Jul-2024",6855,50907.95000000098,7.426396790663748,23873
"Canela","Guinea","Jul-2024",4,1.3333333333333333,0.3333333333333333,5
"Canela","Guyana","Jul-2024",6,3.4499999999999997,0.5750000000000001,5
"Canela","Haiti","Jul-2024",3,5.9833333333333325,1.9944444444444445,3
"Canela","Honduras","Jul-2024",4076,43682.116666666756,10.71690791625777,18208
"Canela","Hong Kong","Jul-2024",50,32.76666666666671,0.6553333333333333,263
"Canela","Hungary","Jul-2024",10,5.8,0.58,10
"Canela","Iceland","Jul-2024",1,0.05,0.05,1
"Canela","India","Jul-2024",381,2339.666666666739,6.140857392825897,3152
"Canela","Indonesia","Jul-2024",324,430.76666666666705,1.3295267489711933,436
"Canela","Iran","Jul-2024",219,305.9666666666666,1.3971080669710805,270
"Canela","Iraq","Jul-2024",428,889.6499999999986,2.078621495327103,735
"Canela","Ireland","Jul-2024",78,54.54999999999994,0.6993589743589743,180
"Canela","Israel","Jul-2024",51,71.56666666666666,1.403267973856209,101
"Canela","Italy","Jul-2024",174,187.0500000000002,1.075,325
"Canela","Jamaica","Jul-2024",15,20.866666666666667,1.3911111111111112,75
"Canela","Japan","Jul-2024",155,5604.349999999976,36.15709677419355,1427
"Canela","Jordan","Jul-2024",65,105.86666666666666,1.6287179487179486,101
"Canela","Kenya","Jul-2024",11,3.6499999999999995,0.3318181818181818,20
"Canela","Kuwait","Jul-2024",30,27.483333333333334,0.9161111111111111,51
"Canela","Latvia","Jul-2024",5,0.4833333333333333,0.09666666666666666,6
"Canela","Lebanon","Jul-2024",28,16.816666666666666,0.6005952380952381,52
"Canela","Libya","Jul-2024",21,16.466666666666665,0.784126984126984,31
"Canela","Lithuania","Jul-2024",9,2.7666666666666666,0.3074074074074074,11
"Canela","Luxembourg","Jul-2024",11,2.666666666666667,0.2424242424242424,16
"Canela","Macau SAR China","Jul-2024",1,485.7999999999999,485.8,76
"Canela","Macedonia","Jul-2024",17,9.866666666666667,0.5803921568627451,37
"Canela","Madagascar","Jul-2024",1,0.23333333333333334,0.23333333333333334,1
"Canela","Malawi","Jul-2024",2,0.8333333333333333,0.4166666666666667,2
"Canela","Malaysia","Jul-2024",87,95.13333333333335,1.0934865900383142,109
"Canela","Maldives","Jul-2024",14,19.133333333333333,1.3666666666666667,18
"Canela","Mali","Jul-2024",3,5.45,1.8166666666666667,3
"Canela","Malta","Jul-2024",5,1.2333333333333334,0.24666666666666667,6
"Canela","Martinique","Jul-2024",3,3.1333333333333337,1.0444444444444445,11
"Canela","Mauritania","Jul-2024",3,1.1,0.3666666666666667,5
"Canela","Mauritius","Jul-2024",4,2.8499999999999996,0.7125,4
"Canela","Mayotte","Jul-2024",1,0.4666666666666667,0.4666666666666667,2
"Canela","Mexico","Jul-2024",706253,4567583.68332829,6.467347654924416,1959862
"Canela","Moldova","Jul-2024",1,0.11666666666666667,0.11666666666666667,1
"Canela","Mongolia","Jul-2024",1,0.06666666666666667,0.06666666666666667,1
"Canela","Montenegro","Jul-2024",2,0.5666666666666668,0.2833333333333333,2
"Canela","Morocco","Jul-2024",199,158.70000000000005,0.7974874371859296,291
"Canela","Mozambique","Jul-2024",12,11.583333333333332,0.9652777777777778,16
"Canela","Myanmar [Burma]","Jul-2024",181,480.00000000000006,2.6519337016574585,210
"Canela","Namibia","Jul-2024",2,0.8666666666666667,0.43333333333333335,3
"Canela","Nepal","Jul-2024",2,0.48333333333333334,0.24166666666666667,2
"Canela","Netherlands","Jul-2024",715,54274.83333333342,75.90885780885782,1095
"Canela","New Zealand","Jul-2024",29,354.6000000000003,12.227586206896552,64
"Canela","Nicaragua","Jul-2024",2366,33712.88333333305,14.248894054663285,8797
"Canela","Nigeria","Jul-2024",25,7.733333333333334,0.30933333333333335,28
"Canela","Norway","Jul-2024",14,320.25000000000006,22.875,17
"Canela","Oman","Jul-2024",12,21.766666666666673,1.8138888888888889,16
"Canela","Pakistan","Jul-2024",85,108.6999999999999,1.2788235294117647,129
"Canela","Palestinian Territories","Jul-2024",13,4.616666666666666,0.3551282051282051,15
"Canela","Panama","Jul-2024",2134,26271.73333333307,12.311027803811308,8986
"Canela","Papua New Guinea","Jul-2024",1,0.03333333333333333,0.03333333333333333,1
"Canela","Paraguay","Jul-2024",2232,74162.60000000046,33.22697132616488,9281
"Canela","Peru","Jul-2024",104355,809866.3833335132,7.760685959784709,337170
"Canela","Philippines","Jul-2024",55,18.85000000000001,0.34272727272727277,58
"Canela","Poland","Jul-2024",52,122.73333333333325,2.3602564102564103,124
"Canela","Portugal","Jul-2024",185,397.31666666666706,2.147657657657658,420
"Canela","Puerto Rico","Jul-2024",11233,138073.75000000105,12.291796492477522,45327
"Canela","Qatar","Jul-2024",13,24.033333333333335,1.8487179487179488,32
"Canela","Romania","Jul-2024",52,78222.26666666658,1504.2743589743588,1325
"Canela","Russia","Jul-2024",101,467.70000000000033,4.630693069306931,212
"Canela","Réunion","Jul-2024",4,2.3666666666666663,0.5916666666666667,7
"Canela","Saint Lucia","Jul-2024",2,0.13333333333333333,0.06666666666666667,3
"Canela","Saudi Arabia","Jul-2024",137,133.96666666666655,0.9778588807785888,217
"Canela","Senegal","Jul-2024",15,8.133333333333333,0.5422222222222222,22
"Canela","Serbia","Jul-2024",17,9.683333333333334,0.5696078431372549,20
"Canela","Seychelles","Jul-2024",2,0.25,0.125,2
"Canela","Sierra Leone","Jul-2024",2,0.4666666666666666,0.23333333333333334,3
"Canela","Singapore","Jul-2024",148,690.2166666666674,4.663626126126126,923
"Canela","Sint Maarten","Jul-2024",1,1.15,1.15,1
"Canela","Slovakia","Jul-2024",17,11.866666666666665,0.6980392156862746,25
"Canela","Slovenia","Jul-2024",9,2.833333333333334,0.3148148148148148,21
"Canela","Somalia","Jul-2024",3,3.35,1.1166666666666667,3
"Canela","South Africa","Jul-2024",34,24.75000000000001,0.7279411764705882,55
"Canela","South Korea","Jul-2024",158,28845.3166666664,182.5652953586498,6275
"Canela","Spain","Jul-2024",1902,5426.533333333418,2.8530669470732564,4469
"Canela","Sri Lanka","Jul-2024",3,3.483333333333334,1.1611111111111112,3
"Canela","Suriname","Jul-2024",4,8.016666666666666,2.004166666666667,9
"Canela","Sweden","Jul-2024",63,136.66666666666663,2.1693121693121693,207
"Canela","Switzerland","Jul-2024",22,168.68333333333334,7.667424242424243,45
"Canela","Syria","Jul-2024",11,1.75,0.1590909090909091,10
"Canela","Taiwan","Jul-2024",19,52.91666666666668,2.7850877192982453,23
"Canela","Tajikistan","Jul-2024",1,0.06666666666666667,0.06666666666666667,1
"Canela","Tanzania","Jul-2024",3,28.05,9.35,3
"Canela","Thailand","Jul-2024",19,21.666666666666664,1.1403508771929824,21
"Canela","Togo","Jul-2024",10,5.799999999999999,0.58,14
"Canela","Trinidad and Tobago","Jul-2024",39,8347.916666666668,214.0491452991453,78
"Canela","Tunisia","Jul-2024",18,6.499999999999999,0.3611111111111111,29
"Canela","Turkey","Jul-2024",255,513.7833333333343,2.0148366013071892,589
"Canela","Turkmenistan","Jul-2024",2,1.4,0.7,2
"Canela","U.S. Virgin Islands","Jul-2024",6,19.399999999999995,3.233333333333333,14
"Canela","Uganda","Jul-2024",3,2.3000000000000003,0.7666666666666666,4
"Canela","Ukraine","Jul-2024",25,138658.50000000026,5546.34,679
"Canela","United Arab Emirates","Jul-2024",86,1142.1333333333307,13.280620155038761,537
"Canela","United Kingdom","Jul-2024",929,6436.483333333311,6.928399712952996,2876
"Canela","United States","Jul-2024",493154,13869347.883353537,28.123766375885285,1248296
"Canela","Unknown","Jul-2024",21537,365521.049999973,16.97177183451734,61452
"Canela","Uruguay","Jul-2024",2547,19442.616666666596,7.633536186363041,6809
"Canela","Uzbekistan","Jul-2024",20,49.49999999999999,2.475,38
"Canela","Venezuela","Jul-2024",36258,405051.6999999416,11.171374593193226,148873
"Canela","Vietnam","Jul-2024",16,21.53333333333334,1.3458333333333334,23
"Canela","Yemen","Jul-2024",12,3.283333333333333,0.2736111111111111,12
"Canela","Zambia","Jul-2024",2,0.4833333333333333,0.24166666666666667,2
"Canela","Afghanistan","Jun-2024",1,0.15,0.15,1
"Canela","Albania","Jun-2024",22,14.700000000000005,0.6681818181818181,29
"Canela","Algeria","Jun-2024",236,304.1000000000001,1.2885593220338984,316
"Canela","Andorra","Jun-2024",5,3.3,0.6599999999999999,16
"Canela","Angola","Jun-2024",35,23.483333333333334,0.670952380952381,44
"Canela","Anguilla","Jun-2024",1,0.26666666666666666,0.26666666666666666,1
"Canela","Argentina","Jun-2024",16623,173725.99999999933,10.450941466642604,52353
"Canela","Armenia","Jun-2024",2,0.4666666666666667,0.23333333333333334,2
"Canela","Aruba","Jun-2024",5,3.6666666666666665,0.7333333333333333,21
"Canela","Australia","Jun-2024",193,439.04999999999995,2.274870466321244,246
"Canela","Austria","Jun-2024",35,212.70000000000002,6.0771428571428565,83
"Canela","Azerbaijan","Jun-2024",1,0.03333333333333333,0.03333333333333333,1
"Canela","Bahamas","Jun-2024",4,1.3500000000000003,0.3375,5
"Canela","Bahrain","Jun-2024",4,1.1833333333333333,0.29583333333333334,4
"Canela","Bangladesh","Jun-2024",66,86.58333333333331,1.3118686868686869,108
"Canela","Barbados","Jun-2024",5,1.6,0.32,5
"Canela","Belarus","Jun-2024",8,14.350000000000001,1.79375,7
"Canela","Belgium","Jun-2024",57,10273.366666666638,180.2345029239766,1255
"Canela","Belize","Jun-2024",63,13209.183333333329,209.6695767195767,161
"Canela","Benin","Jun-2024",3,7.333333333333334,2.444444444444444,3
"Canela","Bolivia","Jun-2024",7370,94035.70000000151,12.759253731343284,24084
"Canela","Bosnia and Herzegovina","Jun-2024",4,6.333333333333334,1.5833333333333333,5
"Canela","Botswana","Jun-2024",3,0.5833333333333333,0.19444444444444445,3
"Canela","Brazil","Jun-2024",3117,21192.36666666633,6.798962677788471,4764
"Canela","British Virgin Islands","Jun-2024",2,8175.05,4087.525,30
"Canela","Brunei","Jun-2024",6,105.25,17.541666666666668,9
"Canela","Bulgaria","Jun-2024",43,27.88333333333337,0.6484496124031007,118
"Canela","Burkina Faso","Jun-2024",5,2.166666666666667,0.4333333333333333,6
"Canela","Cambodia","Jun-2024",15,59.300000000000004,3.953333333333333,16
"Canela","Cameroon","Jun-2024",12,15825.533333333333,1318.7944444444445,71
"Canela","Canada","Jun-2024",606,239493.83333333288,395.2043454345435,2800
"Canela","Cape Verde","Jun-2024",4,3.0166666666666666,0.7541666666666667,4
"Canela","Cayman Islands","Jun-2024",1,1.05,1.05,1
"Canela","Chile","Jun-2024",14962,144901.61666666748,9.684642204696342,42665
"Canela","China","Jun-2024",562,425.16666666666663,0.7565243179122183,912
"Canela","Colombia","Jun-2024",331586,2099589.9500005115,6.33196199477662,1089907
"Canela","Congo - Brazzaville","Jun-2024",9,5.166666666666667,0.5740740740740741,10
"Canela","Congo - Kinshasa","Jun-2024",6,1.7666666666666668,0.29444444444444445,6
"Canela","Costa Rica","Jun-2024",4206,34000.58333333282,8.08382865747345,12082
"Canela","Croatia","Jun-2024",8,1.4166666666666667,0.17708333333333334,14
"Canela","Cuba","Jun-2024",1993,10368.91666666662,5.202667670178959,5449
"Canela","Curaçao","Jun-2024",10,33.88333333333333,3.388333333333333,19
"Canela","Czech Republic","Jun-2024",23,95.88333333333333,4.168840579710145,54
"Canela","Côte d’Ivoire","Jun-2024",10,7.55,0.755,10
"Canela","Denmark","Jun-2024",10,4.766666666666666,0.4766666666666667,11
"Canela","Dominica","Jun-2024",2,0.16666666666666669,0.08333333333333333,2
"Canela","Dominican Republic","Jun-2024",9307,87812.45000000153,9.435097238637585,34399
"Canela","Ecuador","Jun-2024",16016,430719.76666663564,26.893092324342323,63394
"Canela","Egypt","Jun-2024",122,302,2.4754098360655736,183
"Canela","El Salvador","Jun-2024",4703,41807.083333333074,8.889449996456163,18998
"Canela","Equatorial Guinea","Jun-2024",2,1.6333333333333333,0.8166666666666667,2
"Canela","Estonia","Jun-2024",2,13.216666666666667,6.608333333333333,3
"Canela","Ethiopia","Jun-2024",6,1.35,0.225,6
"Canela","Finland","Jun-2024",18,1223.133333333333,67.95185185185186,66
"Canela","France","Jun-2024",222,29164.233333333268,131.37042042042043,518
"Canela","French Guiana","Jun-2024",3,2.6499999999999995,0.8833333333333333,4
"Canela","Gabon","Jun-2024",6,0.6166666666666667,0.10277777777777779,6
"Canela","Georgia","Jun-2024",4,3.3833333333333337,0.8458333333333333,8
"Canela","Germany","Jun-2024",589,607.9166666666679,1.032116581777023,845
"Canela","Ghana","Jun-2024",5,14.000000000000002,2.8,9
"Canela","Greece","Jun-2024",34,46.149999999999984,1.3573529411764707,57
"Canela","Guadeloupe","Jun-2024",2,0.5,0.25,3
"Canela","Guatemala","Jun-2024",6003,52056.63333333407,8.671769670720195,18271
"Canela","Guyana","Jun-2024",3,5.2333333333333325,1.7444444444444445,4
"Canela","Haiti","Jun-2024",8,5.6,0.7,10
"Canela","Honduras","Jun-2024",3599,33727.09999999968,9.371242011669908,15445
"Canela","Hong Kong","Jun-2024",38,67385.88333333338,1773.3127192982456,471
"Canela","Hungary","Jun-2024",10,5.1,0.51,11
"Canela","Iceland","Jun-2024",3,1.6000000000000003,0.5333333333333333,6
"Canela","India","Jun-2024",198,268.6166666666668,1.3566498316498317,270
"Canela","Indonesia","Jun-2024",331,384.1666666666672,1.1606243705941592,525
"Canela","Iran","Jun-2024",250,455.2499999999999,1.821,331
"Canela","Iraq","Jun-2024",243,469.6000000000006,1.9325102880658438,384
"Canela","Ireland","Jun-2024",27,20.783333333333342,0.7697530864197532,38
"Canela","Israel","Jun-2024",41,35.78333333333335,0.8727642276422763,69
"Canela","Italy","Jun-2024",150,253.18333333333356,1.687888888888889,286
"Canela","Jamaica","Jun-2024",26,14.800000000000015,0.5692307692307692,79
"Canela","Japan","Jun-2024",43,72.93333333333334,1.696124031007752,60
"Canela","Jersey","Jun-2024",1,0.06666666666666667,0.06666666666666667,1
"Canela","Jordan","Jun-2024",59,222.8666666666667,3.777401129943503,114
"Canela","Kazakhstan","Jun-2024",2,0.5,0.25,2
"Canela","Kenya","Jun-2024",9,3.2666666666666666,0.36296296296296293,11
"Canela","Kuwait","Jun-2024",23,36.133333333333326,1.5710144927536231,60
"Canela","Kyrgyzstan","Jun-2024",1,0.016666666666666666,0.016666666666666666,1
"Canela","Latvia","Jun-2024",3,1.0833333333333335,0.3611111111111111,8
"Canela","Lebanon","Jun-2024",27,8.716666666666665,0.3228395061728395,34
"Canela","Libya","Jun-2024",15,7.333333333333333,0.4888888888888889,16
"Canela","Lithuania","Jun-2024",4,26.516666666666666,6.629166666666666,4
"Canela","Luxembourg","Jun-2024",19,57.61666666666666,3.0324561403508774,33
"Canela","Macau SAR China","Jun-2024",1,1156.9833333333333,1156.9833333333333,153
"Canela","Macedonia","Jun-2024",12,5.683333333333331,0.47361111111111115,16
"Canela","Madagascar","Jun-2024",4,1.2666666666666668,0.31666666666666665,5
"Canela","Malawi","Jun-2024",1,1.0666666666666667,1.0666666666666667,1
"Canela","Malaysia","Jun-2024",66,157.88333333333335,2.392171717171717,86
"Canela","Maldives","Jun-2024",2,0.05,0.025,2
"Canela","Mali","Jun-2024",3,2.95,0.9833333333333334,3
"Canela","Malta","Jun-2024",7,8.233333333333334,1.176190476190476,12
"Canela","Martinique","Jun-2024",2,10.099999999999998,5.05,28
"Canela","Mauritania","Jun-2024",3,1.1500000000000001,0.3833333333333333,5
"Canela","Mauritius","Jun-2024",2,0.21666666666666667,0.10833333333333334,3
"Canela","Mexico","Jun-2024",471930,3124129.699999529,6.619900620854788,1266330
"Canela","Mongolia","Jun-2024",1,0.2833333333333333,0.2833333333333333,1
"Canela","Montenegro","Jun-2024",2,6.333333333333333,3.1666666666666665,2
"Canela","Montserrat","Jun-2024",1,0.2833333333333333,0.2833333333333333,1
"Canela","Morocco","Jun-2024",170,179.11666666666676,1.0536274509803922,230
"Canela","Mozambique","Jun-2024",9,37.78333333333334,4.198148148148148,10
"Canela","Myanmar [Burma]","Jun-2024",175,1583.7833333333326,9.050190476190476,208
"Canela","Nepal","Jun-2024",4,1.1,0.275,5
"Canela","Netherlands","Jun-2024",387,32423.116666666567,83.7806632213609,641
"Canela","New Zealand","Jun-2024",7,11.400000000000004,1.6285714285714286,21
"Canela","Nicaragua","Jun-2024",1885,13951.416666666659,7.401282051282051,6751
"Canela","Nigeria","Jun-2024",31,34.48333333333333,1.1123655913978494,37
"Canela","Norway","Jun-2024",13,24.133333333333347,1.8564102564102565,38
"Canela","Oman","Jun-2024",9,4.066666666666667,0.45185185185185184,12
"Canela","Pakistan","Jun-2024",75,131.8833333333333,1.7584444444444443,131
"Canela","Palestinian Territories","Jun-2024",10,3.0999999999999996,0.31,17
"Canela","Panama","Jun-2024",1846,23075.59999999992,12.500325027085589,6284
"Canela","Papua New Guinea","Jun-2024",1,2.6166666666666667,2.6166666666666667,2
"Canela","Paraguay","Jun-2024",1738,64927.26666666692,37.35746068277714,6255
"Canela","Peru","Jun-2024",107715,713789.2000000735,6.626646242398922,323334
"Canela","Philippines","Jun-2024",32,154.85,4.8390625,38
"Canela","Poland","Jun-2024",54,7795.383333333335,144.35895061728394,166
"Canela","Portugal","Jun-2024",145,169.29999999999998,1.167586206896552,306
"Canela","Puerto Rico","Jun-2024",9895,114742.36666666908,11.595994610072427,38543
"Canela","Qatar","Jun-2024",8,15.933333333333335,1.9916666666666667,21
"Canela","Romania","Jun-2024",38,5810.499999999997,152.9078947368421,837
"Canela","Russia","Jun-2024",85,216.73333333333343,2.5498039215686275,162
"Canela","Réunion","Jun-2024",3,1.1,0.3666666666666667,4
"Canela","Saint Lucia","Jun-2024",1,0.8666666666666667,0.8666666666666667,4
"Canela","Saint Martin","Jun-2024",2,18.75,9.375,2
"Canela","Saudi Arabia","Jun-2024",128,156.13333333333324,1.2197916666666666,254
"Canela","Senegal","Jun-2024",12,7.85,0.6541666666666667,12
"Canela","Serbia","Jun-2024",7,11.816666666666666,1.688095238095238,28
"Canela","Singapore","Jun-2024",47,92.79999999999998,1.974468085106383,58
"Canela","Slovakia","Jun-2024",13,7.783333333333332,0.5987179487179487,20
"Canela","Slovenia","Jun-2024",9,44.31666666666667,4.924074074074074,17
"Canela","Somalia","Jun-2024",1,1.6166666666666667,1.6166666666666667,1
"Canela","South Africa","Jun-2024",33,40.4,1.2242424242424241,40
"Canela","South Korea","Jun-2024",12,555.6500000000001,46.30416666666667,23
"Canela","Spain","Jun-2024",1627,12652.983333333326,7.776879737758656,4499
"Canela","Sri Lanka","Jun-2024",4,1.0166666666666666,0.25416666666666665,4
"Canela","Suriname","Jun-2024",6,15.100000000000001,2.5166666666666666,18
"Canela","Sweden","Jun-2024",35,104.63333333333327,2.98952380952381,148
"Canela","Switzerland","Jun-2024",11,1.1333333333333333,0.10303030303030303,13
"Canela","Syria","Jun-2024",10,22.56666666666667,2.256666666666667,14
"Canela","São Tomé and Príncipe","Jun-2024",3,30.366666666666667,10.122222222222222,5
"Canela","Taiwan","Jun-2024",7,6.783333333333332,0.969047619047619,11
"Canela","Tanzania","Jun-2024",4,2.45,0.6125,5
"Canela","Thailand","Jun-2024",12,26.26666666666667,2.1888888888888887,15
"Canela","Timor-Leste","Jun-2024",2,0.48333333333333334,0.24166666666666667,2
"Canela","Togo","Jun-2024",4,4.233333333333333,1.0583333333333333,4
"Canela","Trinidad and Tobago","Jun-2024",22,29.06666666666667,1.3212121212121213,41
"Canela","Tunisia","Jun-2024",24,74.89999999999998,3.1208333333333336,37
"Canela","Turkey","Jun-2024",198,112.49999999999959,0.5681818181818182,501
"Canela","U.S. Virgin Islands","Jun-2024",9,100.56666666666668,11.174074074074074,24
"Canela","Uganda","Jun-2024",6,6.716666666666668,1.1194444444444445,9
"Canela","Ukraine","Jun-2024",19,120893.36666666686,6362.808771929825,603
"Canela","United Arab Emirates","Jun-2024",40,23.08333333333334,0.5770833333333333,51
"Canela","United Kingdom","Jun-2024",476,14071.73333333334,29.5624649859944,600
"Canela","United States","Jun-2024",473832,8363785.51665579,17.65137330671349,1029715
"Canela","Unknown","Jun-2024",30870,407395.9499999571,13.197147716229349,76391
"Canela","Uruguay","Jun-2024",2597,17122.29999999991,6.593107431651906,6276
"Canela","Uzbekistan","Jun-2024",11,16.833333333333336,1.5303030303030303,12
"Canela","Venezuela","Jun-2024",31809,331561.21666662826,10.423503306192169,120572
"Canela","Vietnam","Jun-2024",8,2.6333333333333337,0.32916666666666666,8
"Canela","Yemen","Jun-2024",8,3.533333333333333,0.44166666666666665,8
"Canela","Zambia","Jun-2024",4,1.1166666666666667,0.2791666666666667,6
"Canela","Albania","Mar-2024",20,11.749999999999996,0.5875,76
"Canela","Algeria","Mar-2024",291,386.2000000000005,1.327147766323024,398
"Canela","Andorra","Mar-2024",4,3.2666666666666675,0.8166666666666667,7
"Canela","Angola","Mar-2024",26,59.13333333333334,2.2743589743589743,29
"Canela","Argentina","Mar-2024",12086,167387.8333333338,13.849729714821557,43101
"Canela","Armenia","Mar-2024",3,0.6,0.19999999999999998,3
"Canela","Aruba","Mar-2024",6,5.3166666666666655,0.8861111111111111,9
"Canela","Australia","Mar-2024",143,315.81666666666683,2.2085081585081583,164
"Canela","Austria","Mar-2024",12,14.833333333333336,1.2361111111111112,15
"Canela","Azerbaijan","Mar-2024",8,1.75,0.21875,11
"Canela","Bahamas","Mar-2024",7,0.9333333333333333,0.13333333333333333,8
"Canela","Bahrain","Mar-2024",5,0.7166666666666667,0.14333333333333334,5
"Canela","Bangladesh","Mar-2024",86,141.73333333333338,1.6480620155038759,212
"Canela","Barbados","Mar-2024",11,11.350000000000005,1.0318181818181817,14
"Canela","Belarus","Mar-2024",7,2.066666666666667,0.29523809523809524,7
"Canela","Belgium","Mar-2024",51,27.133333333333347,0.5320261437908497,156
"Canela","Belize","Mar-2024",21,85.4833333333333,4.07063492063492,42
"Canela","Bolivia","Mar-2024",5259,74552.95000000103,14.176259745198706,19863
"Canela","Botswana","Mar-2024",3,6.733333333333333,2.2444444444444445,7
"Canela","Brazil","Mar-2024",2520,22139.166666666482,8.785383597883598,3993
"Canela","Brunei","Mar-2024",5,46.68333333333334,9.336666666666666,6
"Canela","Bulgaria","Mar-2024",32,1007.3000000000003,31.478125,115
"Canela","Burundi","Mar-2024",2,0.44999999999999996,0.225,2
"Canela","Cambodia","Mar-2024",7,3.15,0.45,7
"Canela","Cameroon","Mar-2024",1,2.0833333333333335,2.0833333333333335,2
"Canela","Canada","Mar-2024",386,199230.36666666626,516.1408462867012,2624
"Canela","Cape Verde","Mar-2024",5,3.8166666666666673,0.7633333333333334,8
"Canela","Chile","Mar-2024",10585,131792.98333333564,12.450919540229885,34678
"Canela","China","Mar-2024",1174,45268.883333333484,38.559525837592275,1662
"Canela","Colombia","Mar-2024",179279,1298691.2666671863,7.2439675961304255,624571
"Canela","Congo - Brazzaville","Mar-2024",1,0.08333333333333333,0.08333333333333333,1
"Canela","Congo - Kinshasa","Mar-2024",1,0.13333333333333333,0.13333333333333333,1
"Canela","Costa Rica","Mar-2024",3937,30570.533333332754,7.764930996528659,12001
"Canela","Croatia","Mar-2024",10,2.6499999999999995,0.265,18
"Canela","Cuba","Mar-2024",1498,7230.133333333327,4.826524254561638,4260
"Canela","Curaçao","Mar-2024",9,118.64999999999999,13.183333333333334,26
"Canela","Cyprus","Mar-2024",4,24.6,6.15,5
"Canela","Czech Republic","Mar-2024",36,43.633333333333326,1.212037037037037,117
"Canela","Côte d’Ivoire","Mar-2024",2,0.43333333333333335,0.21666666666666667,2
"Canela","Denmark","Mar-2024",7,2.1500000000000004,0.3071428571428571,10
"Canela","Djibouti","Mar-2024",1,0.1,0.1,2
"Canela","Dominica","Mar-2024",1,0.16666666666666666,0.16666666666666666,1
"Canela","Dominican Republic","Mar-2024",8798,93185.08333333443,10.591621201788284,37520
"Canela","Ecuador","Mar-2024",15017,447185.28333330806,29.77860313866507,63762
"Canela","Egypt","Mar-2024",118,191.08333333333337,1.6193502824858759,227
"Canela","El Salvador","Mar-2024",4148,54324.150000000394,13.09646817743491,17815
"Canela","Estonia","Mar-2024",2,28.383333333333333,14.191666666666666,2
"Canela","Ethiopia","Mar-2024",7,3.3000000000000003,0.4714285714285714,11
"Canela","Finland","Mar-2024",16,30.183333333333337,1.8864583333333333,51
"Canela","France","Mar-2024",145,43201.38333333332,297.94057471264364,429
"Canela","Gabon","Mar-2024",2,3.7333333333333334,1.8666666666666667,2
"Canela","Georgia","Mar-2024",3,15.083333333333334,5.027777777777778,9
"Canela","Germany","Mar-2024",365,47920.51666666686,131.28908675799087,1633
"Canela","Greece","Mar-2024",62,1717.8999999999994,27.708064516129035,120
"Canela","Grenada","Mar-2024",1,0.16666666666666666,0.16666666666666666,5
"Canela","Guadeloupe","Mar-2024",1,0.06666666666666667,0.06666666666666667,1
"Canela","Guatemala","Mar-2024",4157,33056.38333333294,7.951980594980354,14416
"Canela","Haiti","Mar-2024",2,0.6000000000000001,0.3,2
"Canela","Honduras","Mar-2024",3035,29038.633333332873,9.56791872597474,13690
"Canela","Hong Kong","Mar-2024",62,219.76666666666682,3.5446236559139788,260
"Canela","Hungary","Mar-2024",6,1.3,0.21666666666666667,10
"Canela","Iceland","Mar-2024",2,1.0833333333333333,0.5416666666666666,3
"Canela","India","Mar-2024",295,538.716666666667,1.8261581920903955,559
"Canela","Indonesia","Mar-2024",227,445.61666666666713,1.9630690161527167,393
"Canela","Iran","Mar-2024",136,246.4666666666666,1.8122549019607843,193
"Canela","Iraq","Mar-2024",93,86.5166666666666,0.9302867383512544,135
"Canela","Ireland","Mar-2024",19,11.433333333333342,0.6017543859649123,33
"Canela","Israel","Mar-2024",52,405.83333333333366,7.804487179487179,119
"Canela","Italy","Mar-2024",191,159.1499999999998,0.8332460732984294,444
"Canela","Jamaica","Mar-2024",15,401.38333333333327,26.758888888888887,30
"Canela","Japan","Mar-2024",54,6183.950000000052,114.51759259259259,6222
"Canela","Jordan","Mar-2024",21,14.533333333333333,0.692063492063492,40
"Canela","Kazakhstan","Mar-2024",6,126.91666666666666,21.15277777777778,6
"Canela","Kenya","Mar-2024",7,1.4833333333333332,0.2119047619047619,7
"Canela","Kuwait","Mar-2024",8,17.650000000000006,2.20625,12
"Canela","Kyrgyzstan","Mar-2024",1,0.35,0.35,1
"Canela","Laos","Mar-2024",1,3.0833333333333335,3.0833333333333335,3
"Canela","Latvia","Mar-2024",2,0.13333333333333333,0.06666666666666667,7
"Canela","Lebanon","Mar-2024",15,8.750000000000002,0.5833333333333334,26
"Canela","Libya","Mar-2024",15,1.35,0.09000000000000001,15
"Canela","Lithuania","Mar-2024",4,156.76666666666665,39.19166666666667,7
"Canela","Luxembourg","Mar-2024",2,1,0.5,2
"Canela","Macau SAR China","Mar-2024",3,11034.716666666669,3678.238888888889,89
"Canela","Macedonia","Mar-2024",3,2.05,0.6833333333333332,3
"Canela","Madagascar","Mar-2024",1,0.23333333333333334,0.23333333333333334,1
"Canela","Malaysia","Mar-2024",54,109.29999999999998,2.024074074074074,82
"Canela","Mali","Mar-2024",3,3.3000000000000003,1.0999999999999999,3
"Canela","Malta","Mar-2024",5,5.816666666666666,1.1633333333333333,10
"Canela","Mauritania","Mar-2024",1,1.35,1.35,1
"Canela","Mauritius","Mar-2024",1,0.1,0.1,1
"Canela","Mexico","Mar-2024",383940,2893347.4999999604,7.535936604677814,1111775
"Canela","Moldova","Mar-2024",3,10.366666666666665,3.4555555555555557,6
"Canela","Mongolia","Mar-2024",1,0.2833333333333333,0.2833333333333333,2
"Canela","Montenegro","Mar-2024",3,0.25,0.08333333333333333,3
"Canela","Morocco","Mar-2024",155,98.94999999999982,0.6383870967741936,275
"Canela","Mozambique","Mar-2024",4,1.1,0.275,5
"Canela","Myanmar [Burma]","Mar-2024",235,1275.2666666666655,5.426666666666667,281
"Canela","Netherlands","Mar-2024",204,81145.20000000008,397.7705882352941,498
"Canela","New Zealand","Mar-2024",3,7.666666666666667,2.555555555555556,4
"Canela","Nicaragua","Mar-2024",1713,12927.816666666658,7.546886553804242,6438
"Canela","Nigeria","Mar-2024",8,1.0833333333333335,0.13541666666666666,8
"Canela","Norway","Mar-2024",11,8.366666666666667,0.7606060606060606,16
"Canela","Oman","Mar-2024",13,16.083333333333336,1.237179487179487,18
"Canela","Pakistan","Mar-2024",66,107.69999999999992,1.6318181818181818,148
"Canela","Palestinian Territories","Mar-2024",4,2.4,0.6,4
"Canela","Panama","Mar-2024",1599,16206.333333333336,10.135292891390453,5148
"Canela","Paraguay","Mar-2024",1204,53012.13333333347,44.03001107419712,5602
"Canela","Peru","Mar-2024",14507,444526.4999999781,30.642207210312264,59588
"Canela","Philippines","Mar-2024",23,34.166666666666664,1.4855072463768115,29
"Canela","Poland","Mar-2024",87,24650.799999999963,283.3425287356322,341
"Canela","Portugal","Mar-2024",158,270.28333333333364,1.7106540084388187,349
"Canela","Puerto Rico","Mar-2024",11255,129899.21666666828,11.541467495927735,47672
"Canela","Qatar","Mar-2024",4,0.5333333333333333,0.13333333333333333,7
"Canela","Romania","Mar-2024",53,78012.05000000003,1471.9254716981134,819
"Canela","Russia","Mar-2024",91,812.8333333333334,8.932234432234432,174
"Canela","Saint Lucia","Mar-2024",4,10.466666666666667,2.6166666666666667,4
"Canela","Saint Vincent and the Grenadines","Mar-2024",2,0.21666666666666667,0.10833333333333334,2
"Canela","Saudi Arabia","Mar-2024",79,135.26666666666677,1.7122362869198313,231
"Canela","Senegal","Mar-2024",8,34.233333333333334,4.279166666666667,9
"Canela","Serbia","Mar-2024",13,7.683333333333332,0.591025641025641,27
"Canela","Singapore","Mar-2024",90,221.61666666666684,2.4624074074074076,144
"Canela","Slovakia","Mar-2024",21,10.183333333333332,0.4849206349206349,39
"Canela","Slovenia","Mar-2024",4,6.916666666666665,1.7291666666666667,26
"Canela","South Africa","Mar-2024",14,13.299999999999999,0.9500000000000001,18
"Canela","South Korea","Mar-2024",8,8.433333333333334,1.0541666666666667,13
"Canela","Spain","Mar-2024",1448,4806.000000000064,3.319060773480663,3653
"Canela","Sri Lanka","Mar-2024",2,0.25,0.125,2
"Canela","Sudan","Mar-2024",2,0.33333333333333337,0.16666666666666666,2
"Canela","Sweden","Mar-2024",78,97.2333333333332,1.2465811965811966,249
"Canela","Switzerland","Mar-2024",16,28.25,1.765625,32
"Canela","Syria","Mar-2024",19,8.133333333333331,0.4280701754385965,23
"Canela","Taiwan","Mar-2024",18,2773.0166666666664,154.05648148148148,29
"Canela","Tanzania","Mar-2024",5,3.5500000000000003,0.71,5
"Canela","Thailand","Mar-2024",13,4.300000000000001,0.33076923076923076,16
"Canela","Timor-Leste","Mar-2024",1,1.2333333333333334,1.2333333333333334,1
"Canela","Togo","Mar-2024",2,0.8500000000000001,0.425,2
"Canela","Trinidad and Tobago","Mar-2024",26,10.483333333333336,0.40320512820512816,26
"Canela","Tunisia","Mar-2024",18,14.9,0.8277777777777778,27
"Canela","Turkey","Mar-2024",291,212.8166666666676,0.7313287514318442,819
"Canela","U.S. Virgin Islands","Mar-2024",12,57.983333333333334,4.831944444444445,21
"Canela","Uganda","Mar-2024",2,0.9333333333333333,0.4666666666666667,5
"Canela","Ukraine","Mar-2024",26,20827.933333333327,801.074358974359,121
"Canela","United Arab Emirates","Mar-2024",15,4.699999999999998,0.31333333333333335,23
"Canela","United Kingdom","Mar-2024",280,478.7500000000003,1.7098214285714286,387
"Canela","United States","Mar-2024",272553,6218741.449996886,22.816631811060603,795941
"Canela","Unknown","Mar-2024",13196,240261.83333332726,18.20717136506012,46095
"Canela","Uruguay","Mar-2024",1682,16893.716666666623,10.043826793499802,5470
"Canela","Uzbekistan","Mar-2024",28,12.299999999999999,0.43928571428571433,48
"Canela","Venezuela","Mar-2024",20794,254168.8999999952,12.223184572472828,84748
"Canela","Vietnam","Mar-2024",4,8.983333333333334,2.245833333333333,6
"Canela","Yemen","Mar-2024",9,5.65,0.6277777777777778,11
"Canela","Zambia","Mar-2024",4,2.6666666666666665,0.6666666666666666,5
"Canela","Afghanistan","May-2024",1,0.06666666666666667,0.06666666666666667,1
"Canela","Albania","May-2024",26,7.83333333333333,0.30128205128205127,61
"Canela","Algeria","May-2024",291,338.46666666666687,1.1631156930126,400
"Canela","Andorra","May-2024",1,182.86666666666667,182.86666666666667,2
"Canela","Angola","May-2024",22,10.500000000000002,0.4772727272727273,23
"Canela","Anguilla","May-2024",2,2.933333333333333,1.4666666666666666,4
"Canela","Argentina","May-2024",15821,163183.20000000077,10.314341697743506,58454
"Canela","Armenia","May-2024",2,0.31666666666666665,0.15833333333333333,2
"Canela","Aruba","May-2024",5,12.516666666666667,2.5033333333333334,21
"Canela","Australia","May-2024",133,333.66666666666686,2.5087719298245617,165
"Canela","Austria","May-2024",10,4.8,0.48,19
"Canela","Azerbaijan","May-2024",11,3.900000000000001,0.35454545454545455,17
"Canela","Bahamas","May-2024",2,3.066666666666667,1.5333333333333334,2
"Canela","Bahrain","May-2024",2,2.1,1.05,2
"Canela","Bangladesh","May-2024",52,51.51666666666669,0.9907051282051282,114
"Canela","Barbados","May-2024",4,0.7333333333333334,0.18333333333333332,4
"Canela","Belarus","May-2024",8,11.116666666666669,1.3895833333333334,11
"Canela","Belgium","May-2024",46,4197.133333333355,91.24202898550725,1390
"Canela","Belize","May-2024",43,26285.48333333332,611.2903100775194,165
"Canela","Benin","May-2024",2,0.06666666666666667,0.03333333333333333,2
"Canela","Bolivia","May-2024",6280,82493.3166666679,13.135878450106157,22462
"Canela","Bosnia and Herzegovina","May-2024",6,6.833333333333334,1.1388888888888888,11
"Canela","Botswana","May-2024",4,3.4,0.85,5
"Canela","Brazil","May-2024",2714,40465.899999999994,14.910058953574062,4409
"Canela","British Virgin Islands","May-2024",2,25924.15,12962.075,87
"Canela","Brunei","May-2024",7,3.3499999999999996,0.4785714285714286,7
"Canela","Bulgaria","May-2024",25,30.250000000000014,1.21,94
"Canela","Burkina Faso","May-2024",2,0.31666666666666665,0.15833333333333333,2
"Canela","Cambodia","May-2024",6,5.016666666666667,0.8361111111111111,7
"Canela","Cameroon","May-2024",6,44554.51666666666,7425.752777777779,162
"Canela","Canada","May-2024",400,341231.18333333207,853.0779583333334,3223
"Canela","Cape Verde","May-2024",2,32.21666666666667,16.108333333333334,2
"Canela","Cayman Islands","May-2024",1,0.15,0.15,2
"Canela","Chile","May-2024",12066,141948.30000000013,11.764321233217304,38312
"Canela","China","May-2024",803,1929.9333333333245,2.403403902034039,1155
"Canela","Colombia","May-2024",247076,1721938.1000004828,6.969264922533958,823427
"Canela","Congo - Brazzaville","May-2024",3,0.8833333333333334,0.29444444444444445,3
"Canela","Congo - Kinshasa","May-2024",2,0.25,0.125,2
"Canela","Costa Rica","May-2024",4270,37735.31666666632,8.83731069476971,12834
"Canela","Croatia","May-2024",16,8.383333333333336,0.5239583333333333,25
"Canela","Cuba","May-2024",2063,11237.36666666662,5.447099693003716,5836
"Canela","Curaçao","May-2024",8,128.56666666666666,16.070833333333333,25
"Canela","Czech Republic","May-2024",15,13.166666666666668,0.8777777777777778,30
"Canela","Côte d’Ivoire","May-2024",5,17.06666666666667,3.413333333333333,7
"Canela","Denmark","May-2024",9,2.1333333333333333,0.23703703703703705,15
"Canela","Dominican Republic","May-2024",10491,106377.2666666668,10.139859562164395,41371
"Canela","Ecuador","May-2024",14927,406782.4499999731,27.25145374154217,63078
"Canela","Egypt","May-2024",145,299.86666666666684,2.0680459770114945,257
"Canela","El Salvador","May-2024",4452,42703.96666666686,9.592085953878406,17696
"Canela","Equatorial Guinea","May-2024",2,15.666666666666666,7.833333333333333,3
"Canela","Estonia","May-2024",9,181.2,20.133333333333333,18
"Canela","Ethiopia","May-2024",7,2.6333333333333333,0.3761904761904762,7
"Canela","Finland","May-2024",17,319.55,18.79705882352941,33
"Canela","France","May-2024",210,81173.98333333342,386.5427777777778,663
"Canela","Gabon","May-2024",2,0.4,0.2,2
"Canela","Georgia","May-2024",6,7.799999999999999,1.3,15
"Canela","Germany","May-2024",466,3554.2000000000103,7.627038626609441,871
"Canela","Ghana","May-2024",4,3.45,0.8625,4
"Canela","Gibraltar","May-2024",1,0.11666666666666667,0.11666666666666667,1
"Canela","Greece","May-2024",58,96.04999999999988,1.6560344827586206,94
"Canela","Grenada","May-2024",1,0.23333333333333334,0.23333333333333334,1
"Canela","Guadeloupe","May-2024",3,0.6666666666666666,0.2222222222222222,3
"Canela","Guatemala","May-2024",4877,43493.31666666691,8.918047296835486,16667
"Canela","Guyana","May-2024",3,0.7166666666666667,0.2388888888888889,4
"Canela","Haiti","May-2024",1,1,1,1
"Canela","Honduras","May-2024",3549,31612.333333332936,8.9073917535456,15591
"Canela","Hong Kong","May-2024",39,71039.30000000008,1821.520512820513,495
"Canela","Hungary","May-2024",5,210.0833333333333,42.016666666666666,10
"Canela","Iceland","May-2024",3,12.950000000000001,4.316666666666666,6
"Canela","India","May-2024",199,639.6166666666668,3.2141541038525965,310
"Canela","Indonesia","May-2024",283,244.06666666666715,0.8624263839811542,442
"Canela","Iran","May-2024",442,1156.0333333333328,2.6154600301659126,575
"Canela","Iraq","May-2024",150,211.7833333333333,1.411888888888889,257
"Canela","Ireland","May-2024",10,11.183333333333334,1.1183333333333334,15
"Canela","Israel","May-2024",41,103.24999999999999,2.518292682926829,55
"Canela","Italy","May-2024",157,235.88333333333338,1.5024416135881105,322
"Canela","Jamaica","May-2024",12,82.49999999999999,6.875,18
"Canela","Japan","May-2024",53,10245.34999999994,193.30849056603773,2670
"Canela","Jordan","May-2024",60,162.7333333333333,2.712222222222222,101
"Canela","Kazakhstan","May-2024",9,165.45000000000005,18.383333333333333,10
"Canela","Kenya","May-2024",3,6.316666666666667,2.1055555555555556,5
"Canela","Kuwait","May-2024",19,6.599999999999999,0.34736842105263155,22
"Canela","Latvia","May-2024",2,10.183333333333334,5.091666666666667,2
"Canela","Lebanon","May-2024",33,43.06666666666664,1.3050505050505052,40
"Canela","Libya","May-2024",14,3.9999999999999996,0.2857142857142857,17
"Canela","Lithuania","May-2024",4,1.3166666666666667,0.32916666666666666,5
"Canela","Luxembourg","May-2024",6,7.416666666666666,1.2361111111111112,9
"Canela","Macau SAR China","May-2024",1,1425.6999999999998,1425.7,77
"Canela","Macedonia","May-2024",5,4.249999999999999,0.85,8
"Canela","Madagascar","May-2024",2,0.5,0.25,3
"Canela","Malaysia","May-2024",91,367.2500000000002,4.035714285714286,161
"Canela","Maldives","May-2024",2,3.5500000000000003,1.775,6
"Canela","Malta","May-2024",2,0.35,0.175,2
"Canela","Martinique","May-2024",2,276.7666666666666,138.38333333333333,20
"Canela","Mauritania","May-2024",2,1.85,0.925,2
"Canela","Mexico","May-2024",451500,3350207.283332561,7.420171170173496,1302962
"Canela","Moldova","May-2024",2,0.06666666666666667,0.03333333333333333,2
"Canela","Morocco","May-2024",144,221.6000000000004,1.5388888888888888,334
"Canela","Mozambique","May-2024",4,19.81666666666667,4.954166666666667,5
"Canela","Myanmar [Burma]","May-2024",131,1373.6166666666666,10.485623409669211,150
"Canela","Namibia","May-2024",1,0.3,0.3,1
"Canela","Nepal","May-2024",2,1.1666666666666667,0.5833333333333334,3
"Canela","Netherlands","May-2024",202,22559.78333333332,111.68209570957096,340
"Canela","New Zealand","May-2024",4,0.8333333333333334,0.20833333333333334,4
"Canela","Nicaragua","May-2024",1935,14208.116666666683,7.3426959517657195,6215
"Canela","Nigeria","May-2024",20,9.966666666666669,0.49833333333333335,24
"Canela","Norway","May-2024",15,129.61666666666665,8.641111111111112,33
"Canela","Oman","May-2024",12,3.383333333333333,0.28194444444444444,18
"Canela","Pakistan","May-2024",79,142.8333333333333,1.8080168776371308,148
"Canela","Palestinian Territories","May-2024",6,1.6666666666666667,0.2777777777777778,7
"Canela","Panama","May-2024",1760,18639.483333333214,10.59061553030303,5690
"Canela","Papua New Guinea","May-2024",1,1.5833333333333333,1.5833333333333333,1
"Canela","Paraguay","May-2024",1805,68788.35000000063,38.1098891966759,7590
"Canela","Peru","May-2024",58247,484960.6166665959,8.325932952197824,182976
"Canela","Philippines","May-2024",34,44.116666666666674,1.2975490196078432,36
"Canela","Poland","May-2024",59,25996.949999999968,440.6262711864407,235
"Canela","Portugal","May-2024",149,169.34999999999997,1.1365771812080536,295
"Canela","Puerto Rico","May-2024",10815,136470.31666666776,12.618614578517493,43193
"Canela","Qatar","May-2024",6,1.5666666666666669,0.2611111111111111,14
"Canela","Romania","May-2024",44,5762.833333333339,130.97348484848484,925
"Canela","Russia","May-2024",79,184.46666666666675,2.3350210970464134,198
"Canela","Saint Lucia","May-2024",2,0.26666666666666666,0.13333333333333333,2
"Canela","Saint Vincent and the Grenadines","May-2024",1,0.06666666666666667,0.06666666666666667,1
"Canela","Saudi Arabia","May-2024",113,368.0166666666672,3.2567846607669617,439
"Canela","Senegal","May-2024",9,28.100000000000005,3.1222222222222222,14
"Canela","Serbia","May-2024",6,2,0.3333333333333333,7
"Canela","Seychelles","May-2024",1,1.3666666666666667,1.3666666666666667,2
"Canela","Sierra Leone","May-2024",3,1.9666666666666668,0.6555555555555556,3
"Canela","Singapore","May-2024",91,218.13333333333398,2.397069597069597,184
"Canela","Slovakia","May-2024",11,7.999999999999999,0.7272727272727273,18
"Canela","Slovenia","May-2024",2,1.3666666666666667,0.6833333333333333,2
"Canela","Somalia","May-2024",1,0.38333333333333336,0.38333333333333336,1
"Canela","South Africa","May-2024",25,48.91666666666668,1.9566666666666666,30
"Canela","South Korea","May-2024",10,50.71666666666666,5.071666666666667,18
"Canela","South Sudan","May-2024",2,0.41666666666666663,0.20833333333333334,2
"Canela","Spain","May-2024",1702,5647.566666666737,3.3181942812377594,3771
"Canela","Sri Lanka","May-2024",4,1.1,0.275,4
"Canela","Sudan","May-2024",2,0.11666666666666667,0.058333333333333334,2
"Canela","Suriname","May-2024",4,6.2,1.55,4
"Canela","Sweden","May-2024",37,63.49999999999996,1.7162162162162162,172
"Canela","Switzerland","May-2024",29,31.65000000000002,1.0913793103448275,54
"Canela","Syria","May-2024",19,13.600000000000001,0.7157894736842105,23
"Canela","São Tomé and Príncipe","May-2024",2,0.23333333333333334,0.11666666666666667,2
"Canela","Taiwan","May-2024",39,27.983333333333338,0.7175213675213675,109
"Canela","Tanzania","May-2024",2,0.08333333333333333,0.041666666666666664,2
"Canela","Thailand","May-2024",9,23.73333333333333,2.6370370370370373,24
"Canela","Togo","May-2024",3,1.6333333333333333,0.5444444444444444,3
"Canela","Trinidad and Tobago","May-2024",23,6.316666666666663,0.2746376811594203,27
"Canela","Tunisia","May-2024",23,34.949999999999996,1.5195652173913046,30
"Canela","Turkey","May-2024",280,298.8666666666679,1.0673809523809523,802
"Canela","U.S. Virgin Islands","May-2024",3,0.7333333333333333,0.24444444444444444,4
"Canela","Uganda","May-2024",6,7.716666666666667,1.2861111111111112,12
"Canela","Ukraine","May-2024",22,9108.116666666672,414.005303030303,105
"Canela","United Arab Emirates","May-2024",16,25.233333333333338,1.5770833333333334,28
"Canela","United Kingdom","May-2024",272,436.30000000000086,1.6040441176470588,320
"Canela","United States","May-2024",394093,7652209.733327093,19.417268851091833,938838
"Canela","Unknown","May-2024",23237,168653.74999999502,7.257982958213194,64297
"Canela","Uruguay","May-2024",2367,28670.0999999997,12.112420785804815,7571
"Canela","Uzbekistan","May-2024",13,18.06666666666667,1.3897435897435897,26
"Canela","Venezuela","May-2024",26724,305227.68333331443,11.421481938831512,105155
"Canela","Vietnam","May-2024",6,10.933333333333334,1.8222222222222222,6
"Canela","Yemen","May-2024",17,10.016666666666667,0.5892156862745098,18
"Canela","Zambia","May-2024",2,0.7166666666666667,0.35833333333333334,2
"Canela","Zimbabwe","May-2024",1,0.16666666666666666,0.16666666666666666,1
