"Country","Date Month","Client","Uniques","Time Watched Minutes","Avg Min per Unique","Sessions"
"Afghanistan","Aug-2024","Canela",6,6.416666666666667,1.0694444444444444,11
"Afghanistan","Dec-2024","Canela",22,5.449999999999999,0.24772727272727274,24
"Afghanistan","Jan-2025","Canela",11,24.850000000000005,2.2590909090909093,41
"Afghanistan","Nov-2024","Canela",17,5.383333333333332,0.3166666666666667,29
"Afghanistan","Oct-2024","Canela",11,2.6833333333333336,0.24393939393939393,13
"Afghanistan","Sep-2024","Canela",11,1.4166666666666667,0.12878787878787878,12
"Albania","Aug-2024","Canela",76,47.56666666666666,0.6258771929824561,111
"Albania","Dec-2024","Canela",165,973.7833333333344,5.901717171717172,668
"Albania","Jan-2025","Canela",122,349.93333333333425,2.8683060109289618,369
"Albania","Nov-2024","Canela",153,796.4166666666672,5.205337690631808,644
"Albania","Oct-2024","Canela",171,740.4833333333343,4.330311890838207,598
"Albania","Sep-2024","Canela",127,556.4666666666672,4.381627296587927,377
"Algeria","Aug-2024","Canela",644,671.6666666666657,1.0429606625258798,906
"Algeria","Dec-2024","Canela",2318,2044.6333333332905,0.8820678746045442,3825
"Algeria","Jan-2025","Canela",2109,2559.9999999999964,1.2138454243717403,3383
"Algeria","Nov-2024","Canela",2228,1727.9999999999638,0.7755834829443446,3435
"Algeria","Oct-2024","Canela",2136,2193.799999999972,1.027059925093633,3289
"Algeria","Sep-2024","Canela",1455,2355.6166666666613,1.6189805269186712,2609
"Andorra","Aug-2024","Canela",3,0.38333333333333336,0.1277777777777778,3
"Andorra","Dec-2024","Canela",9,109.43333333333334,12.15925925925926,12
"Andorra","Jan-2025","Canela",1,0.05,0.05,1
"Andorra","Nov-2024","Canela",13,34.38333333333333,2.644871794871795,36
"Andorra","Oct-2024","Canela",21,8.566666666666666,0.40793650793650793,30
"Andorra","Sep-2024","Canela",10,7.3999999999999995,0.74,16
"Angola","Aug-2024","Canela",75,156.86666666666653,2.091555555555556,116
"Angola","Dec-2024","Canela",202,1571.4666666666642,7.77953795379538,295
"Angola","Jan-2025","Canela",186,752.25,4.044354838709677,277
"Angola","Nov-2024","Canela",239,431.06666666666655,1.803626220362622,340
"Angola","Oct-2024","Canela",328,1050.75,3.2035060975609757,428
"Angola","Sep-2024","Canela",305,1163.6500000000003,3.8152459016393445,465
"Anguilla","Dec-2024","Canela",1,0.21666666666666667,0.21666666666666667,1
"Anguilla","Nov-2024","Canela",1,0.16666666666666666,0.16666666666666666,1
"Anguilla","Sep-2024","Canela",5,0.9333333333333333,0.18666666666666668,5
"Antigua and Barbuda","Aug-2024","Canela",18,123.96666666666663,6.887037037037037,32
"Antigua and Barbuda","Dec-2024","Canela",6,4.733333333333333,0.7888888888888889,10
"Antigua and Barbuda","Jan-2025","Canela",7,2.0833333333333335,0.2976190476190476,7
"Antigua and Barbuda","Nov-2024","Canela",12,27.65,2.3041666666666667,15
"Antigua and Barbuda","Oct-2024","Canela",17,2.7500000000000004,0.16176470588235295,21
"Antigua and Barbuda","Sep-2024","Canela",19,9.533333333333333,0.5017543859649123,23
"Argentina","Aug-2024","Canela",53719,587404.8166665685,10.934768269451528,171516
"Argentina","Dec-2024","Canela",46119,566712.9666664962,12.288058428558006,129583
"Argentina","Jan-2025","Canela",43034,532075.6666664553,12.364076466669765,115721
"Argentina","Nov-2024","Canela",60533,1072814.950000454,17.722811524292535,186231
"Argentina","Oct-2024","Canela",72726,1198977.2833338291,16.486226154791044,242705
"Argentina","Sep-2024","Canela",71622,1007947.0500004801,14.073148613554496,229796
"Armenia","Aug-2024","Canela",9,10.983333333333333,1.2203703703703703,14
"Armenia","Dec-2024","Canela",27,24.550000000000008,0.9092592592592593,75
"Armenia","Jan-2025","Canela",35,30.833333333333332,0.8809523809523809,87
"Armenia","Nov-2024","Canela",34,74.6499999999999,2.195588235294118,112
"Armenia","Oct-2024","Canela",37,27.550000000000004,0.7445945945945946,85
"Armenia","Sep-2024","Canela",17,13.683333333333339,0.8049019607843138,55
"Aruba","Aug-2024","Canela",15,26.71666666666667,1.781111111111111,21
"Aruba","Dec-2024","Canela",28,2463.3166666666652,87.97559523809524,85
"Aruba","Jan-2025","Canela",18,91.28333333333335,5.071296296296296,33
"Aruba","Nov-2024","Canela",42,134.84999999999997,3.2107142857142854,54
"Aruba","Oct-2024","Canela",52,3163.8500000000004,60.84326923076923,87
"Aruba","Sep-2024","Canela",48,4813.400000000002,100.27916666666665,106
"Australia","Aug-2024","Canela",781,5150.250000000005,6.594430217669654,1997
"Australia","Dec-2024","Canela",275,2131.3333333333317,7.750303030303031,428
"Australia","Jan-2025","Canela",247,968.9666666666664,3.9229419703103914,569
"Australia","Nov-2024","Canela",811,2376.216666666663,2.9299835593916974,1166
"Australia","Oct-2024","Canela",1035,5184.0333333333565,5.008727858293076,2020
"Australia","Sep-2024","Canela",866,3369.983333333355,3.8914357197844494,1913
"Austria","Aug-2024","Canela",35,305.70000000000005,8.734285714285713,52
"Austria","Dec-2024","Canela",85,281.51666666666677,3.311960784313725,159
"Austria","Jan-2025","Canela",73,38.183333333333316,0.5230593607305936,131
"Austria","Nov-2024","Canela",104,172.1166666666668,1.6549679487179487,297
"Austria","Oct-2024","Canela",113,416.96666666666704,3.6899705014749262,209
"Austria","Sep-2024","Canela",81,213.13333333333333,2.631275720164609,128
"Azerbaijan","Aug-2024","Canela",41,19.750000000000004,0.4817073170731707,76
"Azerbaijan","Dec-2024","Canela",186,728.533333333334,3.9168458781362006,331
"Azerbaijan","Jan-2025","Canela",141,81.94999999999996,0.5812056737588652,237
"Azerbaijan","Nov-2024","Canela",235,780.3166666666664,3.3204964539007094,466
"Azerbaijan","Oct-2024","Canela",211,574.7500000000005,2.7239336492890995,387
"Azerbaijan","Sep-2024","Canela",88,196.11666666666693,2.2285984848484848,154
"Bahamas","Aug-2024","Canela",81,66.46666666666663,0.8205761316872429,95
"Bahamas","Dec-2024","Canela",48,158.25000000000006,3.296875,113
"Bahamas","Jan-2025","Canela",34,23.05,0.6779411764705883,54
"Bahamas","Nov-2024","Canela",64,28.13333333333338,0.4395833333333333,118
"Bahamas","Oct-2024","Canela",88,916.433333333333,10.414015151515152,172
"Bahamas","Sep-2024","Canela",66,21.86666666666667,0.33131313131313134,85
"Bahrain","Aug-2024","Canela",16,13.950000000000001,0.871875,27
"Bahrain","Dec-2024","Canela",24,272.5,11.354166666666666,55
"Bahrain","Jan-2025","Canela",30,195.60000000000002,6.52,76
"Bahrain","Nov-2024","Canela",30,23.73333333333333,0.7911111111111111,53
"Bahrain","Oct-2024","Canela",31,35.78333333333334,1.1543010752688172,46
"Bahrain","Sep-2024","Canela",26,65.31666666666666,2.512179487179487,37
"Bangladesh","Aug-2024","Canela",287,309.1000000000002,1.0770034843205576,452
"Bangladesh","Dec-2024","Canela",506,68420.11666666683,135.21762187088274,1617
"Bangladesh","Jan-2025","Canela",428,35575.26666666665,83.11978193146419,980
"Bangladesh","Nov-2024","Canela",522,20876.69999999999,39.99367816091954,1239
"Bangladesh","Oct-2024","Canela",629,19328.516666666565,30.728961314255432,1977
"Bangladesh","Sep-2024","Canela",459,13537.68333333332,29.49386347131445,2324
"Barbados","Aug-2024","Canela",87,169.71666666666675,1.9507662835249042,119
"Barbados","Dec-2024","Canela",71,347.01666666666665,4.88755868544601,111
"Barbados","Jan-2025","Canela",66,47.81666666666668,0.7244949494949495,83
"Barbados","Nov-2024","Canela",112,237.26666666666682,2.118452380952381,180
"Barbados","Oct-2024","Canela",122,641.2333333333338,5.256010928961749,189
"Barbados","Sep-2024","Canela",96,43.11666666666666,0.44913194444444443,137
"Belarus","Aug-2024","Canela",12,8.999999999999998,0.75,15
"Belarus","Dec-2024","Canela",54,582.9999999999999,10.796296296296296,168
"Belarus","Jan-2025","Canela",53,713.6333333333325,13.464779874213836,247
"Belarus","Nov-2024","Canela",86,1599.8499999999985,18.602906976744183,246
"Belarus","Oct-2024","Canela",71,943.0666666666667,13.282629107981222,181
"Belarus","Sep-2024","Canela",56,912.1499999999992,16.288392857142856,112
"Belgium","Aug-2024","Canela",115,26107.09999999988,227.0182608695652,4194
"Belgium","Dec-2024","Canela",215,1910.3666666666586,8.885426356589146,648
"Belgium","Jan-2025","Canela",159,640.1833333333335,4.026310272536687,385
"Belgium","Nov-2024","Canela",213,485.3666666666675,2.278716744913928,473
"Belgium","Oct-2024","Canela",257,1827.63333333333,7.111413748378729,492
"Belgium","Sep-2024","Canela",161,2256.0500000000006,14.01273291925466,587
"Belize","Aug-2024","Canela",211,1037.4333333333325,4.916745655608215,375
"Belize","Dec-2024","Canela",155,3320.333333333338,21.421505376344086,574
"Belize","Jan-2025","Canela",94,3029.6833333333348,32.23067375886525,305
"Belize","Nov-2024","Canela",264,3026.9833333333377,11.465845959595958,834
"Belize","Oct-2024","Canela",353,4218.683333333344,11.950944287063267,1179
"Belize","Sep-2024","Canela",288,6861.500000000027,23.82465277777778,1195
"Benin","Aug-2024","Canela",10,7.25,0.725,13
"Benin","Dec-2024","Canela",23,61.74999999999999,2.6847826086956523,30
"Benin","Jan-2025","Canela",18,8.23333333333333,0.4574074074074074,20
"Benin","Nov-2024","Canela",22,12.533333333333335,0.5696969696969697,27
"Benin","Oct-2024","Canela",43,192.65000000000003,4.480232558139535,54
"Benin","Sep-2024","Canela",27,47.666666666666664,1.765432098765432,40
"Bermuda","Aug-2024","Canela",5,2.8499999999999996,0.5700000000000001,6
"Bermuda","Dec-2024","Canela",2,41.483333333333334,20.741666666666667,3
"Bermuda","Jan-2025","Canela",4,2.433333333333333,0.6083333333333333,8
"Bermuda","Nov-2024","Canela",8,13.133333333333335,1.6416666666666666,27
"Bermuda","Oct-2024","Canela",7,3.483333333333334,0.4976190476190476,22
"Bermuda","Sep-2024","Canela",10,1.8666666666666665,0.18666666666666668,12
"Bhutan","Oct-2024","Canela",1,0.9333333333333333,0.9333333333333333,1
"Bolivia","Aug-2024","Canela",14173,313692.1833333218,22.13308285707566,59132
"Bolivia","Dec-2024","Canela",3995,147131.783333334,36.82898206090947,23932
"Bolivia","Jan-2025","Canela",3396,111614.53333333366,32.86647035728308,21020
"Bolivia","Nov-2024","Canela",9053,208684.9833333319,23.051472808277182,44605
"Bolivia","Oct-2024","Canela",16314,294965.39999998844,18.080507539536598,72103
"Bolivia","Sep-2024","Canela",14849,277352.89999998675,18.67822075560644,61420
"Bosnia and Herzegovina","Aug-2024","Canela",27,49.349999999999966,1.8277777777777777,88
"Bosnia and Herzegovina","Dec-2024","Canela",48,71.19999999999996,1.4833333333333334,75
"Bosnia and Herzegovina","Jan-2025","Canela",50,35.81666666666666,0.7163333333333334,95
"Bosnia and Herzegovina","Nov-2024","Canela",66,203.66666666666663,3.0858585858585856,104
"Bosnia and Herzegovina","Oct-2024","Canela",77,89.7333333333333,1.1653679653679654,198
"Bosnia and Herzegovina","Sep-2024","Canela",42,174.2333333333334,4.148412698412698,130
"Botswana","Aug-2024","Canela",6,1.5,0.25,8
"Botswana","Dec-2024","Canela",8,1.2666666666666668,0.15833333333333333,8
"Botswana","Jan-2025","Canela",13,1.3666666666666667,0.10512820512820513,13
"Botswana","Nov-2024","Canela",7,5.533333333333333,0.7904761904761904,9
"Botswana","Oct-2024","Canela",13,2.5666666666666673,0.19743589743589746,13
"Botswana","Sep-2024","Canela",10,2,0.2,10
"Brazil","Aug-2024","Canela",5526,309852.6833333111,56.07178489564483,66471
"Brazil","Dec-2024","Canela",46850,4311731.9166622,92.03269832799717,641109
"Brazil","Jan-2025","Canela",45513,4547781.266662543,99.92268729081069,629839
"Brazil","Nov-2024","Canela",63033,2681000.866665202,42.53328996980418,442798
"Brazil","Oct-2024","Canela",70754,901063.0833336033,12.735153960671246,169925
"Brazil","Sep-2024","Canela",63794,606136.866666544,9.50147140274425,144490
"British Virgin Islands","Aug-2024","Canela",1,0.016666666666666666,0.016666666666666666,1
"British Virgin Islands","Dec-2024","Canela",6,7.499999999999999,1.25,8
"British Virgin Islands","Jan-2025","Canela",2,1.55,0.775,2
"British Virgin Islands","Nov-2024","Canela",6,2.1166666666666667,0.3527777777777778,6
"British Virgin Islands","Oct-2024","Canela",8,3.233333333333333,0.4041666666666667,9
"British Virgin Islands","Sep-2024","Canela",4,197.85,49.4625,12
"Brunei","Aug-2024","Canela",7,148.8,21.25714285714286,13
"Brunei","Dec-2024","Canela",9,4.933333333333334,0.5481481481481482,12
"Brunei","Jan-2025","Canela",9,3.6333333333333333,0.4037037037037037,13
"Brunei","Nov-2024","Canela",8,1412.9499999999996,176.61875,29
"Brunei","Oct-2024","Canela",15,839.7166666666668,55.98111111111111,41
"Brunei","Sep-2024","Canela",10,666.1833333333334,66.61833333333333,32
"Bulgaria","Aug-2024","Canela",97,365.48333333333403,3.76786941580756,284
"Bulgaria","Dec-2024","Canela",188,890.6499999999994,4.7375,935
"Bulgaria","Jan-2025","Canela",158,460.300000000001,2.9132911392405063,525
"Bulgaria","Nov-2024","Canela",223,686.9999999999999,3.0807174887892375,934
"Bulgaria","Oct-2024","Canela",220,1749.533333333321,7.952424242424242,935
"Bulgaria","Sep-2024","Canela",149,466.5833333333347,3.1314317673378076,561
"Burkina Faso","Aug-2024","Canela",23,19.133333333333336,0.8318840579710145,32
"Burkina Faso","Dec-2024","Canela",66,44.28333333333334,0.670959595959596,92
"Burkina Faso","Jan-2025","Canela",52,207.70000000000005,3.994230769230769,56
"Burkina Faso","Nov-2024","Canela",44,219.66666666666669,4.992424242424242,55
"Burkina Faso","Oct-2024","Canela",60,317.2333333333333,5.287222222222223,78
"Burkina Faso","Sep-2024","Canela",40,95.89999999999992,2.3975,69
"Burundi","Aug-2024","Canela",3,7.3,2.433333333333333,3
"Burundi","Dec-2024","Canela",3,1.0666666666666669,0.35555555555555557,3
"Burundi","Jan-2025","Canela",1,0.31666666666666665,0.31666666666666665,2
"Burundi","Oct-2024","Canela",4,1.3166666666666667,0.32916666666666666,5
"Burundi","Sep-2024","Canela",6,21.166666666666664,3.527777777777778,13
"Cambodia","Aug-2024","Canela",19,17.650000000000002,0.9289473684210525,24
"Cambodia","Dec-2024","Canela",21,25.75,1.2261904761904763,37
"Cambodia","Jan-2025","Canela",22,40.06666666666667,1.8212121212121213,29
"Cambodia","Nov-2024","Canela",28,47.9,1.7107142857142856,39
"Cambodia","Oct-2024","Canela",42,193.41666666666663,4.60515873015873,75
"Cambodia","Sep-2024","Canela",21,14.733333333333334,0.7015873015873015,32
"Cameroon","Aug-2024","Canela",6,2.3166666666666664,0.3861111111111111,7
"Cameroon","Dec-2024","Canela",25,20.71666666666667,0.8286666666666666,30
"Cameroon","Jan-2025","Canela",19,14.433333333333335,0.7596491228070176,20
"Cameroon","Nov-2024","Canela",21,17.916666666666664,0.8531746031746033,22
"Cameroon","Oct-2024","Canela",37,34.93333333333332,0.944144144144144,62
"Cameroon","Sep-2024","Canela",21,12.299999999999999,0.5857142857142857,26
"Canada","Aug-2024","Canela",1406,800023.8333333444,569.0069938359412,10444
"Canada","Dec-2024","Canela",1606,782578.6333333618,487.2843295973433,20222
"Canada","Jan-2025","Canela",1272,620343.4833333312,487.69141771488466,14980
"Canada","Nov-2024","Canela",1952,706269.4500000174,361.8183657786885,18952
"Canada","Oct-2024","Canela",2466,733719.6000000102,297.5343065693431,19670
"Canada","Sep-2024","Canela",1956,783303.3666666874,400.46184389911383,15923
"Cape Verde","Aug-2024","Canela",7,2.2833333333333337,0.3261904761904762,8
"Cape Verde","Dec-2024","Canela",24,27.41666666666667,1.1423611111111112,31
"Cape Verde","Jan-2025","Canela",22,29.150000000000002,1.325,26
"Cape Verde","Nov-2024","Canela",29,116.09999999999997,4.003448275862069,41
"Cape Verde","Oct-2024","Canela",34,51.51666666666668,1.5151960784313725,50
"Cape Verde","Sep-2024","Canela",25,17.8,0.7120000000000001,41
"Caribbean Netherlands","Aug-2024","Canela",11,16.683333333333334,1.5166666666666666,20
"Caribbean Netherlands","Dec-2024","Canela",21,294.5833333333333,14.027777777777777,30
"Caribbean Netherlands","Jan-2025","Canela",18,275.7166666666667,15.317592592592591,39
"Caribbean Netherlands","Nov-2024","Canela",21,113.38333333333335,5.39920634920635,30
"Caribbean Netherlands","Oct-2024","Canela",24,1319.9333333333332,54.99722222222223,33
"Caribbean Netherlands","Sep-2024","Canela",16,89.70000000000002,5.60625,23
"Cayman Islands","Aug-2024","Canela",6,0.7000000000000002,0.11666666666666665,7
"Cayman Islands","Dec-2024","Canela",9,15.783333333333333,1.7537037037037038,9
"Cayman Islands","Jan-2025","Canela",8,3.3000000000000003,0.4125,15
"Cayman Islands","Nov-2024","Canela",13,3.0333333333333328,0.23333333333333334,15
"Cayman Islands","Oct-2024","Canela",24,453.19999999999993,18.883333333333333,33
"Cayman Islands","Sep-2024","Canela",14,873.2666666666667,62.37619047619047,19
"Central African Republic","Sep-2024","Canela",1,0.35,0.35,1
"Chad","Dec-2024","Canela",2,2.35,1.175,2
"Chad","Jan-2025","Canela",1,0.5166666666666667,0.5166666666666667,1
"Chad","Nov-2024","Canela",2,0.3,0.15,3
"Chad","Oct-2024","Canela",6,1.1666666666666665,0.19444444444444445,7
"Chad","Sep-2024","Canela",5,2.2166666666666663,0.44333333333333336,6
"Chile","Aug-2024","Canela",30846,521678.1499999207,16.912343577773456,107511
"Chile","Dec-2024","Canela",27029,544058.6666665699,20.128701271473847,91942
"Chile","Jan-2025","Canela",23370,428423.299999915,18.33219084296106,78602
"Chile","Nov-2024","Canela",36639,732289.533333435,19.98661353566782,126567
"Chile","Oct-2024","Canela",39790,921309.5666668412,23.154299237664404,156433
"Chile","Sep-2024","Canela",33747,655151.6499999999,19.413626396420423,121582
"China","Aug-2024","Canela",973,2394.500000000013,2.460945529290853,2109
"China","Dec-2024","Canela",2681,11217.949999999815,4.184240954867587,6848
"China","Jan-2025","Canela",2662,9586.699999999973,3.601314800901578,6950
"China","Nov-2024","Canela",2059,11336.016666666552,5.5055933300955155,6452
"China","Oct-2024","Canela",2314,4434.633333333487,1.916436185537309,6268
"China","Sep-2024","Canela",1473,2746.7000000000803,1.8646978954514595,4709
"Colombia","Aug-2024","Canela",461053,4283910.349996472,9.291578950793076,1728439
"Colombia","Dec-2024","Canela",79148,1146783.71666726,14.48910543117535,327920
"Colombia","Jan-2025","Canela",59976,939147.7000003415,15.658725156729357,250559
"Colombia","Nov-2024","Canela",260482,3267082.549998816,12.542450342058183,1041244
"Colombia","Oct-2024","Canela",602119,6262005.216650558,10.399946217718867,2368997
"Colombia","Sep-2024","Canela",485004,4866961.516658352,10.034889437337974,1883982
"Comoros","Aug-2024","Canela",1,0.26666666666666666,0.26666666666666666,1
"Comoros","Dec-2024","Canela",1,1.5,1.5,1
"Comoros","Jan-2025","Canela",3,0.5666666666666667,0.18888888888888888,3
"Comoros","Nov-2024","Canela",3,0.9666666666666666,0.32222222222222224,3
"Comoros","Oct-2024","Canela",2,0.36666666666666664,0.18333333333333332,2
"Congo - Brazzaville","Aug-2024","Canela",24,48.516666666666644,2.0215277777777776,34
"Congo - Brazzaville","Dec-2024","Canela",85,5689.949999999998,66.94058823529411,235
"Congo - Brazzaville","Jan-2025","Canela",46,2165.4833333333327,47.075724637681155,75
"Congo - Brazzaville","Nov-2024","Canela",82,602.0333333333335,7.341869918699187,120
"Congo - Brazzaville","Oct-2024","Canela",94,441.9000000000001,4.701063829787234,138
"Congo - Brazzaville","Sep-2024","Canela",66,156.7000000000001,2.374242424242424,92
"Congo - Kinshasa","Aug-2024","Canela",37,14.650000000000004,0.39594594594594595,39
"Congo - Kinshasa","Dec-2024","Canela",103,87.03333333333326,0.8449838187702265,125
"Congo - Kinshasa","Jan-2025","Canela",66,31.283333333333342,0.473989898989899,75
"Congo - Kinshasa","Nov-2024","Canela",100,74.89999999999998,0.7490000000000001,127
"Congo - Kinshasa","Oct-2024","Canela",126,110.48333333333328,0.8768518518518519,154
"Congo - Kinshasa","Sep-2024","Canela",81,74.3833333333333,0.9183127572016462,101
"Costa Rica","Aug-2024","Canela",9674,106501.8000000039,11.009075873475295,31986
"Costa Rica","Dec-2024","Canela",4432,88300.76666666844,19.923458182912153,15692
"Costa Rica","Jan-2025","Canela",3350,59905.01666666732,17.882094527363186,10647
"Costa Rica","Nov-2024","Canela",9411,121947.08333333542,12.957930436014593,33731
"Costa Rica","Oct-2024","Canela",12700,190906.81666666715,15.03203280839895,52468
"Costa Rica","Sep-2024","Canela",11281,155916.45000000208,13.82115503944686,41156
"Croatia","Aug-2024","Canela",35,30.400000000000002,0.8685714285714285,45
"Croatia","Dec-2024","Canela",101,344.4333333333332,3.4102310231023103,257
"Croatia","Jan-2025","Canela",83,183.85000000000002,2.2150602409638553,262
"Croatia","Nov-2024","Canela",92,476.35000000000065,5.177717391304348,314
"Croatia","Oct-2024","Canela",104,191.01666666666685,1.836698717948718,249
"Croatia","Sep-2024","Canela",73,104.31666666666658,1.4289954337899542,159
"Cuba","Aug-2024","Canela",3785,26777.033333333166,7.074513430206957,11452
"Cuba","Dec-2024","Canela",1302,9549.599999999966,7.334562211981567,3277
"Cuba","Jan-2025","Canela",971,7953.98333333333,8.19153793340199,2436
"Cuba","Nov-2024","Canela",2217,17178.26666666649,7.74842880769809,7027
"Cuba","Oct-2024","Canela",3930,29526.533333332747,7.513112807463952,13217
"Cuba","Sep-2024","Canela",3703,39036.633333333375,10.541893959852372,13224
"Curaçao","Aug-2024","Canela",38,755.0666666666666,19.870175438596494,80
"Curaçao","Dec-2024","Canela",68,7113.366666666668,104.60833333333333,353
"Curaçao","Jan-2025","Canela",69,1908.0166666666657,27.6524154589372,233
"Curaçao","Nov-2024","Canela",109,1660.2499999999977,15.23165137614679,383
"Curaçao","Oct-2024","Canela",105,479.15000000000026,4.5633333333333335,230
"Curaçao","Sep-2024","Canela",84,830.0333333333334,9.881349206349206,181
"Cyprus","Aug-2024","Canela",11,11.25,1.0227272727272727,18
"Cyprus","Dec-2024","Canela",28,39.29999999999999,1.4035714285714285,51
"Cyprus","Jan-2025","Canela",18,14.833333333333341,0.8240740740740741,30
"Cyprus","Nov-2024","Canela",24,99.38333333333331,4.1409722222222225,63
"Cyprus","Oct-2024","Canela",40,80.16666666666664,2.004166666666667,72
"Cyprus","Sep-2024","Canela",20,15.749999999999998,0.7875,30
"Czech Republic","Aug-2024","Canela",53,207.25000000000006,3.910377358490566,151
"Czech Republic","Dec-2024","Canela",108,2098.7999999999993,19.433333333333334,519
"Czech Republic","Jan-2025","Canela",119,342.4166666666675,2.877450980392157,488
"Czech Republic","Nov-2024","Canela",98,557.7666666666677,5.691496598639455,482
"Czech Republic","Oct-2024","Canela",129,473.2166666666675,3.668346253229974,521
"Czech Republic","Sep-2024","Canela",95,272.9166666666672,2.87280701754386,454
"Côte d’Ivoire","Aug-2024","Canela",67,71.19999999999999,1.0626865671641792,103
"Côte d’Ivoire","Dec-2024","Canela",200,243.66666666666663,1.2183333333333333,269
"Côte d’Ivoire","Jan-2025","Canela",140,338.4000000000002,2.417142857142857,204
"Côte d’Ivoire","Nov-2024","Canela",166,243.13333333333333,1.4646586345381525,248
"Côte d’Ivoire","Oct-2024","Canela",260,541.1999999999998,2.081538461538462,371
"Côte d’Ivoire","Sep-2024","Canela",159,357.916666666667,2.25104821802935,238
"Denmark","Aug-2024","Canela",41,271.4500000000001,6.620731707317073,54
"Denmark","Dec-2024","Canela",69,887.8666666666669,12.867632850241545,134
"Denmark","Jan-2025","Canela",69,476.48333333333375,6.905555555555556,151
"Denmark","Nov-2024","Canela",66,106.24999999999996,1.6098484848484849,128
"Denmark","Oct-2024","Canela",75,121.46666666666663,1.6195555555555556,157
"Denmark","Sep-2024","Canela",36,623.7166666666666,17.325462962962963,51
"Djibouti","Aug-2024","Canela",2,0.11666666666666667,0.058333333333333334,2
"Djibouti","Dec-2024","Canela",2,0.06666666666666667,0.03333333333333333,2
"Djibouti","Jan-2025","Canela",4,0.5333333333333333,0.13333333333333333,4
"Djibouti","Nov-2024","Canela",2,1.3333333333333333,0.6666666666666666,2
"Djibouti","Oct-2024","Canela",5,0.8,0.16,6
"Djibouti","Sep-2024","Canela",2,0.75,0.375,3
"Dominica","Aug-2024","Canela",9,4.383333333333332,0.4870370370370371,10
"Dominica","Dec-2024","Canela",3,2.6333333333333333,0.8777777777777778,3
"Dominica","Jan-2025","Canela",7,5.033333333333333,0.719047619047619,10
"Dominica","Nov-2024","Canela",10,96.33333333333333,9.633333333333333,11
"Dominica","Oct-2024","Canela",4,24.999999999999996,6.25,7
"Dominica","Sep-2024","Canela",10,14.400000000000002,1.44,13
"Dominican Republic","Aug-2024","Canela",21123,336362.2166666373,15.923979390553741,89665
"Dominican Republic","Dec-2024","Canela",10232,230337.1166666622,22.511446116757885,31001
"Dominican Republic","Jan-2025","Canela",8180,196389.49999999753,24.008496332518337,24953
"Dominican Republic","Nov-2024","Canela",18656,332902.46666662995,17.844257432818754,72742
"Dominican Republic","Oct-2024","Canela",25439,442086.4166665983,17.378293827063434,113841
"Dominican Republic","Sep-2024","Canela",23915,387532.6166666161,16.204583594675587,98075
"Ecuador","Aug-2024","Canela",37967,1271644.9500001667,33.493427186767455,161259
"Ecuador","Dec-2024","Canela",25986,2078276.6000003552,79.97677980451013,121051
"Ecuador","Jan-2025","Canela",22450,1915611.016666979,85.3278849294729,107750
"Ecuador","Nov-2024","Canela",33926,1796968.7333336459,52.96730334649924,135925
"Ecuador","Oct-2024","Canela",38940,1860527.55000025,47.77934129429892,167937
"Ecuador","Sep-2024","Canela",39342,1839164.3666669822,46.74811566942877,170644
"Egypt","Aug-2024","Canela",274,1278.766666666663,4.6670316301703165,667
"Egypt","Dec-2024","Canela",679,2725.616666666675,4.014162984781541,2852
"Egypt","Jan-2025","Canela",596,2508.7000000000085,4.209228187919463,2317
"Egypt","Nov-2024","Canela",628,3179.8166666666966,5.063402335456476,3155
"Egypt","Oct-2024","Canela",588,4218.9500000000435,7.175085034013605,3638
"Egypt","Sep-2024","Canela",518,2341.3500000000017,4.519980694980695,1793
"El Salvador","Aug-2024","Canela",10528,155843.3999999973,14.802754559270516,46778
"El Salvador","Dec-2024","Canela",6498,86497.18333333515,13.31135477582846,26206
"El Salvador","Jan-2025","Canela",4443,77527.68333333507,17.449399804936604,21300
"El Salvador","Nov-2024","Canela",10452,146737.40000000285,14.03916953693073,43764
"El Salvador","Oct-2024","Canela",13517,187202.55000000162,13.849415550787896,62213
"El Salvador","Sep-2024","Canela",12120,166615.0833333328,13.747119086908691,52200
"Equatorial Guinea","Aug-2024","Canela",7,147.74999999999997,21.107142857142858,15
"Equatorial Guinea","Dec-2024","Canela",6,4.216666666666667,0.7027777777777778,7
"Equatorial Guinea","Jan-2025","Canela",5,7.2666666666666675,1.4533333333333334,7
"Equatorial Guinea","Nov-2024","Canela",12,282.15,23.5125,29
"Equatorial Guinea","Oct-2024","Canela",15,642.0166666666665,42.80111111111111,64
"Equatorial Guinea","Sep-2024","Canela",15,160.04999999999995,10.67,54
"Estonia","Aug-2024","Canela",9,6.016666666666666,0.6685185185185185,14
"Estonia","Dec-2024","Canela",23,95.13333333333324,4.136231884057971,127
"Estonia","Jan-2025","Canela",25,60.716666666666654,2.4286666666666665,45
"Estonia","Nov-2024","Canela",27,238.5,8.833333333333334,71
"Estonia","Oct-2024","Canela",23,167.18333333333345,7.268840579710145,54
"Estonia","Sep-2024","Canela",13,62.73333333333333,4.825641025641025,24
"Ethiopia","Aug-2024","Canela",119,53.33333333333336,0.4481792717086835,148
"Ethiopia","Dec-2024","Canela",153,180.46666666666673,1.179520697167756,216
"Ethiopia","Jan-2025","Canela",133,261.68333333333374,1.9675438596491228,200
"Ethiopia","Nov-2024","Canela",154,81.26666666666667,0.5277056277056277,197
"Ethiopia","Oct-2024","Canela",141,111.65,0.7918439716312057,156
"Ethiopia","Sep-2024","Canela",92,43.516666666666694,0.4730072463768116,105
"Faroe Islands","Aug-2024","Canela",1,0.4,0.4,3
"Fiji","Aug-2024","Canela",2,0.15000000000000002,0.075,2
"Fiji","Dec-2024","Canela",4,0.7333333333333333,0.18333333333333332,4
"Fiji","Nov-2024","Canela",1,0.1,0.1,1
"Fiji","Sep-2024","Canela",4,0.44999999999999996,0.1125,6
"Finland","Aug-2024","Canela",63,44911.33333333339,712.878306878307,426
"Finland","Dec-2024","Canela",100,126059.50000000015,1260.595,689
"Finland","Jan-2025","Canela",107,107723.68333333357,1006.7633956386293,688
"Finland","Nov-2024","Canela",125,130351.61666666668,1042.8129333333334,1187
"Finland","Oct-2024","Canela",157,94247.1000000002,600.3000000000001,764
"Finland","Sep-2024","Canela",95,87402.53333333347,920.0266666666668,602
"France","Aug-2024","Canela",479,49225.083333333474,102.76635351426583,1065
"France","Dec-2024","Canela",1150,333223.26666665246,289.7593623188406,8696
"France","Jan-2025","Canela",1011,194301.00000000081,192.18694362017803,3412
"France","Nov-2024","Canela",1257,1120527.5666666774,891.4300450808804,7127
"France","Oct-2024","Canela",1421,240516.28333333347,169.25846821487215,4333
"France","Sep-2024","Canela",1050,31865.89999999971,30.34847619047619,2394
"French Guiana","Aug-2024","Canela",2,0.6166666666666667,0.30833333333333335,2
"French Guiana","Dec-2024","Canela",5,4.533333333333333,0.9066666666666666,6
"French Guiana","Jan-2025","Canela",3,2.2666666666666666,0.7555555555555555,3
"French Guiana","Nov-2024","Canela",3,0.21666666666666667,0.07222222222222223,3
"French Guiana","Oct-2024","Canela",1,0.35,0.35,1
"French Guiana","Sep-2024","Canela",2,1.15,0.575,2
"French Polynesia","Aug-2024","Canela",2,2.4,1.2,3
"French Polynesia","Nov-2024","Canela",1,0.06666666666666667,0.06666666666666667,1
"French Polynesia","Oct-2024","Canela",5,7.966666666666665,1.5933333333333333,31
"Gabon","Aug-2024","Canela",19,13.666666666666664,0.7192982456140351,25
"Gabon","Dec-2024","Canela",66,140.9,2.1348484848484848,90
"Gabon","Jan-2025","Canela",65,91.1499999999999,1.4023076923076925,98
"Gabon","Nov-2024","Canela",60,38.150000000000006,0.6358333333333334,73
"Gabon","Oct-2024","Canela",84,45.766666666666666,0.5448412698412698,117
"Gabon","Sep-2024","Canela",46,22.78333333333333,0.4952898550724638,53
"Gambia","Aug-2024","Canela",3,0.2,0.06666666666666667,3
"Gambia","Dec-2024","Canela",14,33.699999999999996,2.4071428571428575,16
"Gambia","Jan-2025","Canela",2,0.26666666666666666,0.13333333333333333,2
"Gambia","Nov-2024","Canela",5,2.4666666666666672,0.49333333333333335,10
"Gambia","Oct-2024","Canela",16,22.333333333333325,1.3958333333333333,25
"Gambia","Sep-2024","Canela",3,1.7,0.5666666666666667,4
"Georgia","Aug-2024","Canela",4,2.4000000000000004,0.6,4
"Georgia","Dec-2024","Canela",42,24.266666666666676,0.5777777777777777,108
"Georgia","Jan-2025","Canela",31,30.900000000000002,0.996774193548387,74
"Georgia","Nov-2024","Canela",28,22.66666666666667,0.8095238095238095,70
"Georgia","Oct-2024","Canela",39,46.38333333333333,1.1893162393162393,64
"Georgia","Sep-2024","Canela",36,15.166666666666666,0.4212962962962963,77
"Germany","Aug-2024","Canela",2202,676413.2500000199,307.1813124432334,90043
"Germany","Dec-2024","Canela",2306,428896.5166665901,185.99155102630817,67215
"Germany","Jan-2025","Canela",1714,519550.01666660566,303.1213632827693,83018
"Germany","Nov-2024","Canela",3030,717777.7333335017,236.8903410341034,135255
"Germany","Oct-2024","Canela",3493,1046546.950000103,299.61263956484396,115934
"Germany","Sep-2024","Canela",2675,942066.5500000519,352.1744112149533,113002
"Ghana","Aug-2024","Canela",53,35.53333333333332,0.670440251572327,56
"Ghana","Dec-2024","Canela",85,31.216666666666672,0.3672549019607843,100
"Ghana","Jan-2025","Canela",69,19.16666666666666,0.2777777777777778,92
"Ghana","Nov-2024","Canela",83,94.48333333333328,1.1383534136546185,100
"Ghana","Oct-2024","Canela",91,44.83333333333335,0.4926739926739927,113
"Ghana","Sep-2024","Canela",71,122.19999999999996,1.7211267605633804,106
"Gibraltar","Dec-2024","Canela",4,0.5,0.125,4
"Gibraltar","Nov-2024","Canela",1,0.18333333333333332,0.18333333333333332,1
"Gibraltar","Sep-2024","Canela",1,0.43333333333333335,0.43333333333333335,1
"Greece","Aug-2024","Canela",272,1682.0166666666673,6.183884803921568,396
"Greece","Dec-2024","Canela",372,992.2833333333331,2.6674283154121863,913
"Greece","Jan-2025","Canela",321,1052.9999999999989,3.2803738317757007,800
"Greece","Nov-2024","Canela",400,727.4166666666666,1.8185416666666665,793
"Greece","Oct-2024","Canela",451,716.0166666666694,1.587620103473762,916
"Greece","Sep-2024","Canela",333,347.0833333333342,1.0422922922922921,703
"Greenland","Sep-2024","Canela",1,2.0833333333333335,2.0833333333333335,2
"Grenada","Aug-2024","Canela",12,16.150000000000006,1.3458333333333332,23
"Grenada","Dec-2024","Canela",5,0.8666666666666667,0.17333333333333334,5
"Grenada","Jan-2025","Canela",8,4.85,0.60625,11
"Grenada","Nov-2024","Canela",11,5.466666666666666,0.496969696969697,16
"Grenada","Oct-2024","Canela",13,12.866666666666665,0.9897435897435898,19
"Grenada","Sep-2024","Canela",12,1.4166666666666665,0.11805555555555557,14
"Guadeloupe","Aug-2024","Canela",6,3.3499999999999996,0.5583333333333333,6
"Guadeloupe","Dec-2024","Canela",11,57.716666666666676,5.246969696969697,94
"Guadeloupe","Jan-2025","Canela",8,5.866666666666667,0.7333333333333333,32
"Guadeloupe","Nov-2024","Canela",13,14.833333333333329,1.141025641025641,23
"Guadeloupe","Oct-2024","Canela",17,38.41666666666668,2.2598039215686274,43
"Guadeloupe","Sep-2024","Canela",8,8.233333333333334,1.0291666666666666,16
"Guam","Dec-2024","Canela",1,0.5,0.5,4
"Guam","Nov-2024","Canela",8,1.8499999999999999,0.23125,15
"Guam","Oct-2024","Canela",1,0.06666666666666667,0.06666666666666667,1
"Guam","Sep-2024","Canela",1,0.05,0.05,1
"Guatemala","Aug-2024","Canela",14131,253926.61666665558,17.969472554431157,51943
"Guatemala","Dec-2024","Canela",25250,5038588.766666306,199.5480699669967,197426
"Guatemala","Jan-2025","Canela",13934,1036384.483333374,74.37810272235778,54835
"Guatemala","Nov-2024","Canela",24100,1739331.650000083,72.1714377593361,109018
"Guatemala","Oct-2024","Canela",23170,590599.2999999921,25.489827362969358,93957
"Guatemala","Sep-2024","Canela",17388,332677.59999997914,19.132597193466758,70465
"Guernsey","Dec-2024","Canela",3,0.2833333333333333,0.09444444444444444,4
"Guernsey","Jan-2025","Canela",2,3.3666666666666667,1.6833333333333333,2
"Guernsey","Nov-2024","Canela",1,0.2,0.2,1
"Guinea","Aug-2024","Canela",3,1.9833333333333334,0.6611111111111111,3
"Guinea","Dec-2024","Canela",22,28.75,1.3068181818181819,25
"Guinea","Jan-2025","Canela",27,19.38333333333334,0.7179012345679012,40
"Guinea","Nov-2024","Canela",6,3.5333333333333337,0.5888888888888889,6
"Guinea","Oct-2024","Canela",16,5.933333333333334,0.37083333333333335,16
"Guinea","Sep-2024","Canela",7,5.6,0.7999999999999999,7
"Guinea-Bissau","Aug-2024","Canela",1,0.2833333333333333,0.2833333333333333,1
"Guinea-Bissau","Dec-2024","Canela",3,14.283333333333333,4.761111111111111,4
"Guinea-Bissau","Jan-2025","Canela",5,2.2,0.44000000000000006,6
"Guinea-Bissau","Nov-2024","Canela",1,0.3,0.3,1
"Guinea-Bissau","Oct-2024","Canela",1,0.06666666666666667,0.06666666666666667,1
"Guinea-Bissau","Sep-2024","Canela",3,0.11666666666666667,0.03888888888888889,3
"Guyana","Aug-2024","Canela",50,21.11666666666667,0.42233333333333334,58
"Guyana","Dec-2024","Canela",14,17515.133333333335,1251.0809523809526,77
"Guyana","Jan-2025","Canela",18,16733.316666666666,929.6287037037036,89
"Guyana","Nov-2024","Canela",33,1339.8833333333328,40.602525252525254,47
"Guyana","Oct-2024","Canela",71,4661.800000000004,65.65915492957747,103
"Guyana","Sep-2024","Canela",55,6504.4,118.26181818181817,98
"Haiti","Aug-2024","Canela",85,63.43333333333334,0.7462745098039215,92
"Haiti","Dec-2024","Canela",148,141.50000000000003,0.956081081081081,179
"Haiti","Jan-2025","Canela",135,104.33333333333333,0.7728395061728395,173
"Haiti","Nov-2024","Canela",66,238.51666666666665,3.613888888888889,77
"Haiti","Oct-2024","Canela",107,135.4666666666666,1.2660436137071651,146
"Haiti","Sep-2024","Canela",57,84.3,1.4789473684210526,65
"Honduras","Aug-2024","Canela",8839,105759.4000000038,11.965086548252064,39515
"Honduras","Dec-2024","Canela",5465,159636.0999999995,29.210631290027447,28738
"Honduras","Jan-2025","Canela",4269,110579.41666666747,25.90288514093855,23421
"Honduras","Nov-2024","Canela",8624,208768.5333333299,24.20785405071119,46197
"Honduras","Oct-2024","Canela",11540,262470.41666666156,22.744403523974583,67393
"Honduras","Sep-2024","Canela",9843,174533.36666666527,17.73172474516577,47456
"Hong Kong","Aug-2024","Canela",96,233.25000000000014,2.4296875,209
"Hong Kong","Dec-2024","Canela",188,18044.93333333329,95.98368794326241,3410
"Hong Kong","Jan-2025","Canela",155,47009.11666666673,303.284623655914,3252
"Hong Kong","Nov-2024","Canela",206,33907.43333333326,164.59919093851133,981
"Hong Kong","Oct-2024","Canela",187,9078.216666666644,48.54661319073084,1250
"Hong Kong","Sep-2024","Canela",126,3789.9500000000007,30.078968253968252,1206
"Hungary","Aug-2024","Canela",32,450.1666666666668,14.067708333333334,55
"Hungary","Dec-2024","Canela",111,936.7166666666668,8.43888888888889,348
"Hungary","Jan-2025","Canela",117,920.1333333333334,7.864387464387464,251
"Hungary","Nov-2024","Canela",99,210.08333333333348,2.122053872053872,224
"Hungary","Oct-2024","Canela",107,208.41666666666697,1.9478193146417444,241
"Hungary","Sep-2024","Canela",84,77.58333333333326,0.923611111111111,142
"Iceland","Aug-2024","Canela",8,2259.483333333333,282.43541666666664,22
"Iceland","Dec-2024","Canela",9,258.6,28.733333333333334,48
"Iceland","Jan-2025","Canela",14,115.16666666666664,8.226190476190476,62
"Iceland","Nov-2024","Canela",14,37.83333333333332,2.7023809523809526,40
"Iceland","Oct-2024","Canela",10,3.783333333333333,0.3783333333333333,12
"Iceland","Sep-2024","Canela",12,1142.8499999999997,95.2375,19
"India","Aug-2024","Canela",1097,55850.61666667058,50.91213916742632,20751
"India","Dec-2024","Canela",1609,107981.73333333427,67.11108348870934,12400
"India","Jan-2025","Canela",1543,123359.56666666694,79.94787211060704,14535
"India","Nov-2024","Canela",1803,82808.90000000397,45.92839711591791,16731
"India","Oct-2024","Canela",2067,51150.2333333363,24.746121593291402,16222
"India","Sep-2024","Canela",1530,77786.43333333715,50.84080610021787,23223
"Indonesia","Aug-2024","Canela",823,2306.6666666666592,2.802754151478331,1183
"Indonesia","Dec-2024","Canela",2225,11726.533333333364,5.270352059925093,4819
"Indonesia","Jan-2025","Canela",1854,38425.93333333328,20.72596188421431,4081
"Indonesia","Nov-2024","Canela",2809,20298.649999999536,7.226290494838021,6389
"Indonesia","Oct-2024","Canela",3705,46621.03333333645,12.58327485380117,10189
"Indonesia","Sep-2024","Canela",1808,12751.849999999991,7.053014380530974,3706
"Iran","Aug-2024","Canela",310,818.2666666666664,2.6395698924731184,441
"Iran","Dec-2024","Canela",623,889.7333333333341,1.428143392188336,1049
"Iran","Jan-2025","Canela",720,859.7833333333331,1.1941435185185185,1387
"Iran","Nov-2024","Canela",627,1039.8166666666664,1.6583997873471557,966
"Iran","Oct-2024","Canela",741,2003.783333333327,2.704161043634728,1088
"Iran","Sep-2024","Canela",484,980.8166666666663,2.0264807162534435,739
"Iraq","Aug-2024","Canela",436,429.0666666666674,0.9840978593272172,606
"Iraq","Dec-2024","Canela",942,691.8999999999996,0.7345010615711253,1436
"Iraq","Jan-2025","Canela",931,1162.383333333322,1.248532044396706,1547
"Iraq","Nov-2024","Canela",1020,807.5166666666653,0.7916830065359477,1538
"Iraq","Oct-2024","Canela",1829,1522.0999999999867,0.8322033898305085,2531
"Iraq","Sep-2024","Canela",2468,2757.5333333333706,1.1173149648838465,2914
"Ireland","Aug-2024","Canela",220,2179.6666666666733,9.907575757575756,1092
"Ireland","Dec-2024","Canela",318,7807.449999999966,24.551729559748427,2671
"Ireland","Jan-2025","Canela",300,6676.883333333317,22.25627777777778,2604
"Ireland","Nov-2024","Canela",329,2519.63333333336,7.658459979736575,1546
"Ireland","Oct-2024","Canela",313,1825.8166666666548,5.833280085197018,1602
"Ireland","Sep-2024","Canela",279,16103.866666666543,57.71995221027479,3716
"Isle of Man","Nov-2024","Canela",1,0.16666666666666666,0.16666666666666666,1
"Israel","Aug-2024","Canela",106,301.40000000000026,2.843396226415094,274
"Israel","Dec-2024","Canela",209,853.3666666666684,4.083094098883572,594
"Israel","Jan-2025","Canela",180,568.7000000000006,3.1594444444444445,543
"Israel","Nov-2024","Canela",195,1848.216666666661,9.478034188034188,591
"Israel","Oct-2024","Canela",208,1985.683333333307,9.546554487179488,1826
"Israel","Sep-2024","Canela",155,1561.0666666666657,10.071397849462365,454
"Italy","Aug-2024","Canela",447,687.3666666666672,1.5377330350484713,792
"Italy","Dec-2024","Canela",754,22758.733333333086,30.18399646330681,1990
"Italy","Jan-2025","Canela",771,3611.033333333356,4.68357111975789,1764
"Italy","Nov-2024","Canela",928,64469.48333333376,69.47142600574712,2419
"Italy","Oct-2024","Canela",1098,48756.04999999985,44.40441712204007,2871
"Italy","Sep-2024","Canela",875,2789.400000000015,3.187885714285714,2057
"Jamaica","Aug-2024","Canela",171,533.1500000000007,3.1178362573099414,368
"Jamaica","Dec-2024","Canela",309,911.5166666666674,2.9498921251348436,483
"Jamaica","Jan-2025","Canela",261,796.866666666667,3.0531289910600257,436
"Jamaica","Nov-2024","Canela",393,783.9166666666661,1.994698897370653,675
"Jamaica","Oct-2024","Canela",394,1222.1833333333327,3.101988155668359,691
"Jamaica","Sep-2024","Canela",283,1885.2166666666617,6.661542991755006,491
"Japan","Aug-2024","Canela",272,5511.666666666707,20.263480392156865,3087
"Japan","Dec-2024","Canela",371,2647.8333333333344,7.1370170709793355,1243
"Japan","Jan-2025","Canela",343,6728.65000000002,19.617055393586003,1675
"Japan","Nov-2024","Canela",348,3690.166666666689,10.603927203065133,997
"Japan","Oct-2024","Canela",435,8110.216666666657,18.644176245210726,1902
"Japan","Sep-2024","Canela",284,6125.59999999998,21.569014084507042,1571
"Jersey","Aug-2024","Canela",1,0.11666666666666667,0.11666666666666667,1
"Jersey","Dec-2024","Canela",3,0.6833333333333335,0.22777777777777777,8
"Jersey","Jan-2025","Canela",3,0.3,0.09999999999999999,3
"Jersey","Nov-2024","Canela",2,0.11666666666666667,0.058333333333333334,2
"Jersey","Sep-2024","Canela",1,0.2833333333333333,0.2833333333333333,1
"Jordan","Aug-2024","Canela",79,390.2166666666671,4.9394514767932485,233
"Jordan","Dec-2024","Canela",203,340.9000000000004,1.6793103448275861,411
"Jordan","Jan-2025","Canela",166,348.76666666666705,2.101004016064257,351
"Jordan","Nov-2024","Canela",245,301.83333333333394,1.2319727891156462,478
"Jordan","Oct-2024","Canela",291,536.6333333333333,1.8441008018327605,613
"Jordan","Sep-2024","Canela",196,405.9166666666672,2.0710034013605445,403
"Kazakhstan","Aug-2024","Canela",8,96.61666666666666,12.077083333333333,13
"Kazakhstan","Dec-2024","Canela",38,71.51666666666665,1.8820175438596491,103
"Kazakhstan","Jan-2025","Canela",40,69.20000000000003,1.73,113
"Kazakhstan","Nov-2024","Canela",36,60.43333333333334,1.6787037037037036,148
"Kazakhstan","Oct-2024","Canela",26,57.46666666666666,2.2102564102564104,64
"Kazakhstan","Sep-2024","Canela",28,180.29999999999995,6.439285714285715,86
"Kenya","Aug-2024","Canela",317,154.81666666666686,0.4883806519453207,371
"Kenya","Dec-2024","Canela",335,365.11666666666684,1.0899004975124378,418
"Kenya","Jan-2025","Canela",277,207.15000000000074,0.7478339350180505,326
"Kenya","Nov-2024","Canela",293,1156.2166666666653,3.94613196814562,407
"Kenya","Oct-2024","Canela",385,304.55000000000075,0.7910389610389611,510
"Kenya","Sep-2024","Canela",309,210.71666666666695,0.6819309600862999,366
"Kuwait","Aug-2024","Canela",51,166.0333333333334,3.2555555555555555,104
"Kuwait","Dec-2024","Canela",94,203.66666666666652,2.1666666666666665,241
"Kuwait","Jan-2025","Canela",79,396.3000000000004,5.016455696202532,184
"Kuwait","Nov-2024","Canela",92,419.08333333333354,4.555253623188405,220
"Kuwait","Oct-2024","Canela",131,1267.6833333333316,9.676972010178117,355
"Kuwait","Sep-2024","Canela",116,216.75000000000023,1.8685344827586208,217
"Kyrgyzstan","Aug-2024","Canela",1,0.016666666666666666,0.016666666666666666,1
"Kyrgyzstan","Dec-2024","Canela",7,4.666666666666666,0.6666666666666667,14
"Kyrgyzstan","Jan-2025","Canela",8,2.016666666666667,0.2520833333333333,10
"Kyrgyzstan","Nov-2024","Canela",5,2.3166666666666664,0.4633333333333334,5
"Kyrgyzstan","Oct-2024","Canela",4,1.5333333333333334,0.38333333333333336,6
"Laos","Aug-2024","Canela",2,0.8,0.4,2
"Laos","Dec-2024","Canela",6,3.9333333333333336,0.6555555555555556,8
"Laos","Jan-2025","Canela",8,7.999999999999999,1,9
"Laos","Nov-2024","Canela",5,1.1,0.22000000000000003,6
"Laos","Oct-2024","Canela",9,2.216666666666667,0.24629629629629632,14
"Laos","Sep-2024","Canela",5,0.7666666666666666,0.15333333333333335,6
"Latvia","Aug-2024","Canela",7,2.7833333333333337,0.3976190476190476,12
"Latvia","Dec-2024","Canela",41,440.2333333333335,10.73739837398374,72
"Latvia","Jan-2025","Canela",27,233.48333333333332,8.647530864197531,44
"Latvia","Nov-2024","Canela",20,317.21666666666664,15.860833333333332,79
"Latvia","Oct-2024","Canela",25,293.01666666666665,11.720666666666666,91
"Latvia","Sep-2024","Canela",26,73.36666666666662,2.8217948717948715,53
"Lebanon","Aug-2024","Canela",58,50.166666666666664,0.8649425287356322,112
"Lebanon","Dec-2024","Canela",184,1001.5499999999994,5.44320652173913,296
"Lebanon","Jan-2025","Canela",163,308.6833333333329,1.8937627811860942,331
"Lebanon","Nov-2024","Canela",148,463.1500000000003,3.129391891891892,275
"Lebanon","Oct-2024","Canela",176,441.3666666666669,2.5077651515151516,346
"Lebanon","Sep-2024","Canela",147,322.1000000000004,2.191156462585034,272
"Lesotho","Aug-2024","Canela",1,0.6666666666666666,0.6666666666666666,1
"Lesotho","Dec-2024","Canela",1,0.7,0.7,1
"Lesotho","Jan-2025","Canela",3,0.31666666666666665,0.10555555555555556,3
"Lesotho","Nov-2024","Canela",1,0.11666666666666667,0.11666666666666667,1
"Lesotho","Sep-2024","Canela",3,1.2,0.39999999999999997,3
"Liberia","Dec-2024","Canela",10,4.516666666666667,0.45166666666666666,10
"Liberia","Jan-2025","Canela",2,1.4,0.7,3
"Liberia","Nov-2024","Canela",10,4.116666666666666,0.4116666666666666,11
"Liberia","Oct-2024","Canela",6,4.366666666666667,0.7277777777777777,7
"Liberia","Sep-2024","Canela",6,1.9333333333333336,0.32222222222222224,8
"Libya","Aug-2024","Canela",49,29.350000000000005,0.5989795918367348,62
"Libya","Dec-2024","Canela",113,44.716666666666654,0.3957227138643068,153
"Libya","Jan-2025","Canela",109,105.83333333333324,0.9709480122324159,206
"Libya","Nov-2024","Canela",164,75.7333333333333,0.46178861788617886,220
"Libya","Oct-2024","Canela",156,113.59999999999991,0.7282051282051282,229
"Libya","Sep-2024","Canela",112,46.98333333333332,0.4194940476190476,182
"Liechtenstein","Oct-2024","Canela",1,0.06666666666666667,0.06666666666666667,1
"Liechtenstein","Sep-2024","Canela",1,3.933333333333333,3.933333333333333,3
"Lithuania","Aug-2024","Canela",19,1077.3666666666663,56.70350877192982,264
"Lithuania","Dec-2024","Canela",47,45467.183333333334,967.3868794326241,346
"Lithuania","Jan-2025","Canela",50,40099.93333333328,801.9986666666667,378
"Lithuania","Nov-2024","Canela",59,11397.283333333351,193.17429378531074,267
"Lithuania","Oct-2024","Canela",56,117.6833333333333,2.1014880952380954,172
"Lithuania","Sep-2024","Canela",54,289.2,5.355555555555555,168
"Luxembourg","Aug-2024","Canela",18,7.3166666666666655,0.40648148148148144,25
"Luxembourg","Dec-2024","Canela",27,10.466666666666672,0.38765432098765434,45
"Luxembourg","Jan-2025","Canela",26,51.73333333333333,1.9897435897435898,60
"Luxembourg","Nov-2024","Canela",25,256.3166666666667,10.252666666666666,49
"Luxembourg","Oct-2024","Canela",31,178.04999999999993,5.743548387096775,116
"Luxembourg","Sep-2024","Canela",17,16.43333333333333,0.9666666666666667,24
"Macau SAR China","Aug-2024","Canela",3,10.183333333333334,3.3944444444444444,4
"Macau SAR China","Dec-2024","Canela",2,1.15,0.575,2
"Macau SAR China","Nov-2024","Canela",3,1.0166666666666666,0.33888888888888885,3
"Macau SAR China","Oct-2024","Canela",1,0.23333333333333334,0.23333333333333334,1
"Macau SAR China","Sep-2024","Canela",2,2.3166666666666664,1.1583333333333334,2
"Macedonia","Aug-2024","Canela",37,137.88333333333335,3.7265765765765764,83
"Macedonia","Dec-2024","Canela",67,196.81666666666675,2.9375621890547263,221
"Macedonia","Jan-2025","Canela",78,762.4666666666668,9.775213675213676,216
"Macedonia","Nov-2024","Canela",92,77.84999999999995,0.846195652173913,183
"Macedonia","Oct-2024","Canela",92,127.06666666666652,1.381159420289855,231
"Macedonia","Sep-2024","Canela",58,398.0000000000004,6.862068965517241,162
"Madagascar","Aug-2024","Canela",12,19.06666666666667,1.5888888888888888,15
"Madagascar","Dec-2024","Canela",34,266.1833333333334,7.828921568627451,45
"Madagascar","Jan-2025","Canela",28,123.39999999999996,4.4071428571428575,31
"Madagascar","Nov-2024","Canela",39,28.01666666666667,0.7183760683760684,39
"Madagascar","Oct-2024","Canela",44,142.7,3.2431818181818177,46
"Madagascar","Sep-2024","Canela",19,110.64999999999999,5.8236842105263165,21
"Malawi","Aug-2024","Canela",4,1.7,0.425,5
"Malawi","Dec-2024","Canela",30,39.566666666666656,1.318888888888889,32
"Malawi","Jan-2025","Canela",25,19.950000000000003,0.7979999999999999,32
"Malawi","Nov-2024","Canela",25,17.883333333333333,0.7153333333333333,28
"Malawi","Oct-2024","Canela",21,8.95,0.4261904761904762,25
"Malawi","Sep-2024","Canela",33,24.93333333333333,0.7555555555555555,40
"Malaysia","Aug-2024","Canela",179,485.11666666666713,2.710148975791434,265
"Malaysia","Dec-2024","Canela",412,7223.433333333342,17.532605177993528,872
"Malaysia","Jan-2025","Canela",359,775.8166666666676,2.1610492107706594,754
"Malaysia","Nov-2024","Canela",504,19855.91666666664,39.39666005291006,1080
"Malaysia","Oct-2024","Canela",587,15489.616666666652,26.387762634866554,1056
"Malaysia","Sep-2024","Canela",277,869.6166666666662,3.139410348977136,513
"Maldives","Aug-2024","Canela",12,5.583333333333333,0.46527777777777773,15
"Maldives","Dec-2024","Canela",5,1.3166666666666667,0.2633333333333333,5
"Maldives","Jan-2025","Canela",4,0.8,0.2,4
"Maldives","Nov-2024","Canela",14,3.5166666666666666,0.2511904761904762,19
"Maldives","Oct-2024","Canela",6,1.5666666666666669,0.2611111111111111,8
"Maldives","Sep-2024","Canela",9,2.466666666666667,0.2740740740740741,10
"Mali","Aug-2024","Canela",18,8.766666666666666,0.4870370370370371,21
"Mali","Dec-2024","Canela",60,133.74999999999997,2.2291666666666665,74
"Mali","Jan-2025","Canela",39,37.7,0.9666666666666668,46
"Mali","Nov-2024","Canela",62,116.54999999999998,1.8798387096774194,77
"Mali","Oct-2024","Canela",74,43.9,0.5932432432432432,84
"Mali","Sep-2024","Canela",47,23.283333333333328,0.49539007092198584,60
"Malta","Aug-2024","Canela",7,0.95,0.1357142857142857,12
"Malta","Dec-2024","Canela",26,21.450000000000006,0.825,64
"Malta","Jan-2025","Canela",31,820.0666666666671,26.453763440860218,103
"Malta","Nov-2024","Canela",22,194.1333333333333,8.824242424242424,95
"Malta","Oct-2024","Canela",23,138.9166666666666,6.039855072463768,60
"Malta","Sep-2024","Canela",16,9.783333333333335,0.6114583333333333,19
"Martinique","Aug-2024","Canela",4,2.983333333333333,0.7458333333333333,10
"Martinique","Dec-2024","Canela",3,15.883333333333336,5.294444444444444,26
"Martinique","Jan-2025","Canela",8,328.68333333333334,41.08541666666667,82
"Martinique","Nov-2024","Canela",7,10.083333333333334,1.4404761904761905,20
"Martinique","Oct-2024","Canela",9,12.416666666666666,1.3796296296296295,25
"Martinique","Sep-2024","Canela",3,2.7333333333333334,0.9111111111111111,10
"Mauritania","Aug-2024","Canela",9,2.8,0.3111111111111111,14
"Mauritania","Dec-2024","Canela",11,3,0.2727272727272727,11
"Mauritania","Jan-2025","Canela",23,9.616666666666665,0.41811594202898555,32
"Mauritania","Nov-2024","Canela",25,22.76666666666667,0.9106666666666666,26
"Mauritania","Oct-2024","Canela",25,8.966666666666667,0.3586666666666667,34
"Mauritania","Sep-2024","Canela",22,5.1,0.2318181818181818,26
"Mauritius","Aug-2024","Canela",33,116.46666666666665,3.529292929292929,54
"Mauritius","Dec-2024","Canela",54,230.3666666666667,4.26604938271605,101
"Mauritius","Jan-2025","Canela",45,819.3500000000004,18.20777777777778,121
"Mauritius","Nov-2024","Canela",27,197.98333333333338,7.332716049382715,67
"Mauritius","Oct-2024","Canela",22,323.13333333333327,14.687878787878788,51
"Mauritius","Sep-2024","Canela",25,131.7166666666667,5.268666666666666,41
"Mayotte","Oct-2024","Canela",1,0,0,1
"Mayotte","Sep-2024","Canela",2,0.2,0.1,2
"Mexico","Aug-2024","Canela",1264417,16080576.800057521,12.717779656553178,3931375
"Mexico","Dec-2024","Canela",356910,6476603.3833089145,18.146320874543537,1164657
"Mexico","Jan-2025","Canela",305041,5995640.483318113,19.655195476455077,966794
"Mexico","Nov-2024","Canela",716949,12661285.350024993,17.659952590770054,2521527
"Mexico","Oct-2024","Canela",1375271,23066307.766775914,16.772190911221617,5300394
"Mexico","Sep-2024","Canela",1366236,19643039.000116795,14.377486027304213,4694993
"Moldova","Aug-2024","Canela",8,9.433333333333334,1.1791666666666667,100
"Moldova","Dec-2024","Canela",32,38.7333333333334,1.2104166666666667,860
"Moldova","Jan-2025","Canela",54,34.816666666666755,0.6447530864197532,579
"Moldova","Nov-2024","Canela",27,34.683333333333415,1.2845679012345679,681
"Moldova","Oct-2024","Canela",27,44.26666666666661,1.6395061728395062,733
"Moldova","Sep-2024","Canela",24,42.23333333333336,1.7597222222222222,566
"Monaco","Nov-2024","Canela",1,0.05,0.05,2
"Mongolia","Dec-2024","Canela",3,0.4,0.13333333333333333,5
"Mongolia","Jan-2025","Canela",2,1.0333333333333334,0.5166666666666667,6
"Mongolia","Nov-2024","Canela",4,0.9833333333333333,0.24583333333333332,5
"Mongolia","Oct-2024","Canela",3,0.3833333333333333,0.1277777777777778,3
"Mongolia","Sep-2024","Canela",4,3.066666666666667,0.7666666666666667,14
"Montenegro","Aug-2024","Canela",7,1.0666666666666667,0.15238095238095237,9
"Montenegro","Dec-2024","Canela",19,188.3666666666666,9.914035087719299,53
"Montenegro","Jan-2025","Canela",35,56.30000000000001,1.6085714285714285,119
"Montenegro","Nov-2024","Canela",16,10.699999999999998,0.66875,32
"Montenegro","Oct-2024","Canela",13,99.76666666666665,7.674358974358975,38
"Montenegro","Sep-2024","Canela",6,7.033333333333332,1.1722222222222223,26
"Montserrat","Oct-2024","Canela",1,0.05,0.05,1
"Morocco","Aug-2024","Canela",562,614.2999999999993,1.0930604982206404,778
"Morocco","Dec-2024","Canela",1743,5737.4666666667335,3.291719257984318,2714
"Morocco","Jan-2025","Canela",1558,5509.016666666711,3.535954214805306,3659
"Morocco","Nov-2024","Canela",1649,3778.7166666667285,2.291520113199919,2759
"Morocco","Oct-2024","Canela",1844,2961.4500000000253,1.6059924078091106,2699
"Morocco","Sep-2024","Canela",1665,2527.5666666666716,1.518058058058058,2638
"Mozambique","Aug-2024","Canela",26,77.68333333333335,2.987820512820513,31
"Mozambique","Dec-2024","Canela",78,525.1833333333336,6.733119658119658,119
"Mozambique","Jan-2025","Canela",95,121.5833333333333,1.2798245614035086,117
"Mozambique","Nov-2024","Canela",87,394.30000000000007,4.532183908045977,114
"Mozambique","Oct-2024","Canela",96,931.8666666666671,9.706944444444444,149
"Mozambique","Sep-2024","Canela",72,201.51666666666668,2.798842592592593,83
"Myanmar [Burma]","Aug-2024","Canela",310,2117.8,6.831612903225807,376
"Myanmar [Burma]","Dec-2024","Canela",217,881.9333333333335,4.064208909370199,277
"Myanmar [Burma]","Jan-2025","Canela",106,1420.5,13.400943396226415,115
"Myanmar [Burma]","Nov-2024","Canela",235,1334.05,5.676808510638297,275
"Myanmar [Burma]","Oct-2024","Canela",197,751.15,3.812944162436548,233
"Myanmar [Burma]","Sep-2024","Canela",355,1700.449999999999,4.79,449
"Namibia","Aug-2024","Canela",2,0.9833333333333333,0.49166666666666664,5
"Namibia","Dec-2024","Canela",8,15.116666666666669,1.8895833333333334,12
"Namibia","Jan-2025","Canela",9,10.916666666666666,1.2129629629629628,15
"Namibia","Nov-2024","Canela",3,1.0833333333333335,0.3611111111111111,3
"Namibia","Oct-2024","Canela",2,0.03333333333333333,0.016666666666666666,2
"Namibia","Sep-2024","Canela",3,2.333333333333333,0.7777777777777778,6
"Nepal","Aug-2024","Canela",23,17.383333333333333,0.7557971014492754,28
"Nepal","Dec-2024","Canela",34,326.0500000000002,9.589705882352941,78
"Nepal","Jan-2025","Canela",31,23.35000000000001,0.753225806451613,41
"Nepal","Nov-2024","Canela",57,29.016666666666694,0.5090643274853801,70
"Nepal","Oct-2024","Canela",49,36.883333333333326,0.7527210884353741,63
"Nepal","Sep-2024","Canela",41,16.900000000000006,0.4121951219512195,46
"Netherlands","Aug-2024","Canela",1293,158288.9666666673,122.41992781644754,2182
"Netherlands","Dec-2024","Canela",663,649687.0166666621,979.9200854700855,7584
"Netherlands","Jan-2025","Canela",496,218913.38333333013,441.35762768817204,4978
"Netherlands","Nov-2024","Canela",1496,559066.6833333195,373.70767602495545,7752
"Netherlands","Oct-2024","Canela",1677,509107.59999999026,303.5823494335122,5995
"Netherlands","Sep-2024","Canela",1377,566455.8333333295,411.3695231178892,6440
"New Caledonia","Oct-2024","Canela",1,0.08333333333333333,0.08333333333333333,2
"New Caledonia","Sep-2024","Canela",1,0.016666666666666666,0.016666666666666666,1
"New Zealand","Aug-2024","Canela",73,973.7833333333328,13.339497716894977,149
"New Zealand","Dec-2024","Canela",31,1214.0000000000002,39.16129032258065,48
"New Zealand","Jan-2025","Canela",33,198.61666666666662,6.018686868686869,101
"New Zealand","Nov-2024","Canela",45,594.4166666666669,13.209259259259259,129
"New Zealand","Oct-2024","Canela",61,872.4166666666663,14.30191256830601,176
"New Zealand","Sep-2024","Canela",88,1662.3833333333314,18.890719696969697,298
"Nicaragua","Aug-2024","Canela",4951,80817.10000000149,16.323389214300143,19555
"Nicaragua","Dec-2024","Canela",2148,33392.2333333328,15.545732464307882,9179
"Nicaragua","Jan-2025","Canela",1625,22533.81666666636,13.866964102564102,7562
"Nicaragua","Nov-2024","Canela",4333,49577.066666667495,11.441741672436342,19351
"Nicaragua","Oct-2024","Canela",6151,92328.25000000223,15.010282880832385,29211
"Nicaragua","Sep-2024","Canela",5411,84360.00000000243,15.59046386989466,23313
"Niger","Aug-2024","Canela",2,0.18333333333333335,0.09166666666666666,2
"Niger","Dec-2024","Canela",3,0.08333333333333333,0.027777777777777776,3
"Niger","Jan-2025","Canela",3,0.9833333333333334,0.3277777777777778,3
"Niger","Nov-2024","Canela",3,0.36666666666666664,0.12222222222222222,3
"Niger","Oct-2024","Canela",7,2.6499999999999995,0.37857142857142856,7
"Niger","Sep-2024","Canela",8,1.0333333333333332,0.12916666666666668,8
"Nigeria","Aug-2024","Canela",101,102.8166666666666,1.0179867986798679,122
"Nigeria","Dec-2024","Canela",160,587.2166666666666,3.670104166666667,206
"Nigeria","Jan-2025","Canela",118,131.09999999999997,1.1110169491525423,140
"Nigeria","Nov-2024","Canela",120,82.7166666666666,0.6893055555555556,156
"Nigeria","Oct-2024","Canela",187,241.0833333333333,1.2892156862745099,233
"Nigeria","Sep-2024","Canela",169,148.93333333333337,0.8812623274161736,206
"Norway","Aug-2024","Canela",37,58.00000000000001,1.5675675675675675,65
"Norway","Dec-2024","Canela",82,6107.216666666674,74.47825203252032,212
"Norway","Jan-2025","Canela",73,6956.766666666677,95.29817351598173,235
"Norway","Nov-2024","Canela",75,11015.966666666665,146.87955555555556,341
"Norway","Oct-2024","Canela",87,11702.450000000013,134.5109195402299,318
"Norway","Sep-2024","Canela",65,1294.5833333333333,19.916666666666664,204
"Oman","Aug-2024","Canela",22,6.633333333333332,0.3015151515151515,30
"Oman","Dec-2024","Canela",52,77.85,1.4971153846153844,110
"Oman","Jan-2025","Canela",60,167.28333333333342,2.7880555555555557,126
"Oman","Nov-2024","Canela",67,38.58333333333335,0.5758706467661692,144
"Oman","Oct-2024","Canela",74,115.84999999999981,1.5655405405405405,129
"Oman","Sep-2024","Canela",61,55.31666666666664,0.9068306010928963,104
"Pakistan","Aug-2024","Canela",210,371.0500000000003,1.766904761904762,340
"Pakistan","Dec-2024","Canela",536,3946.300000000004,7.362500000000001,1705
"Pakistan","Jan-2025","Canela",443,1078.899999999998,2.4354401805869075,1122
"Pakistan","Nov-2024","Canela",498,2159.699999999992,4.336746987951807,1639
"Pakistan","Oct-2024","Canela",525,1918.5333333333222,3.6543492063492065,1926
"Pakistan","Sep-2024","Canela",399,2283.649999999995,5.7234335839599,1304
"Palau","Aug-2024","Canela",1,0.45,0.45,1
"Palau","Nov-2024","Canela",1,0.1,0.1,1
"Palau","Sep-2024","Canela",1,0.23333333333333334,0.23333333333333334,1
"Palestinian Territories","Aug-2024","Canela",15,33.166666666666664,2.211111111111111,21
"Palestinian Territories","Dec-2024","Canela",54,61.38333333333333,1.1367283950617284,205
"Palestinian Territories","Jan-2025","Canela",47,29.85000000000002,0.6351063829787235,149
"Palestinian Territories","Nov-2024","Canela",55,87.34999999999978,1.5881818181818181,152
"Palestinian Territories","Oct-2024","Canela",62,50.833333333333314,0.8198924731182796,159
"Palestinian Territories","Sep-2024","Canela",45,49.716666666666654,1.104814814814815,68
"Panama","Aug-2024","Canela",4705,54726.433333333924,11.631547998583068,18030
"Panama","Dec-2024","Canela",2991,44473.26666666733,14.869029310152682,12324
"Panama","Jan-2025","Canela",2726,42226.29999999997,15.490205429200294,11551
"Panama","Nov-2024","Canela",4892,68630.61666666857,14.029153038975197,20175
"Panama","Oct-2024","Canela",5839,90795.61666666839,15.549857281497975,26783
"Panama","Sep-2024","Canela",5307,75648.68333333544,14.254509766974437,21910
"Papua New Guinea","Aug-2024","Canela",2,7.1,3.55,4
"Papua New Guinea","Dec-2024","Canela",6,19.999999999999996,3.3333333333333335,6
"Papua New Guinea","Jan-2025","Canela",2,0.43333333333333335,0.21666666666666667,3
"Papua New Guinea","Nov-2024","Canela",7,3.2500000000000004,0.4642857142857143,11
"Papua New Guinea","Oct-2024","Canela",5,3.6500000000000004,0.73,6
"Papua New Guinea","Sep-2024","Canela",5,0.9666666666666669,0.19333333333333333,7
"Paraguay","Aug-2024","Canela",3704,77970.63333333413,21.050386969042474,18391
"Paraguay","Dec-2024","Canela",3168,162883.76666666914,51.41533038720539,23714
"Paraguay","Jan-2025","Canela",3035,136612.00000000157,45.01219110378913,20286
"Paraguay","Nov-2024","Canela",5671,155550.5666666695,27.429124786927645,24638
"Paraguay","Oct-2024","Canela",6974,113422.96666666787,16.263688939871905,27732
"Paraguay","Sep-2024","Canela",5592,113034.88333333719,20.21367727706247,25393
"Peru","Aug-2024","Canela",144029,1691846.6500005422,11.74656944087649,496949
"Peru","Dec-2024","Canela",30331,1494725.3833334234,49.280451792995066,141689
"Peru","Jan-2025","Canela",23788,1179980.066666813,49.6040048203576,111783
"Peru","Nov-2024","Canela",76259,2108822.450000147,27.653423858167564,295464
"Peru","Oct-2024","Canela",188534,2667454.3999999994,14.148399758133811,681945
"Peru","Sep-2024","Canela",154627,2138718.5666673603,13.831469062108603,553439
"Philippines","Aug-2024","Canela",319,712.9166666666661,2.234848484848485,503
"Philippines","Dec-2024","Canela",501,1222.5166666666626,2.4401530272787757,837
"Philippines","Jan-2025","Canela",419,1258.0499999999993,3.002505966587112,714
"Philippines","Nov-2024","Canela",522,1176.65,2.2541187739463604,818
"Philippines","Oct-2024","Canela",478,1804.3833333333282,3.774860529986053,775
"Philippines","Sep-2024","Canela",403,1222.5999999999983,3.033746898263027,638
"Poland","Aug-2024","Canela",108,80.81666666666663,0.7483024691358025,202
"Poland","Dec-2024","Canela",307,45327.100000000006,147.64527687296416,1041
"Poland","Jan-2025","Canela",390,55715,142.85897435897436,1590
"Poland","Nov-2024","Canela",328,4759.63333333335,14.511077235772357,927
"Poland","Oct-2024","Canela",345,879.5500000000006,2.5494202898550724,1113
"Poland","Sep-2024","Canela",214,24496.23333333331,114.4683800623053,595
"Portugal","Aug-2024","Canela",311,2291.3833333333314,7.367792068595927,887
"Portugal","Dec-2024","Canela",709,51558.95000000004,72.7206629055007,2279
"Portugal","Jan-2025","Canela",681,40204.56666666657,59.037542829172786,2412
"Portugal","Nov-2024","Canela",925,57347.56666666701,61.997369369369366,2535
"Portugal","Oct-2024","Canela",907,29421.333333332917,32.438074237412714,3684
"Portugal","Sep-2024","Canela",654,25123.93333333324,38.4158002038736,2319
"Puerto Rico","Aug-2024","Canela",23847,435413.6499999626,18.258634209753847,95691
"Puerto Rico","Dec-2024","Canela",3388,117966.31666666851,34.81886560409288,19196
"Puerto Rico","Jan-2025","Canela",2232,58562.15000000051,26.237522401433694,10641
"Puerto Rico","Nov-2024","Canela",12531,322685.68333331624,25.7509922059958,61324
"Puerto Rico","Oct-2024","Canela",20978,482654.2333332875,23.007638160612707,109038
"Puerto Rico","Sep-2024","Canela",23229,547213.3666666297,23.557336375507628,108621
"Qatar","Aug-2024","Canela",30,21.900000000000002,0.73,43
"Qatar","Dec-2024","Canela",49,235.5,4.8061224489795915,70
"Qatar","Jan-2025","Canela",39,11.266666666666675,0.2888888888888889,79
"Qatar","Nov-2024","Canela",57,360.0500000000001,6.316666666666666,95
"Qatar","Oct-2024","Canela",66,316.51666666666677,4.795707070707071,117
"Qatar","Sep-2024","Canela",44,770.6999999999998,17.51590909090909,90
"Romania","Aug-2024","Canela",112,193404.88333333321,1726.8293154761905,2130
"Romania","Dec-2024","Canela",362,180314.8666666668,498.10736648250463,1786
"Romania","Jan-2025","Canela",344,147410.33333333355,428.5184108527132,1657
"Romania","Nov-2024","Canela",348,173246.93333333315,497.8360153256705,1767
"Romania","Oct-2024","Canela",404,191980.20000000007,475.1985148514852,2776
"Romania","Sep-2024","Canela",264,203746.69999999975,771.7678030303031,2088
"Russia","Aug-2024","Canela",250,2858.2500000000036,11.433,556
"Russia","Dec-2024","Canela",726,3208.8833333333478,4.419949494949495,2667
"Russia","Jan-2025","Canela",757,16214.966666666713,21.42003522677235,2042
"Russia","Nov-2024","Canela",626,3097.900000000011,4.948722044728434,1809
"Russia","Oct-2024","Canela",765,3295.3833333333555,4.307690631808279,1950
"Russia","Sep-2024","Canela",595,6266.366666666686,10.53170868347339,1583
"Rwanda","Aug-2024","Canela",9,8.799999999999999,0.9777777777777779,12
"Rwanda","Dec-2024","Canela",17,4.566666666666666,0.26862745098039215,17
"Rwanda","Jan-2025","Canela",11,4.933333333333333,0.4484848484848485,12
"Rwanda","Nov-2024","Canela",11,13.716666666666669,1.246969696969697,13
"Rwanda","Oct-2024","Canela",28,9.066666666666666,0.3238095238095238,31
"Rwanda","Sep-2024","Canela",12,13.066666666666668,1.0888888888888888,12
"Réunion","Aug-2024","Canela",4,1.7666666666666668,0.44166666666666665,5
"Réunion","Dec-2024","Canela",9,149.91666666666669,16.657407407407405,17
"Réunion","Jan-2025","Canela",8,1089.7500000000005,136.21875,37
"Réunion","Nov-2024","Canela",5,25.483333333333334,5.096666666666667,9
"Réunion","Oct-2024","Canela",9,226.63333333333335,25.18148148148148,15
"Réunion","Sep-2024","Canela",8,11.883333333333335,1.4854166666666666,47
"Saint Kitts and Nevis","Aug-2024","Canela",5,3.2333333333333334,0.6466666666666667,7
"Saint Kitts and Nevis","Dec-2024","Canela",6,9.466666666666667,1.5777777777777777,9
"Saint Kitts and Nevis","Jan-2025","Canela",6,6.583333333333333,1.097222222222222,9
"Saint Kitts and Nevis","Nov-2024","Canela",14,4.116666666666665,0.294047619047619,30
"Saint Kitts and Nevis","Oct-2024","Canela",7,4.949999999999999,0.7071428571428572,31
"Saint Kitts and Nevis","Sep-2024","Canela",11,5.55,0.5045454545454545,17
"Saint Lucia","Aug-2024","Canela",23,127.68333333333327,5.551449275362319,27
"Saint Lucia","Dec-2024","Canela",14,10.633333333333335,0.7595238095238095,26
"Saint Lucia","Jan-2025","Canela",11,14.333333333333336,1.303030303030303,19
"Saint Lucia","Nov-2024","Canela",28,19.533333333333328,0.6976190476190477,46
"Saint Lucia","Oct-2024","Canela",25,10.01666666666667,0.4006666666666667,46
"Saint Lucia","Sep-2024","Canela",18,31.783333333333335,1.7657407407407408,32
"Saint Martin","Aug-2024","Canela",1,0.016666666666666666,0.016666666666666666,1
"Saint Martin","Dec-2024","Canela",2,1.9833333333333332,0.9916666666666667,3
"Saint Martin","Nov-2024","Canela",2,0.06666666666666667,0.03333333333333333,2
"Saint Martin","Oct-2024","Canela",2,1.4000000000000001,0.7,6
"Saint Martin","Sep-2024","Canela",1,0.05,0.05,2
"Saint Pierre and Miquelon","Nov-2024","Canela",1,0.7166666666666667,0.7166666666666667,3
"Saint Vincent and the Grenadines","Aug-2024","Canela",12,14.366666666666667,1.1972222222222222,16
"Saint Vincent and the Grenadines","Dec-2024","Canela",11,67.76666666666665,6.16060606060606,15
"Saint Vincent and the Grenadines","Jan-2025","Canela",10,12.066666666666666,1.2066666666666666,12
"Saint Vincent and the Grenadines","Nov-2024","Canela",9,3.0500000000000003,0.33888888888888885,10
"Saint Vincent and the Grenadines","Oct-2024","Canela",14,1.4999999999999998,0.10714285714285714,14
"Saint Vincent and the Grenadines","Sep-2024","Canela",6,3.433333333333333,0.5722222222222222,7
"Samoa","Dec-2024","Canela",2,0.13333333333333333,0.06666666666666667,2
"Samoa","Oct-2024","Canela",1,0.05,0.05,1
"Samoa","Sep-2024","Canela",1,0.03333333333333333,0.03333333333333333,1
"San Marino","Jan-2025","Canela",1,1.1833333333333333,1.1833333333333333,1
"Saudi Arabia","Aug-2024","Canela",244,271.5333333333339,1.1128415300546448,346
"Saudi Arabia","Dec-2024","Canela",655,1675.6833333333232,2.558295165394402,1668
"Saudi Arabia","Jan-2025","Canela",621,3224.683333333347,5.19272678475577,1449
"Saudi Arabia","Nov-2024","Canela",736,2907.4833333333454,3.9503849637681157,2379
"Saudi Arabia","Oct-2024","Canela",723,2496.5166666666623,3.4529967727063164,1985
"Saudi Arabia","Sep-2024","Canela",479,1357.0499999999947,2.833089770354906,1056
"Senegal","Aug-2024","Canela",44,37.81666666666667,0.859469696969697,60
"Senegal","Dec-2024","Canela",305,249.6666666666672,0.8185792349726776,421
"Senegal","Jan-2025","Canela",170,548.0833333333329,3.2240196078431373,243
"Senegal","Nov-2024","Canela",221,124.59999999999988,0.5638009049773756,284
"Senegal","Oct-2024","Canela",194,553.5999999999999,2.8536082474226805,316
"Senegal","Sep-2024","Canela",103,216.65000000000006,2.103398058252427,154
"Serbia","Aug-2024","Canela",38,258.33333333333337,6.798245614035087,58
"Serbia","Dec-2024","Canela",150,411.5000000000008,2.743333333333333,358
"Serbia","Jan-2025","Canela",108,318.55000000000035,2.9495370370370373,246
"Serbia","Nov-2024","Canela",147,364.68333333333374,2.4808390022675737,374
"Serbia","Oct-2024","Canela",156,1168.3666666666631,7.489529914529914,348
"Serbia","Sep-2024","Canela",91,621.183333333333,6.826190476190476,215
"Seychelles","Aug-2024","Canela",2,0.65,0.325,2
"Seychelles","Dec-2024","Canela",2,0.43333333333333335,0.21666666666666667,2
"Seychelles","Jan-2025","Canela",2,0.6166666666666667,0.30833333333333335,2
"Seychelles","Nov-2024","Canela",2,0.3666666666666667,0.18333333333333332,2
"Seychelles","Oct-2024","Canela",3,3.333333333333333,1.1111111111111112,10
"Seychelles","Sep-2024","Canela",9,4.05,0.44999999999999996,10
"Sierra Leone","Aug-2024","Canela",15,12.383333333333333,0.8255555555555555,21
"Sierra Leone","Dec-2024","Canela",14,13.616666666666669,0.9726190476190476,15
"Sierra Leone","Jan-2025","Canela",4,0.5833333333333333,0.14583333333333334,6
"Sierra Leone","Nov-2024","Canela",13,7.5666666666666655,0.582051282051282,15
"Sierra Leone","Oct-2024","Canela",19,13.55,0.7131578947368421,23
"Sierra Leone","Sep-2024","Canela",16,11.549999999999999,0.721875,20
"Singapore","Aug-2024","Canela",349,7073.016666666641,20.266523400191023,3579
"Singapore","Dec-2024","Canela",353,2403.5500000000025,6.808923512747876,1538
"Singapore","Jan-2025","Canela",299,9784.399999999898,32.72374581939799,3209
"Singapore","Nov-2024","Canela",475,2322.6333333333255,4.889754385964912,1776
"Singapore","Oct-2024","Canela",499,4523.050000000038,9.064228456913828,2107
"Singapore","Sep-2024","Canela",347,10013.433333333263,28.85715658021133,3597
"Sint Maarten","Aug-2024","Canela",12,8.583333333333332,0.7152777777777778,16
"Sint Maarten","Dec-2024","Canela",2,9.966666666666667,4.983333333333333,6
"Sint Maarten","Jan-2025","Canela",11,305.18333333333345,27.743939393939396,23
"Sint Maarten","Nov-2024","Canela",17,48.84999999999999,2.873529411764706,27
"Sint Maarten","Oct-2024","Canela",9,5.0166666666666675,0.5574074074074074,11
"Sint Maarten","Sep-2024","Canela",11,5.6000000000000005,0.509090909090909,14
"Slovakia","Aug-2024","Canela",156,457.0500000000002,2.9298076923076923,208
"Slovakia","Dec-2024","Canela",128,434.9666666666669,3.398177083333333,362
"Slovakia","Jan-2025","Canela",103,1314.8499999999983,12.765533980582523,274
"Slovakia","Nov-2024","Canela",115,1193.5499999999988,10.378695652173912,336
"Slovakia","Oct-2024","Canela",117,1811.2499999999977,15.48076923076923,307
"Slovakia","Sep-2024","Canela",130,326.25000000000017,2.5096153846153846,289
"Slovenia","Aug-2024","Canela",10,26.366666666666667,2.6366666666666667,15
"Slovenia","Dec-2024","Canela",20,290.58333333333314,14.529166666666665,70
"Slovenia","Jan-2025","Canela",18,163.5000000000002,9.083333333333334,190
"Slovenia","Nov-2024","Canela",24,40.983333333333334,1.707638888888889,85
"Slovenia","Oct-2024","Canela",17,13.466666666666669,0.792156862745098,48
"Slovenia","Sep-2024","Canela",23,101.89999999999993,4.430434782608696,71
"Somalia","Aug-2024","Canela",6,2.3666666666666667,0.39444444444444443,7
"Somalia","Dec-2024","Canela",25,66.03333333333333,2.6413333333333333,39
"Somalia","Jan-2025","Canela",16,6.666666666666667,0.4166666666666667,18
"Somalia","Nov-2024","Canela",21,9.950000000000003,0.4738095238095238,29
"Somalia","Oct-2024","Canela",32,68.08333333333334,2.1276041666666665,44
"Somalia","Sep-2024","Canela",30,79.96666666666668,2.6655555555555557,59
"South Africa","Aug-2024","Canela",251,405.5000000000006,1.6155378486055776,311
"South Africa","Dec-2024","Canela",330,341.81666666666763,1.0358080808080807,461
"South Africa","Jan-2025","Canela",388,339.483333333334,0.8749570446735395,523
"South Africa","Nov-2024","Canela",331,334.91666666666737,1.0118328298086607,426
"South Africa","Oct-2024","Canela",312,194.3500000000002,0.6229166666666667,440
"South Africa","Sep-2024","Canela",351,335.9500000000004,0.9571225071225071,489
"South Korea","Aug-2024","Canela",175,64871.81666666834,370.6960952380952,12269
"South Korea","Dec-2024","Canela",189,2396.166666666677,12.678130511463843,837
"South Korea","Jan-2025","Canela",151,3555.3500000000545,23.545364238410595,1095
"South Korea","Nov-2024","Canela",189,23349.1666666665,123.54056437389771,4721
"South Korea","Oct-2024","Canela",235,54790.616666667804,233.15156028368796,11801
"South Korea","Sep-2024","Canela",182,21506.78333333306,118.16913919413919,5349
"South Sudan","Dec-2024","Canela",4,0.39999999999999997,0.1,4
"South Sudan","Jan-2025","Canela",1,0.15,0.15,1
"South Sudan","Nov-2024","Canela",4,1.0333333333333334,0.25833333333333336,4
"South Sudan","Oct-2024","Canela",2,0.6666666666666667,0.3333333333333333,2
"South Sudan","Sep-2024","Canela",4,2.3000000000000003,0.575,4
"Spain","Aug-2024","Canela",3457,26442.816666665585,7.649064699643236,8287
"Spain","Dec-2024","Canela",8981,236971.13333333805,26.38582934342872,29627
"Spain","Jan-2025","Canela",8906,124260.55000000785,13.952453402200764,26017
"Spain","Nov-2024","Canela",11651,289759.0666666608,24.869888135496236,31916
"Spain","Oct-2024","Canela",14336,191169.71666667817,13.33494117373512,37396
"Spain","Sep-2024","Canela",8973,179628.78333332954,20.018810134106023,25262
"Sri Lanka","Aug-2024","Canela",22,6.583333333333332,0.29924242424242425,25
"Sri Lanka","Dec-2024","Canela",14,5.216666666666667,0.3726190476190476,15
"Sri Lanka","Jan-2025","Canela",12,7.9833333333333325,0.6652777777777777,13
"Sri Lanka","Nov-2024","Canela",20,38.61666666666666,1.9308333333333334,40
"Sri Lanka","Oct-2024","Canela",23,12.016666666666664,0.5224637681159421,30
"Sri Lanka","Sep-2024","Canela",18,36.55,2.0305555555555554,20
"Sudan","Aug-2024","Canela",3,2.033333333333333,0.6777777777777777,3
"Sudan","Dec-2024","Canela",15,22.3,1.4866666666666668,19
"Sudan","Jan-2025","Canela",9,1.6166666666666667,0.17962962962962964,13
"Sudan","Nov-2024","Canela",16,6.4333333333333345,0.40208333333333335,20
"Sudan","Oct-2024","Canela",14,7.583333333333333,0.5416666666666666,19
"Sudan","Sep-2024","Canela",7,3.75,0.5357142857142857,9
"Suriname","Aug-2024","Canela",53,78.31666666666665,1.4776729559748427,68
"Suriname","Dec-2024","Canela",34,24.349999999999998,0.7161764705882353,45
"Suriname","Jan-2025","Canela",37,215.55000000000004,5.825675675675676,45
"Suriname","Nov-2024","Canela",37,163.0166666666667,4.405855855855856,63
"Suriname","Oct-2024","Canela",42,31.01666666666666,0.7384920634920634,48
"Suriname","Sep-2024","Canela",43,75.44999999999992,1.7546511627906978,66
"Swaziland","Dec-2024","Canela",1,0.18333333333333332,0.18333333333333332,1
"Swaziland","Nov-2024","Canela",2,0.15,0.075,2
"Swaziland","Oct-2024","Canela",1,0.21666666666666667,0.21666666666666667,1
"Swaziland","Sep-2024","Canela",1,0.6333333333333333,0.6333333333333333,1
"Sweden","Aug-2024","Canela",92,143.01666666666674,1.5545289855072466,306
"Sweden","Dec-2024","Canela",217,2130.116666666657,9.81620583717358,1433
"Sweden","Jan-2025","Canela",216,1718.7666666666496,7.957253086419753,1135
"Sweden","Nov-2024","Canela",227,2024.0666666666423,8.916593245227606,1356
"Sweden","Oct-2024","Canela",250,1242.71666666666,4.970866666666667,1493
"Sweden","Sep-2024","Canela",190,1307.3499999999922,6.88078947368421,989
"Switzerland","Aug-2024","Canela",43,109.64999999999998,2.5500000000000003,75
"Switzerland","Dec-2024","Canela",193,2497.5999999999995,12.940932642487047,408
"Switzerland","Jan-2025","Canela",168,1428.13333333333,8.500793650793652,407
"Switzerland","Nov-2024","Canela",171,2449.1666666666683,14.322612085769979,380
"Switzerland","Oct-2024","Canela",209,2638.8499999999985,12.626076555023923,384
"Switzerland","Sep-2024","Canela",116,1586.7333333333327,13.678735632183908,251
"Syria","Aug-2024","Canela",66,108.41666666666664,1.6426767676767677,109
"Syria","Dec-2024","Canela",78,181.65000000000018,2.328846153846154,134
"Syria","Jan-2025","Canela",83,128.93333333333328,1.553413654618474,131
"Syria","Nov-2024","Canela",174,1076.233333333332,6.185249042145594,405
"Syria","Oct-2024","Canela",173,1681.133333333332,9.717533718689788,434
"Syria","Sep-2024","Canela",165,933.5666666666667,5.657979797979798,334
"São Tomé and Príncipe","Aug-2024","Canela",3,9.299999999999999,3.1,3
"São Tomé and Príncipe","Dec-2024","Canela",6,2.266666666666667,0.37777777777777777,8
"São Tomé and Príncipe","Jan-2025","Canela",2,0.41666666666666663,0.20833333333333334,2
"São Tomé and Príncipe","Nov-2024","Canela",9,35.25,3.9166666666666665,13
"São Tomé and Príncipe","Oct-2024","Canela",7,77.01666666666667,11.002380952380951,9
"São Tomé and Príncipe","Sep-2024","Canela",4,81.14999999999998,20.2875,21
"Taiwan","Aug-2024","Canela",34,44.16666666666666,1.299019607843137,47
"Taiwan","Dec-2024","Canela",68,928.1333333333336,13.649019607843137,152
"Taiwan","Jan-2025","Canela",54,212.14999999999998,3.928703703703704,85
"Taiwan","Nov-2024","Canela",54,177.49999999999994,3.287037037037037,228
"Taiwan","Oct-2024","Canela",62,451.5999999999999,7.283870967741936,339
"Taiwan","Sep-2024","Canela",53,514.2500000000001,9.702830188679245,182
"Tajikistan","Dec-2024","Canela",7,2.75,0.39285714285714285,8
"Tajikistan","Jan-2025","Canela",3,0.16666666666666666,0.05555555555555555,4
"Tajikistan","Nov-2024","Canela",3,0.13333333333333333,0.044444444444444446,3
"Tajikistan","Oct-2024","Canela",5,5.3,1.06,6
"Tajikistan","Sep-2024","Canela",3,4.566666666666666,1.5222222222222221,5
"Tanzania","Aug-2024","Canela",27,32.35,1.1981481481481482,32
"Tanzania","Dec-2024","Canela",258,176.3833333333334,0.683656330749354,289
"Tanzania","Jan-2025","Canela",170,136.79999999999998,0.8047058823529413,190
"Tanzania","Nov-2024","Canela",58,48.01666666666669,0.8278735632183908,70
"Tanzania","Oct-2024","Canela",47,22.249999999999993,0.4734042553191489,52
"Tanzania","Sep-2024","Canela",48,31.633333333333333,0.6590277777777778,51
"Thailand","Aug-2024","Canela",56,32.900000000000006,0.5875,74
"Thailand","Dec-2024","Canela",150,44808.81666666669,298.72544444444446,344
"Thailand","Jan-2025","Canela",129,5471.116666666666,42.41175710594315,232
"Thailand","Nov-2024","Canela",132,11385.233333333334,86.25176767676768,254
"Thailand","Oct-2024","Canela",152,145.5166666666667,0.9573464912280703,216
"Thailand","Sep-2024","Canela",105,3193.4833333333354,30.41412698412698,192
"Timor-Leste","Aug-2024","Canela",6,1.0333333333333332,0.17222222222222225,7
"Timor-Leste","Dec-2024","Canela",2,0.2,0.1,2
"Timor-Leste","Nov-2024","Canela",3,1.9,0.6333333333333333,3
"Timor-Leste","Oct-2024","Canela",5,19.98333333333333,3.996666666666667,6
"Timor-Leste","Sep-2024","Canela",3,1.45,0.48333333333333334,3
"Togo","Aug-2024","Canela",19,13.399999999999999,0.7052631578947368,32
"Togo","Dec-2024","Canela",48,46.166666666666686,0.9618055555555555,87
"Togo","Jan-2025","Canela",32,64.01666666666665,2.0005208333333333,40
"Togo","Nov-2024","Canela",31,11.416666666666673,0.3682795698924731,41
"Togo","Oct-2024","Canela",60,40.03333333333333,0.6672222222222222,87
"Togo","Sep-2024","Canela",47,56.46666666666666,1.2014184397163121,75
"Tonga","Oct-2024","Canela",2,0.09999999999999999,0.05,2
"Trinidad and Tobago","Aug-2024","Canela",101,764.3499999999998,7.567821782178218,153
"Trinidad and Tobago","Dec-2024","Canela",271,603.3500000000009,2.2263837638376383,436
"Trinidad and Tobago","Jan-2025","Canela",225,1673.6833333333277,7.438592592592593,399
"Trinidad and Tobago","Nov-2024","Canela",340,328.9500000000008,0.9674999999999999,562
"Trinidad and Tobago","Oct-2024","Canela",247,409.6666666666675,1.6585695006747638,375
"Trinidad and Tobago","Sep-2024","Canela",136,3560.850000000001,26.182720588235295,222
"Tunisia","Aug-2024","Canela",76,57.71666666666665,0.7594298245614035,104
"Tunisia","Dec-2024","Canela",235,319.716666666667,1.3604964539007092,383
"Tunisia","Jan-2025","Canela",261,170.26666666666657,0.6523627075351214,421
"Tunisia","Nov-2024","Canela",251,934.2499999999997,3.7221115537848606,333
"Tunisia","Oct-2024","Canela",310,343.6833333333335,1.1086559139784946,442
"Tunisia","Sep-2024","Canela",177,150.49999999999997,0.8502824858757062,267
"Turkey","Aug-2024","Canela",491,386.96666666666954,0.7881194840461643,1197
"Turkey","Dec-2024","Canela",2940,6022.066666666774,2.0483219954648524,6971
"Turkey","Jan-2025","Canela",1203,6581.850000000111,5.4711970074812974,4019
"Turkey","Nov-2024","Canela",4297,6385.40000000013,1.486013497789155,9387
"Turkey","Oct-2024","Canela",4285,6113.7333333334545,1.426775573706729,9918
"Turkey","Sep-2024","Canela",888,2146.949999999979,2.4177364864864863,3047
"Turkmenistan","Aug-2024","Canela",3,4.266666666666667,1.4222222222222223,10
"Turkmenistan","Dec-2024","Canela",6,0.8000000000000002,0.13333333333333333,6
"Turkmenistan","Jan-2025","Canela",5,3.666666666666667,0.7333333333333333,13
"Turkmenistan","Nov-2024","Canela",5,1.5666666666666664,0.31333333333333335,8
"Turkmenistan","Oct-2024","Canela",2,1.3,0.65,3
"Turkmenistan","Sep-2024","Canela",3,1.6,0.5333333333333333,5
"Turks and Caicos Islands","Aug-2024","Canela",9,17.633333333333333,1.9592592592592593,14
"Turks and Caicos Islands","Dec-2024","Canela",3,2.8333333333333335,0.9444444444444445,5
"Turks and Caicos Islands","Jan-2025","Canela",8,5.816666666666666,0.7270833333333333,9
"Turks and Caicos Islands","Nov-2024","Canela",6,3.2333333333333334,0.5388888888888889,6
"Turks and Caicos Islands","Oct-2024","Canela",12,10.666666666666666,0.8888888888888888,15
"Turks and Caicos Islands","Sep-2024","Canela",8,4,0.5,12
"U.S. Virgin Islands","Aug-2024","Canela",30,128.26666666666662,4.275555555555556,36
"U.S. Virgin Islands","Dec-2024","Canela",9,302.26666666666677,33.58518518518518,26
"U.S. Virgin Islands","Jan-2025","Canela",18,40.93333333333333,2.2740740740740737,48
"U.S. Virgin Islands","Nov-2024","Canela",37,1280.2666666666664,34.6018018018018,92
"U.S. Virgin Islands","Oct-2024","Canela",52,1501.8999999999996,28.88269230769231,100
"U.S. Virgin Islands","Sep-2024","Canela",43,1022.7833333333335,23.785658914728682,83
"Uganda","Aug-2024","Canela",29,6.016666666666666,0.2074712643678161,31
"Uganda","Dec-2024","Canela",48,33.433333333333316,0.6965277777777777,59
"Uganda","Jan-2025","Canela",41,38.31666666666667,0.9345528455284554,49
"Uganda","Nov-2024","Canela",35,10.700000000000003,0.3057142857142857,37
"Uganda","Oct-2024","Canela",48,28.33333333333333,0.5902777777777778,65
"Uganda","Sep-2024","Canela",37,42.34999999999997,1.1445945945945946,42
"Ukraine","Aug-2024","Canela",53,267055.64999999973,5038.785849056604,1051
"Ukraine","Dec-2024","Canela",222,46038.25000000003,207.3795045045045,957
"Ukraine","Jan-2025","Canela",153,120582.81666666683,788.1229847494553,969
"Ukraine","Nov-2024","Canela",164,43750.833333333394,266.7733739837399,577
"Ukraine","Oct-2024","Canela",173,89363.96666666688,516.5547206165703,1067
"Ukraine","Sep-2024","Canela",135,463429.399999999,3432.8103703703705,1926
"United Arab Emirates","Aug-2024","Canela",155,1680.0333333333267,10.838924731182795,1270
"United Arab Emirates","Dec-2024","Canela",246,625.3000000000004,2.5418699186991867,551
"United Arab Emirates","Jan-2025","Canela",197,2857.5500000000075,14.505329949238579,731
"United Arab Emirates","Nov-2024","Canela",227,765.7333333333328,3.3732745961820854,385
"United Arab Emirates","Oct-2024","Canela",305,1096.6999999999957,3.595737704918033,803
"United Arab Emirates","Sep-2024","Canela",239,4738.00000000003,19.824267782426777,1113
"United Kingdom","Aug-2024","Canela",1692,88824.73333333462,52.49688731284476,13497
"United Kingdom","Dec-2024","Canela",1767,148277.11666665142,83.91461045085833,40873
"United Kingdom","Jan-2025","Canela",1343,79321.48333333842,59.06290642839414,25550
"United Kingdom","Nov-2024","Canela",2378,101098.53333332879,42.514101485842446,30583
"United Kingdom","Oct-2024","Canela",2390,19548.18333333289,8.179156206415621,8572
"United Kingdom","Sep-2024","Canela",2076,41403.11666666725,19.943697816313424,8025
"United States","Aug-2024","Canela",854355,36561226.8500382,42.79395198717161,3074415
"United States","Dec-2024","Canela",92723,95353139.71516126,1028.3655588868637,11861776
"United States","Jan-2025","Canela",59588,84550215.31573258,1418.9134610436106,9745977
"United States","Nov-2024","Canela",378965,75054495.23225287,198.05125864745645,9436371
"United States","Oct-2024","Canela",954998,59994783.166313365,62.821894042360995,5625865
"United States","Sep-2024","Canela",938815,48850082.48314808,52.033768616110024,4654278
"Unknown","Aug-2024","Canela",6469,235421.91666665964,36.39231978152213,19066
"Unknown","Dec-2024","Canela",587,108919.0166666669,185.55198750709823,1690
"Unknown","Jan-2025","Canela",418,77127.75000000013,184.51614832535884,1165
"Unknown","Nov-2024","Canela",1262,113896.40000000046,90.25071315372425,3016
"Unknown","Oct-2024","Canela",3138,107918.98333333433,34.391008073082645,6174
"Unknown","Sep-2024","Canela",2812,142187.5000000005,50.56454480796586,6612
"Uruguay","Aug-2024","Canela",5657,59041.400000000576,10.436874668552237,15739
"Uruguay","Dec-2024","Canela",3216,63645.6666666678,19.790319237147596,10350
"Uruguay","Jan-2025","Canela",2535,39155.66666666656,15.44602235371466,6813
"Uruguay","Nov-2024","Canela",5234,94128.88333333538,17.984119857343014,17308
"Uruguay","Oct-2024","Canela",6178,109319.26666666922,17.694928239991366,20724
"Uruguay","Sep-2024","Canela",6517,95755.58333333686,14.693199836325507,20632
"Uzbekistan","Aug-2024","Canela",45,46.41666666666666,1.0314814814814814,54
"Uzbekistan","Dec-2024","Canela",141,91.4333333333332,0.6484633569739953,267
"Uzbekistan","Jan-2025","Canela",208,760.4833333333333,3.656169871794872,418
"Uzbekistan","Nov-2024","Canela",148,198.1666666666666,1.3389639639639639,316
"Uzbekistan","Oct-2024","Canela",156,297.65000000000026,1.9080128205128204,415
"Uzbekistan","Sep-2024","Canela",83,55.33333333333329,0.6666666666666667,138
"Vanuatu","Dec-2024","Canela",1,0.31666666666666665,0.31666666666666665,1
"Vanuatu","Jan-2025","Canela",1,0.11666666666666667,0.11666666666666667,1
"Venezuela","Aug-2024","Canela",54410,1031064.4666669078,18.949907492495253,260790
"Venezuela","Dec-2024","Canela",8532,330470.2333333149,38.73303250507892,49455
"Venezuela","Jan-2025","Canela",7811,258884.68333333323,33.143603038450046,40695
"Venezuela","Nov-2024","Canela",33100,820086.0500001087,24.776013595166166,159597
"Venezuela","Oct-2024","Canela",57035,1380842.8500002183,24.21044709388972,300577
"Venezuela","Sep-2024","Canela",58749,1271956.2333336403,21.65068738758674,297254
"Vietnam","Aug-2024","Canela",35,19.800000000000004,0.5657142857142857,58
"Vietnam","Dec-2024","Canela",54,159.15000000000006,2.9472222222222224,92
"Vietnam","Jan-2025","Canela",43,106.94999999999999,2.4872093023255815,115
"Vietnam","Nov-2024","Canela",87,2312.450000000001,26.579885057471262,193
"Vietnam","Oct-2024","Canela",100,1759.1166666666663,17.591166666666666,290
"Vietnam","Sep-2024","Canela",92,2653.8666666666645,28.846376811594205,208
"Yemen","Aug-2024","Canela",43,19.433333333333326,0.45193798449612405,56
"Yemen","Dec-2024","Canela",189,265.45000000000033,1.4044973544973545,399
"Yemen","Jan-2025","Canela",102,67.51666666666667,0.6619281045751634,161
"Yemen","Nov-2024","Canela",159,125.04999999999986,0.7864779874213836,237
"Yemen","Oct-2024","Canela",254,200.73333333333386,0.790288713910761,402
"Yemen","Sep-2024","Canela",129,167.33333333333334,1.2971576227390182,242
"Zambia","Aug-2024","Canela",20,11.233333333333336,0.5616666666666666,20
"Zambia","Dec-2024","Canela",33,7.999999999999997,0.24242424242424243,38
"Zambia","Jan-2025","Canela",21,4.549999999999999,0.21666666666666665,21
"Zambia","Nov-2024","Canela",25,15.55,0.622,29
"Zambia","Oct-2024","Canela",28,13.31666666666667,0.47559523809523807,40
"Zambia","Sep-2024","Canela",27,9.300000000000002,0.3444444444444445,28
"Zimbabwe","Aug-2024","Canela",4,0.6666666666666667,0.16666666666666666,5
"Zimbabwe","Dec-2024","Canela",13,4.983333333333333,0.38333333333333336,20
"Zimbabwe","Jan-2025","Canela",13,4.933333333333333,0.3794871794871795,31
"Zimbabwe","Nov-2024","Canela",10,5.433333333333334,0.5433333333333333,10
"Zimbabwe","Oct-2024","Canela",15,112.6,7.506666666666666,16
"Zimbabwe","Sep-2024","Canela",5,1.1166666666666665,0.22333333333333333,7
