2,2,0,2025-03-21T13:37:50.061384
2,2,0,2025-03-21T13:37:50.064411
2,2,0,2025-03-21T13:37:50.064871
2,2,0,2025-03-21T13:37:50.065207
2,2,0,2025-03-21T13:37:50.065500
2,2,0,2025-03-21T13:37:50.065783
2,2,0,2025-03-21T13:37:50.066056
2,2,0,2025-03-21T13:37:50.066313
2,2,0,2025-03-21T13:37:50.066559
2,2,0,2025-03-21T13:37:50.066805
1,2025-03-21T22:03:21.525588,2
2,2025-03-21T22:03:21.526176,4
3,2025-03-21T22:03:21.526488,4
4,2025-03-21T22:03:21.526730,4
5,2025-03-21T22:03:21.528173,2
6,2025-03-21T22:03:21.530151,2
7,2025-03-21T22:03:21.531113,2
8,2025-03-21T22:03:21.531787,2
9,2025-03-21T22:03:21.532428,2
10,2025-03-21T22:03:21.533040,2
1,2025-03-21T22:18:57.464479,2
2,2025-03-21T22:18:57.465178,4
3,2025-03-21T22:18:57.466079,4
4,2025-03-21T22:18:57.466411,4
5,2025-03-21T22:18:57.466698,4
6,2025-03-21T22:18:57.469789,4
7,2025-03-21T22:18:57.470621,4
8,2025-03-21T22:18:57.471364,4
9,2025-03-21T22:18:57.471982,4
10,2025-03-21T22:18:57.472541,4
1,2025-03-21T22:23:02.099164,2
2,2025-03-21T22:23:02.099868,4
3,2025-03-21T22:23:02.100705,4
4,2025-03-21T22:23:02.101048,4
5,2025-03-21T22:23:02.107926,4
6,2025-03-21T22:23:02.112582,4
7,2025-03-21T22:23:02.116606,4
8,2025-03-21T22:23:02.120709,4
9,2025-03-21T22:23:02.125006,4
10,2025-03-21T22:23:02.128943,4
1,2025-03-21T22:29:31.545232,2
2,2025-03-21T22:29:31.545864,4
3,2025-03-21T22:29:31.546370,4
4,2025-03-21T22:29:31.546646,4
5,2025-03-21T22:29:31.557242,4
1,2025-03-21T22:39:13.875958,2
2,2025-03-21T22:39:13.876559,4
3,2025-03-21T22:39:13.877205,4
4,2025-03-21T22:39:13.877500,4
5,2025-03-21T22:39:13.884241,4
1,2025-03-21T23:57:35.979479,3
1,2025-03-22T00:00:57.156299,3
1,2025-03-22T00:03:45.085033,4
1,2025-03-22T00:05:38.174794,4
1,2025-03-22T00:07:34.616486,4
1,2025-03-22T00:10:40.168645,4
1,2025-03-22T00:31:20.604179,6
2,2025-03-22T00:31:20.605040,0
3,2025-03-22T00:31:20.605145,0
4,2025-03-22T00:31:20.605225,0
5,2025-03-22T00:31:20.605300,0
6,2025-03-22T00:31:20.607017,0
7,2025-03-22T00:31:20.607419,0
8,2025-03-22T00:31:20.607765,0
9,2025-03-22T00:31:20.608092,0
10,2025-03-22T00:31:20.608415,0
11,2025-03-22T00:31:20.608728,0
12,2025-03-22T00:31:20.609039,0
13,2025-03-22T00:31:20.609426,0
14,2025-03-22T00:31:20.609918,0
15,2025-03-22T00:31:20.610305,0
16,2025-03-22T00:31:20.610660,0
17,2025-03-22T00:31:20.610996,0
18,2025-03-22T00:31:20.611345,0
19,2025-03-22T00:31:20.611677,0
20,2025-03-22T00:31:20.611985,0
21,2025-03-22T00:31:20.612292,0
22,2025-03-22T00:31:20.612597,0
23,2025-03-22T00:31:20.612915,0
24,2025-03-22T00:31:20.613578,0
25,2025-03-22T00:31:20.614056,0
26,2025-03-22T00:31:20.614445,0
27,2025-03-22T00:31:20.614799,0
28,2025-03-22T00:31:20.615149,0
29,2025-03-22T00:31:20.615781,0
30,2025-03-22T00:31:20.616271,0
31,2025-03-22T00:31:20.616660,0
32,2025-03-22T00:31:20.617031,0
33,2025-03-22T00:31:20.617384,0
34,2025-03-22T00:31:20.617741,0
35,2025-03-22T00:31:20.618067,0
36,2025-03-22T00:31:20.618383,0
37,2025-03-22T00:31:20.618697,0
38,2025-03-22T00:31:20.619015,0
39,2025-03-22T00:31:20.619327,0
40,2025-03-22T00:31:20.620034,0
41,2025-03-22T00:31:20.620561,0
42,2025-03-22T00:31:20.620925,0
43,2025-03-22T00:31:20.621263,0
44,2025-03-22T00:31:20.621591,0
45,2025-03-22T00:31:20.621914,0
46,2025-03-22T00:31:20.622240,0
47,2025-03-22T00:31:20.622561,0
48,2025-03-22T00:31:20.622880,0
49,2025-03-22T00:31:20.623203,0
50,2025-03-22T00:31:20.623545,0
51,2025-03-22T00:31:20.623863,0
52,2025-03-22T00:31:20.624173,0
53,2025-03-22T00:31:20.624480,0
54,2025-03-22T00:31:20.624792,0
55,2025-03-22T00:31:20.625103,0
56,2025-03-22T00:31:20.625658,0
57,2025-03-22T00:31:20.626212,0
58,2025-03-22T00:31:20.626732,0
59,2025-03-22T00:31:20.627168,0
60,2025-03-22T00:31:20.627550,0
61,2025-03-22T00:31:20.627920,0
62,2025-03-22T00:31:20.628259,0
63,2025-03-22T00:31:20.628601,0
64,2025-03-22T00:31:20.628943,0
65,2025-03-22T00:31:20.629283,0
66,2025-03-22T00:31:20.630901,0
67,2025-03-22T00:31:20.631376,0
68,2025-03-22T00:31:20.631754,0
69,2025-03-22T00:31:20.632099,0
70,2025-03-22T00:31:20.632434,0
71,2025-03-22T00:31:20.632834,0
72,2025-03-22T00:31:20.633177,0
73,2025-03-22T00:31:20.633520,0
74,2025-03-22T00:31:20.633850,0
75,2025-03-22T00:31:20.634167,0
76,2025-03-22T00:31:20.634489,0
77,2025-03-22T00:31:20.634809,0
78,2025-03-22T00:31:20.635127,0
79,2025-03-22T00:31:20.635449,0
80,2025-03-22T00:31:20.635755,0
81,2025-03-22T00:31:20.636081,0
82,2025-03-22T00:31:20.636409,0
83,2025-03-22T00:31:20.636731,0
84,2025-03-22T00:31:20.637046,0
85,2025-03-22T00:31:20.637364,0
86,2025-03-22T00:31:20.637688,0
87,2025-03-22T00:31:20.638019,0
88,2025-03-22T00:31:20.638354,0
89,2025-03-22T00:31:20.638682,0
90,2025-03-22T00:31:20.639021,0
91,2025-03-22T00:31:20.639347,0
92,2025-03-22T00:31:20.639664,0
93,2025-03-22T00:31:20.639990,0
94,2025-03-22T00:31:20.640315,0
95,2025-03-22T00:31:20.641007,0
96,2025-03-22T00:31:20.641575,0
97,2025-03-22T00:31:20.642005,0
98,2025-03-22T00:31:20.642386,0
99,2025-03-22T00:31:20.642760,0
100,2025-03-22T00:31:20.643111,0
101,2025-03-22T00:31:20.643584,0
102,2025-03-22T00:31:20.643978,0
103,2025-03-22T00:31:20.644346,0
104,2025-03-22T00:31:20.644699,0
105,2025-03-22T00:31:20.645051,0
106,2025-03-22T00:31:20.645402,0
107,2025-03-22T00:31:20.645757,0
108,2025-03-22T00:31:20.646098,0
109,2025-03-22T00:31:20.646429,0
110,2025-03-22T00:31:20.646765,0
111,2025-03-22T00:31:20.647101,0
112,2025-03-22T00:31:20.647432,0
113,2025-03-22T00:31:20.647766,0
114,2025-03-22T00:31:20.648109,0
115,2025-03-22T00:31:20.648438,0
116,2025-03-22T00:31:20.648774,0
117,2025-03-22T00:31:20.649108,0
118,2025-03-22T00:31:20.649444,0
119,2025-03-22T00:31:20.649783,0
120,2025-03-22T00:31:20.650128,0
121,2025-03-22T00:31:20.650520,0
122,2025-03-22T00:31:20.651238,0
123,2025-03-22T00:31:20.651653,0
124,2025-03-22T00:31:20.652067,0
125,2025-03-22T00:31:20.652459,0
126,2025-03-22T00:31:20.652840,0
127,2025-03-22T00:31:20.653270,0
128,2025-03-22T00:31:20.654391,0
129,2025-03-22T00:31:20.654958,0
130,2025-03-22T00:31:20.655930,0
131,2025-03-22T00:31:20.656539,0
132,2025-03-22T00:31:20.657019,0
133,2025-03-22T00:31:20.657438,0
134,2025-03-22T00:31:20.657808,0
135,2025-03-22T00:31:20.658165,0
136,2025-03-22T00:31:20.658549,0
137,2025-03-22T00:31:20.660905,0
138,2025-03-22T00:31:20.661415,0
139,2025-03-22T00:31:20.661808,0
140,2025-03-22T00:31:20.662631,0
141,2025-03-22T00:31:20.663076,0
142,2025-03-22T00:31:20.663449,0
143,2025-03-22T00:31:20.663796,0
144,2025-03-22T00:31:20.664148,0
145,2025-03-22T00:31:20.664502,0
146,2025-03-22T00:31:20.664842,0
147,2025-03-22T00:31:20.665170,0
148,2025-03-22T00:31:20.665500,0
149,2025-03-22T00:31:20.665826,0
150,2025-03-22T00:31:20.666149,0
151,2025-03-22T00:31:20.666471,0
152,2025-03-22T00:31:20.666800,0
153,2025-03-22T00:31:20.667130,0
154,2025-03-22T00:31:20.667471,0
155,2025-03-22T00:31:20.667841,0
156,2025-03-22T00:31:20.668179,0
157,2025-03-22T00:31:20.669298,0
158,2025-03-22T00:31:20.669790,0
159,2025-03-22T00:31:20.670181,0
160,2025-03-22T00:31:20.670562,0
161,2025-03-22T00:31:20.670940,0
162,2025-03-22T00:31:20.671340,0
163,2025-03-22T00:31:20.671977,0
164,2025-03-22T00:31:20.672427,0
165,2025-03-22T00:31:20.673292,0
166,2025-03-22T00:31:20.673669,0
167,2025-03-22T00:31:20.674065,0
168,2025-03-22T00:31:20.674486,0
169,2025-03-22T00:31:20.674846,0
170,2025-03-22T00:31:20.675198,0
171,2025-03-22T00:31:20.675549,0
172,2025-03-22T00:31:20.675899,0
173,2025-03-22T00:31:20.676250,0
174,2025-03-22T00:31:20.676605,0
175,2025-03-22T00:31:20.677078,0
176,2025-03-22T00:31:20.677494,0
177,2025-03-22T00:31:20.677854,0
178,2025-03-22T00:31:20.678209,0
179,2025-03-22T00:31:20.678553,0
180,2025-03-22T00:31:20.679253,0
181,2025-03-22T00:31:20.679711,0
182,2025-03-22T00:31:20.680117,0
183,2025-03-22T00:31:20.680502,0
184,2025-03-22T00:31:20.680886,0
185,2025-03-22T00:31:20.681264,0
186,2025-03-22T00:31:20.681628,0
187,2025-03-22T00:31:20.681993,0
188,2025-03-22T00:31:20.682351,0
189,2025-03-22T00:31:20.682699,0
190,2025-03-22T00:31:20.683068,0
191,2025-03-22T00:31:20.683428,0
192,2025-03-22T00:31:20.683774,0
193,2025-03-22T00:31:20.684222,0
194,2025-03-22T00:31:20.684582,0
195,2025-03-22T00:31:20.684934,0
196,2025-03-22T00:31:20.685284,0
197,2025-03-22T00:31:20.685635,0
198,2025-03-22T00:31:20.685989,0
199,2025-03-22T00:31:20.686341,0
200,2025-03-22T00:31:20.686694,0
201,2025-03-22T00:31:20.687053,0
202,2025-03-22T00:31:20.687409,0
203,2025-03-22T00:31:20.687774,0
204,2025-03-22T00:31:20.688641,0
205,2025-03-22T00:31:20.689096,0
206,2025-03-22T00:31:20.689465,0
207,2025-03-22T00:31:20.689853,0
208,2025-03-22T00:31:20.690217,0
209,2025-03-22T00:31:20.690990,0
210,2025-03-22T00:31:20.691441,0
211,2025-03-22T00:31:20.691849,0
212,2025-03-22T00:31:20.692243,0
213,2025-03-22T00:31:20.692627,0
214,2025-03-22T00:31:20.693004,0
215,2025-03-22T00:31:20.693377,0
216,2025-03-22T00:31:20.693749,0
217,2025-03-22T00:31:20.694112,0
218,2025-03-22T00:31:20.694479,0
219,2025-03-22T00:31:20.694838,0
220,2025-03-22T00:31:20.695198,0
221,2025-03-22T00:31:20.695558,0
222,2025-03-22T00:31:20.695919,0
223,2025-03-22T00:31:20.696290,0
224,2025-03-22T00:31:20.696645,0
225,2025-03-22T00:31:20.696998,0
226,2025-03-22T00:31:20.697357,0
227,2025-03-22T00:31:20.697711,0
228,2025-03-22T00:31:20.698065,0
229,2025-03-22T00:31:20.698419,0
230,2025-03-22T00:31:20.698776,0
231,2025-03-22T00:31:20.699129,0
232,2025-03-22T00:31:20.699478,0
233,2025-03-22T00:31:20.699831,0
234,2025-03-22T00:31:20.700186,0
235,2025-03-22T00:31:20.700553,0
236,2025-03-22T00:31:20.700910,0
237,2025-03-22T00:31:20.701264,0
238,2025-03-22T00:31:20.701618,0
239,2025-03-22T00:31:20.701964,0
240,2025-03-22T00:31:20.702321,0
241,2025-03-22T00:31:20.702687,0
242,2025-03-22T00:31:20.703040,0
243,2025-03-22T00:31:20.703399,0
244,2025-03-22T00:31:20.703755,0
245,2025-03-22T00:31:20.704161,0
246,2025-03-22T00:31:20.704534,0
247,2025-03-22T00:31:20.704891,0
248,2025-03-22T00:31:20.705248,0
249,2025-03-22T00:31:20.705605,0
250,2025-03-22T00:31:20.705961,0
251,2025-03-22T00:31:20.706314,0
252,2025-03-22T00:31:20.706666,0
253,2025-03-22T00:31:20.707027,0
254,2025-03-22T00:31:20.707390,0
255,2025-03-22T00:31:20.707750,0
256,2025-03-22T00:31:20.708107,0
257,2025-03-22T00:31:20.708458,0
258,2025-03-22T00:31:20.708816,0
259,2025-03-22T00:31:20.709181,0
260,2025-03-22T00:31:20.709540,0
261,2025-03-22T00:31:20.709899,0
262,2025-03-22T00:31:20.710259,0
263,2025-03-22T00:31:20.710626,0
264,2025-03-22T00:31:20.710990,0
265,2025-03-22T00:31:20.711353,0
266,2025-03-22T00:31:20.711717,0
267,2025-03-22T00:31:20.712114,0
268,2025-03-22T00:31:20.712914,0
269,2025-03-22T00:31:20.713334,0
270,2025-03-22T00:31:20.713749,0
271,2025-03-22T00:31:20.714121,0
272,2025-03-22T00:31:20.714488,0
273,2025-03-22T00:31:20.714851,0
274,2025-03-22T00:31:20.715226,0
275,2025-03-22T00:31:20.715594,0
276,2025-03-22T00:31:20.715984,0
277,2025-03-22T00:31:20.716460,0
278,2025-03-22T00:31:20.716944,0
279,2025-03-22T00:31:20.717345,0
280,2025-03-22T00:31:20.717763,0
281,2025-03-22T00:31:20.718264,0
282,2025-03-22T00:31:20.718919,0
283,2025-03-22T00:31:20.719300,0
284,2025-03-22T00:31:20.719673,0
285,2025-03-22T00:31:20.720042,0
286,2025-03-22T00:31:20.720419,0
287,2025-03-22T00:31:20.720787,0
288,2025-03-22T00:31:20.721157,0
289,2025-03-22T00:31:20.721524,0
290,2025-03-22T00:31:20.721893,0
291,2025-03-22T00:31:20.722265,0
292,2025-03-22T00:31:20.722659,0
293,2025-03-22T00:31:20.723197,0
294,2025-03-22T00:31:20.723664,0
295,2025-03-22T00:31:20.724215,0
296,2025-03-22T00:31:20.724674,0
297,2025-03-22T00:31:20.725103,0
298,2025-03-22T00:31:20.725515,0
299,2025-03-22T00:31:20.725939,0
300,2025-03-22T00:31:20.726356,0
301,2025-03-22T00:31:20.726762,0
302,2025-03-22T00:31:20.727168,0
303,2025-03-22T00:31:20.727824,0
304,2025-03-22T00:31:20.728227,0
305,2025-03-22T00:31:20.728613,0
306,2025-03-22T00:31:20.728992,0
307,2025-03-22T00:31:20.729380,0
308,2025-03-22T00:31:20.729758,0
309,2025-03-22T00:31:20.730127,0
310,2025-03-22T00:31:20.730506,0
311,2025-03-22T00:31:20.730876,0
312,2025-03-22T00:31:20.731246,0
313,2025-03-22T00:31:20.731667,0
314,2025-03-22T00:31:20.732047,0
315,2025-03-22T00:31:20.732424,0
316,2025-03-22T00:31:20.732801,0
317,2025-03-22T00:31:20.733177,0
318,2025-03-22T00:31:20.733554,0
319,2025-03-22T00:31:20.733929,0
320,2025-03-22T00:31:20.734320,0
321,2025-03-22T00:31:20.734720,0
322,2025-03-22T00:31:20.735118,0
323,2025-03-22T00:31:20.735503,0
324,2025-03-22T00:31:20.735890,0
325,2025-03-22T00:31:20.736292,0
326,2025-03-22T00:31:20.736679,0
327,2025-03-22T00:31:20.737064,0
328,2025-03-22T00:31:20.737440,0
329,2025-03-22T00:31:20.737823,0
330,2025-03-22T00:31:20.738195,0
331,2025-03-22T00:31:20.738578,0
332,2025-03-22T00:31:20.738969,0
333,2025-03-22T00:31:20.739351,0
334,2025-03-22T00:31:20.739741,0
335,2025-03-22T00:31:20.740126,0
336,2025-03-22T00:31:20.740508,0
337,2025-03-22T00:31:20.740909,0
338,2025-03-22T00:31:20.741315,0
339,2025-03-22T00:31:20.741723,0
340,2025-03-22T00:31:20.742112,0
341,2025-03-22T00:31:20.742542,0
342,2025-03-22T00:31:20.742936,0
343,2025-03-22T00:31:20.743344,0
344,2025-03-22T00:31:20.743746,0
345,2025-03-22T00:31:20.744145,0
346,2025-03-22T00:31:20.744539,0
347,2025-03-22T00:31:20.744926,0
348,2025-03-22T00:31:20.745310,0
349,2025-03-22T00:31:20.745696,0
350,2025-03-22T00:31:20.746095,0
351,2025-03-22T00:31:20.746499,0
352,2025-03-22T00:31:20.746906,0
353,2025-03-22T00:31:20.747303,0
354,2025-03-22T00:31:20.747700,0
355,2025-03-22T00:31:20.748087,0
356,2025-03-22T00:31:20.748484,0
357,2025-03-22T00:31:20.749008,0
358,2025-03-22T00:31:20.749485,0
359,2025-03-22T00:31:20.749913,0
360,2025-03-22T00:31:20.750330,0
361,2025-03-22T00:31:20.750753,0
362,2025-03-22T00:31:20.751165,0
363,2025-03-22T00:31:20.751572,0
364,2025-03-22T00:31:20.751978,0
365,2025-03-22T00:31:20.752381,0
366,2025-03-22T00:31:20.752787,0
367,2025-03-22T00:31:20.753187,0
368,2025-03-22T00:31:20.753583,0
369,2025-03-22T00:31:20.753986,0
370,2025-03-22T00:31:20.754388,0
371,2025-03-22T00:31:20.754791,0
372,2025-03-22T00:31:20.755200,0
373,2025-03-22T00:31:20.755611,0
374,2025-03-22T00:31:20.756021,0
375,2025-03-22T00:31:20.756429,0
376,2025-03-22T00:31:20.756843,0
377,2025-03-22T00:31:20.757256,0
378,2025-03-22T00:31:20.757669,0
379,2025-03-22T00:31:20.758086,0
380,2025-03-22T00:31:20.758490,0
381,2025-03-22T00:31:20.758896,0
382,2025-03-22T00:31:20.759296,0
383,2025-03-22T00:31:20.759693,0
384,2025-03-22T00:31:20.760088,0
385,2025-03-22T00:31:20.760481,0
386,2025-03-22T00:31:20.760874,0
387,2025-03-22T00:31:20.761268,0
388,2025-03-22T00:31:20.761671,0
389,2025-03-22T00:31:20.762087,0
390,2025-03-22T00:31:20.762488,0
391,2025-03-22T00:31:20.763130,0
392,2025-03-22T00:31:20.763778,0
393,2025-03-22T00:31:20.764257,0
394,2025-03-22T00:31:20.764765,0
395,2025-03-22T00:31:20.765222,0
396,2025-03-22T00:31:20.765655,0
397,2025-03-22T00:31:20.766069,0
398,2025-03-22T00:31:20.766505,0
399,2025-03-22T00:31:20.766947,0
400,2025-03-22T00:31:20.767369,0
401,2025-03-22T00:31:20.767813,0
402,2025-03-22T00:31:20.768227,0
403,2025-03-22T00:31:20.768631,0
404,2025-03-22T00:31:20.769047,0
405,2025-03-22T00:31:20.769512,0
406,2025-03-22T00:31:20.769931,0
407,2025-03-22T00:31:20.770340,0
408,2025-03-22T00:31:20.770741,0
409,2025-03-22T00:31:20.771141,0
410,2025-03-22T00:31:20.771535,0
411,2025-03-22T00:31:20.771935,0
412,2025-03-22T00:31:20.772335,0
413,2025-03-22T00:31:20.772736,0
414,2025-03-22T00:31:20.773522,0
415,2025-03-22T00:31:20.774120,0
416,2025-03-22T00:31:20.774595,0
417,2025-03-22T00:31:20.775052,0
418,2025-03-22T00:31:20.775488,0
419,2025-03-22T00:31:20.775912,0
420,2025-03-22T00:31:20.776334,0
421,2025-03-22T00:31:20.776756,0
422,2025-03-22T00:31:20.777186,0
423,2025-03-22T00:31:20.777633,0
424,2025-03-22T00:31:20.778052,0
425,2025-03-22T00:31:20.778468,0
426,2025-03-22T00:31:20.778884,0
427,2025-03-22T00:31:20.779297,0
428,2025-03-22T00:31:20.779712,0
429,2025-03-22T00:31:20.780127,0
430,2025-03-22T00:31:20.780543,0
431,2025-03-22T00:31:20.780955,0
432,2025-03-22T00:31:20.781368,0
433,2025-03-22T00:31:20.781879,0
434,2025-03-22T00:31:20.782281,0
435,2025-03-22T00:31:20.782683,0
436,2025-03-22T00:31:20.783083,0
437,2025-03-22T00:31:20.783483,0
438,2025-03-22T00:31:20.783908,0
439,2025-03-22T00:31:20.784308,0
440,2025-03-22T00:31:20.784706,0
441,2025-03-22T00:31:20.785106,0
442,2025-03-22T00:31:20.785504,0
443,2025-03-22T00:31:20.785899,0
444,2025-03-22T00:31:20.786295,0
445,2025-03-22T00:31:20.786698,0
446,2025-03-22T00:31:20.787101,0
447,2025-03-22T00:31:20.787503,0
448,2025-03-22T00:31:20.788017,0
449,2025-03-22T00:31:20.788499,0
450,2025-03-22T00:31:20.788929,0
451,2025-03-22T00:31:20.789334,0
452,2025-03-22T00:31:20.789758,0
453,2025-03-22T00:31:20.790197,0
454,2025-03-22T00:31:20.790613,0
455,2025-03-22T00:31:20.791015,0
456,2025-03-22T00:31:20.791415,0
457,2025-03-22T00:31:20.791812,0
458,2025-03-22T00:31:20.792986,0
459,2025-03-22T00:31:20.793527,0
460,2025-03-22T00:31:20.794006,0
461,2025-03-22T00:31:20.794472,0
462,2025-03-22T00:31:20.794929,0
463,2025-03-22T00:31:20.795624,0
464,2025-03-22T00:31:20.796154,0
465,2025-03-22T00:31:20.796616,0
466,2025-03-22T00:31:20.797061,0
467,2025-03-22T00:31:20.797495,0
468,2025-03-22T00:31:20.797927,0
469,2025-03-22T00:31:20.798351,0
470,2025-03-22T00:31:20.798781,0
471,2025-03-22T00:31:20.799222,0
472,2025-03-22T00:31:20.799696,0
473,2025-03-22T00:31:20.800136,0
474,2025-03-22T00:31:20.800559,0
475,2025-03-22T00:31:20.800973,0
476,2025-03-22T00:31:20.801401,0
477,2025-03-22T00:31:20.801826,0
478,2025-03-22T00:31:20.802242,0
479,2025-03-22T00:31:20.802655,0
480,2025-03-22T00:31:20.803087,0
481,2025-03-22T00:31:20.803495,0
482,2025-03-22T00:31:20.803900,0
483,2025-03-22T00:31:20.804319,0
484,2025-03-22T00:31:20.804746,0
485,2025-03-22T00:31:20.805576,0
486,2025-03-22T00:31:20.806891,0
487,2025-03-22T00:31:20.807833,0
488,2025-03-22T00:31:20.808431,0
489,2025-03-22T00:31:20.808946,0
490,2025-03-22T00:31:20.809430,0
491,2025-03-22T00:31:20.809897,0
492,2025-03-22T00:31:20.810992,0
493,2025-03-22T00:31:20.811737,0
494,2025-03-22T00:31:20.812261,0
495,2025-03-22T00:31:20.812741,0
496,2025-03-22T00:31:20.813353,0
497,2025-03-22T00:31:20.813900,0
498,2025-03-22T00:31:20.814383,0
499,2025-03-22T00:31:20.814854,0
500,2025-03-22T00:31:20.815575,0
1,2025-03-22T00:36:40.972045,6
2,2025-03-22T00:36:40.972933,0
3,2025-03-22T00:36:40.973032,0
4,2025-03-22T00:36:40.973117,0
5,2025-03-22T00:36:40.973195,0
6,2025-03-22T00:36:40.974960,0
7,2025-03-22T00:36:40.975436,0
8,2025-03-22T00:36:40.975840,0
9,2025-03-22T00:36:40.976192,0
10,2025-03-22T00:36:40.976536,0
11,2025-03-22T00:36:40.976858,0
12,2025-03-22T00:36:40.977194,0
13,2025-03-22T00:36:40.977509,0
14,2025-03-22T00:36:40.977827,0
15,2025-03-22T00:36:40.978365,0
16,2025-03-22T00:36:40.979062,0
17,2025-03-22T00:36:40.979429,0
18,2025-03-22T00:36:40.979769,0
19,2025-03-22T00:36:40.980096,0
20,2025-03-22T00:36:40.980419,0
21,2025-03-22T00:36:40.980730,0
22,2025-03-22T00:36:40.981053,0
23,2025-03-22T00:36:40.981370,0
24,2025-03-22T00:36:40.981686,0
25,2025-03-22T00:36:40.981999,0
26,2025-03-22T00:36:40.982304,0
27,2025-03-22T00:36:40.982605,0
28,2025-03-22T00:36:40.982907,0
29,2025-03-22T00:36:40.983199,0
30,2025-03-22T00:36:40.983503,0
31,2025-03-22T00:36:40.983798,0
32,2025-03-22T00:36:40.984095,0
33,2025-03-22T00:36:40.984392,0
34,2025-03-22T00:36:40.984692,0
35,2025-03-22T00:36:40.984999,0
36,2025-03-22T00:36:40.985312,0
37,2025-03-22T00:36:40.985627,0
38,2025-03-22T00:36:40.985939,0
39,2025-03-22T00:36:40.986248,0
40,2025-03-22T00:36:40.986558,0
41,2025-03-22T00:36:40.986882,0
42,2025-03-22T00:36:40.987651,0
43,2025-03-22T00:36:40.988046,0
44,2025-03-22T00:36:40.988401,0
45,2025-03-22T00:36:40.988770,0
46,2025-03-22T00:36:40.989106,0
47,2025-03-22T00:36:40.989420,0
48,2025-03-22T00:36:40.989720,0
49,2025-03-22T00:36:40.990017,0
50,2025-03-22T00:36:40.990324,0
51,2025-03-22T00:36:40.990613,0
52,2025-03-22T00:36:40.990908,0
53,2025-03-22T00:36:40.991196,0
54,2025-03-22T00:36:40.991487,0
55,2025-03-22T00:36:40.991778,0
56,2025-03-22T00:36:40.992116,0
57,2025-03-22T00:36:40.992429,0
58,2025-03-22T00:36:40.992729,0
59,2025-03-22T00:36:40.993030,0
60,2025-03-22T00:36:40.993334,0
61,2025-03-22T00:36:40.993637,0
62,2025-03-22T00:36:40.993943,0
63,2025-03-22T00:36:40.994243,0
64,2025-03-22T00:36:40.994540,0
65,2025-03-22T00:36:40.994845,0
66,2025-03-22T00:36:40.995153,0
67,2025-03-22T00:36:40.995460,0
68,2025-03-22T00:36:40.995755,0
69,2025-03-22T00:36:40.996058,0
70,2025-03-22T00:36:40.996359,0
71,2025-03-22T00:36:40.996662,0
72,2025-03-22T00:36:40.996959,0
73,2025-03-22T00:36:40.997669,0
74,2025-03-22T00:36:40.998208,0
75,2025-03-22T00:36:40.998609,0
76,2025-03-22T00:36:40.998974,0
77,2025-03-22T00:36:40.999322,0
78,2025-03-22T00:36:40.999665,0
79,2025-03-22T00:36:41.000001,0
80,2025-03-22T00:36:41.000326,0
81,2025-03-22T00:36:41.000648,0
82,2025-03-22T00:36:41.000968,0
83,2025-03-22T00:36:41.001289,0
84,2025-03-22T00:36:41.001612,0
85,2025-03-22T00:36:41.001939,0
86,2025-03-22T00:36:41.002260,0
87,2025-03-22T00:36:41.002587,0
88,2025-03-22T00:36:41.002900,0
89,2025-03-22T00:36:41.003284,0
90,2025-03-22T00:36:41.003621,0
91,2025-03-22T00:36:41.003930,0
92,2025-03-22T00:36:41.004245,0
93,2025-03-22T00:36:41.004567,0
94,2025-03-22T00:36:41.004876,0
95,2025-03-22T00:36:41.005190,0
96,2025-03-22T00:36:41.005506,0
97,2025-03-22T00:36:41.005825,0
98,2025-03-22T00:36:41.006137,0
99,2025-03-22T00:36:41.006446,0
100,2025-03-22T00:36:41.006760,0
101,2025-03-22T00:36:41.007132,0
102,2025-03-22T00:36:41.007788,0
103,2025-03-22T00:36:41.008201,0
104,2025-03-22T00:36:41.008580,0
105,2025-03-22T00:36:41.008939,0
106,2025-03-22T00:36:41.009289,0
107,2025-03-22T00:36:41.009633,0
108,2025-03-22T00:36:41.009979,0
109,2025-03-22T00:36:41.010320,0
110,2025-03-22T00:36:41.010660,0
111,2025-03-22T00:36:41.010995,0
112,2025-03-22T00:36:41.011329,0
113,2025-03-22T00:36:41.011663,0
114,2025-03-22T00:36:41.011997,0
115,2025-03-22T00:36:41.012322,0
116,2025-03-22T00:36:41.012646,0
117,2025-03-22T00:36:41.012971,0
118,2025-03-22T00:36:41.013296,0
119,2025-03-22T00:36:41.013619,0
120,2025-03-22T00:36:41.013944,0
121,2025-03-22T00:36:41.014294,0
122,2025-03-22T00:36:41.014622,0
123,2025-03-22T00:36:41.014954,0
124,2025-03-22T00:36:41.015275,0
125,2025-03-22T00:36:41.015598,0
126,2025-03-22T00:36:41.015928,0
127,2025-03-22T00:36:41.016253,0
128,2025-03-22T00:36:41.016590,0
129,2025-03-22T00:36:41.016925,0
130,2025-03-22T00:36:41.017267,0
131,2025-03-22T00:36:41.017592,0
132,2025-03-22T00:36:41.017917,0
133,2025-03-22T00:36:41.018239,0
134,2025-03-22T00:36:41.018565,0
135,2025-03-22T00:36:41.018894,0
136,2025-03-22T00:36:41.019220,0
137,2025-03-22T00:36:41.019545,0
138,2025-03-22T00:36:41.019872,0
139,2025-03-22T00:36:41.020198,0
140,2025-03-22T00:36:41.020520,0
141,2025-03-22T00:36:41.020846,0
142,2025-03-22T00:36:41.021170,0
143,2025-03-22T00:36:41.021495,0
144,2025-03-22T00:36:41.021822,0
145,2025-03-22T00:36:41.022145,0
146,2025-03-22T00:36:41.022472,0
147,2025-03-22T00:36:41.022798,0
148,2025-03-22T00:36:41.023122,0
149,2025-03-22T00:36:41.023448,0
150,2025-03-22T00:36:41.023775,0
151,2025-03-22T00:36:41.024104,0
152,2025-03-22T00:36:41.024432,0
153,2025-03-22T00:36:41.024758,0
154,2025-03-22T00:36:41.025084,0
155,2025-03-22T00:36:41.025415,0
156,2025-03-22T00:36:41.025745,0
157,2025-03-22T00:36:41.026083,0
158,2025-03-22T00:36:41.026414,0
159,2025-03-22T00:36:41.026742,0
160,2025-03-22T00:36:41.027077,0
161,2025-03-22T00:36:41.027417,0
162,2025-03-22T00:36:41.027754,0
163,2025-03-22T00:36:41.028099,0
164,2025-03-22T00:36:41.028449,0
165,2025-03-22T00:36:41.028787,0
166,2025-03-22T00:36:41.029121,0
167,2025-03-22T00:36:41.029462,0
168,2025-03-22T00:36:41.029797,0
169,2025-03-22T00:36:41.030131,0
170,2025-03-22T00:36:41.030471,0
171,2025-03-22T00:36:41.030814,0
172,2025-03-22T00:36:41.031152,0
173,2025-03-22T00:36:41.031491,0
174,2025-03-22T00:36:41.031836,0
175,2025-03-22T00:36:41.032172,0
176,2025-03-22T00:36:41.032507,0
177,2025-03-22T00:36:41.032845,0
178,2025-03-22T00:36:41.033230,0
179,2025-03-22T00:36:41.033571,0
180,2025-03-22T00:36:41.033917,0
181,2025-03-22T00:36:41.034261,0
182,2025-03-22T00:36:41.034598,0
183,2025-03-22T00:36:41.034943,0
184,2025-03-22T00:36:41.035285,0
185,2025-03-22T00:36:41.035623,0
186,2025-03-22T00:36:41.035962,0
187,2025-03-22T00:36:41.036299,0
188,2025-03-22T00:36:41.036641,0
189,2025-03-22T00:36:41.036983,0
190,2025-03-22T00:36:41.037326,0
191,2025-03-22T00:36:41.037662,0
192,2025-03-22T00:36:41.037996,0
193,2025-03-22T00:36:41.038336,0
194,2025-03-22T00:36:41.038937,0
195,2025-03-22T00:36:41.039435,0
196,2025-03-22T00:36:41.039842,0
197,2025-03-22T00:36:41.040230,0
198,2025-03-22T00:36:41.040606,0
199,2025-03-22T00:36:41.040982,0
200,2025-03-22T00:36:41.041346,0
201,2025-03-22T00:36:41.041705,0
202,2025-03-22T00:36:41.042054,0
203,2025-03-22T00:36:41.042404,0
204,2025-03-22T00:36:41.042763,0
205,2025-03-22T00:36:41.043121,0
206,2025-03-22T00:36:41.043479,0
207,2025-03-22T00:36:41.043833,0
208,2025-03-22T00:36:41.044180,0
209,2025-03-22T00:36:41.044531,0
210,2025-03-22T00:36:41.044888,0
211,2025-03-22T00:36:41.045235,0
212,2025-03-22T00:36:41.045575,0
213,2025-03-22T00:36:41.045927,0
214,2025-03-22T00:36:41.046277,0
215,2025-03-22T00:36:41.046627,0
216,2025-03-22T00:36:41.046971,0
217,2025-03-22T00:36:41.047316,0
218,2025-03-22T00:36:41.047661,0
219,2025-03-22T00:36:41.048018,0
220,2025-03-22T00:36:41.048367,0
221,2025-03-22T00:36:41.048725,0
222,2025-03-22T00:36:41.049074,0
223,2025-03-22T00:36:41.049418,0
224,2025-03-22T00:36:41.049764,0
225,2025-03-22T00:36:41.050117,0
226,2025-03-22T00:36:41.050474,0
227,2025-03-22T00:36:41.050829,0
228,2025-03-22T00:36:41.051180,0
229,2025-03-22T00:36:41.051526,0
230,2025-03-22T00:36:41.051883,0
231,2025-03-22T00:36:41.052613,0
232,2025-03-22T00:36:41.053045,0
233,2025-03-22T00:36:41.053434,0
234,2025-03-22T00:36:41.053808,0
235,2025-03-22T00:36:41.054408,0
236,2025-03-22T00:36:41.055005,0
237,2025-03-22T00:36:41.055444,0
238,2025-03-22T00:36:41.055846,0
239,2025-03-22T00:36:41.056243,0
240,2025-03-22T00:36:41.056624,0
241,2025-03-22T00:36:41.057021,0
242,2025-03-22T00:36:41.057391,0
243,2025-03-22T00:36:41.057761,0
244,2025-03-22T00:36:41.058126,0
245,2025-03-22T00:36:41.058609,0
246,2025-03-22T00:36:41.058980,0
247,2025-03-22T00:36:41.059339,0
248,2025-03-22T00:36:41.059694,0
249,2025-03-22T00:36:41.060055,0
250,2025-03-22T00:36:41.060408,0
251,2025-03-22T00:36:41.060753,0
252,2025-03-22T00:36:41.061096,0
253,2025-03-22T00:36:41.061448,0
254,2025-03-22T00:36:41.061797,0
255,2025-03-22T00:36:41.062423,0
256,2025-03-22T00:36:41.062955,0
257,2025-03-22T00:36:41.063489,0
258,2025-03-22T00:36:41.063905,0
259,2025-03-22T00:36:41.064288,0
260,2025-03-22T00:36:41.064654,0
261,2025-03-22T00:36:41.065038,0
262,2025-03-22T00:36:41.065403,0
263,2025-03-22T00:36:41.065765,0
264,2025-03-22T00:36:41.066126,0
265,2025-03-22T00:36:41.066486,0
266,2025-03-22T00:36:41.066876,0
267,2025-03-22T00:36:41.067245,0
268,2025-03-22T00:36:41.067609,0
269,2025-03-22T00:36:41.067986,0
270,2025-03-22T00:36:41.068356,0
271,2025-03-22T00:36:41.068733,0
272,2025-03-22T00:36:41.069109,0
273,2025-03-22T00:36:41.069474,0
274,2025-03-22T00:36:41.069865,0
275,2025-03-22T00:36:41.070372,0
276,2025-03-22T00:36:41.070854,0
277,2025-03-22T00:36:41.071285,0
278,2025-03-22T00:36:41.071688,0
279,2025-03-22T00:36:41.072081,0
280,2025-03-22T00:36:41.072481,0
281,2025-03-22T00:36:41.072861,0
282,2025-03-22T00:36:41.073237,0
283,2025-03-22T00:36:41.073604,0
284,2025-03-22T00:36:41.073974,0
285,2025-03-22T00:36:41.074422,0
286,2025-03-22T00:36:41.074812,0
287,2025-03-22T00:36:41.075173,0
288,2025-03-22T00:36:41.075530,0
289,2025-03-22T00:36:41.075890,0
290,2025-03-22T00:36:41.076247,0
291,2025-03-22T00:36:41.076605,0
292,2025-03-22T00:36:41.076961,0
293,2025-03-22T00:36:41.077313,0
294,2025-03-22T00:36:41.077669,0
295,2025-03-22T00:36:41.078022,0
296,2025-03-22T00:36:41.078392,0
297,2025-03-22T00:36:41.078754,0
298,2025-03-22T00:36:41.079148,0
299,2025-03-22T00:36:41.079519,0
300,2025-03-22T00:36:41.079899,0
301,2025-03-22T00:36:41.080274,0
302,2025-03-22T00:36:41.080990,0
303,2025-03-22T00:36:41.081690,0
304,2025-03-22T00:36:41.082148,0
305,2025-03-22T00:36:41.082569,0
306,2025-03-22T00:36:41.082978,0
307,2025-03-22T00:36:41.083373,0
308,2025-03-22T00:36:41.083779,0
309,2025-03-22T00:36:41.084441,0
310,2025-03-22T00:36:41.084979,0
311,2025-03-22T00:36:41.085421,0
312,2025-03-22T00:36:41.085847,0
313,2025-03-22T00:36:41.086444,0
314,2025-03-22T00:36:41.087018,0
315,2025-03-22T00:36:41.087473,0
316,2025-03-22T00:36:41.087884,0
317,2025-03-22T00:36:41.088299,0
318,2025-03-22T00:36:41.088703,0
319,2025-03-22T00:36:41.089095,0
320,2025-03-22T00:36:41.089478,0
321,2025-03-22T00:36:41.089858,0
322,2025-03-22T00:36:41.090236,0
323,2025-03-22T00:36:41.090611,0
324,2025-03-22T00:36:41.090984,0
325,2025-03-22T00:36:41.091355,0
326,2025-03-22T00:36:41.091737,0
327,2025-03-22T00:36:41.092121,0
328,2025-03-22T00:36:41.092533,0
329,2025-03-22T00:36:41.092950,0
330,2025-03-22T00:36:41.093335,0
331,2025-03-22T00:36:41.093725,0
332,2025-03-22T00:36:41.094145,0
333,2025-03-22T00:36:41.094970,0
334,2025-03-22T00:36:41.095541,0
335,2025-03-22T00:36:41.095979,0
336,2025-03-22T00:36:41.096398,0
337,2025-03-22T00:36:41.096810,0
338,2025-03-22T00:36:41.097221,0
339,2025-03-22T00:36:41.097765,0
340,2025-03-22T00:36:41.098253,0
341,2025-03-22T00:36:41.098660,0
342,2025-03-22T00:36:41.099054,0
343,2025-03-22T00:36:41.099445,0
344,2025-03-22T00:36:41.099826,0
345,2025-03-22T00:36:41.100203,0
346,2025-03-22T00:36:41.100579,0
347,2025-03-22T00:36:41.100951,0
348,2025-03-22T00:36:41.101323,0
349,2025-03-22T00:36:41.101698,0
350,2025-03-22T00:36:41.102072,0
351,2025-03-22T00:36:41.102459,0
352,2025-03-22T00:36:41.102847,0
353,2025-03-22T00:36:41.103223,0
354,2025-03-22T00:36:41.103599,0
355,2025-03-22T00:36:41.103973,0
356,2025-03-22T00:36:41.104499,0
357,2025-03-22T00:36:41.105091,0
358,2025-03-22T00:36:41.105509,0
359,2025-03-22T00:36:41.105914,0
360,2025-03-22T00:36:41.106312,0
361,2025-03-22T00:36:41.106706,0
362,2025-03-22T00:36:41.107099,0
363,2025-03-22T00:36:41.107491,0
364,2025-03-22T00:36:41.107894,0
365,2025-03-22T00:36:41.108288,0
366,2025-03-22T00:36:41.108690,0
367,2025-03-22T00:36:41.109084,0
368,2025-03-22T00:36:41.109474,0
369,2025-03-22T00:36:41.109866,0
370,2025-03-22T00:36:41.110255,0
371,2025-03-22T00:36:41.110646,0
372,2025-03-22T00:36:41.111039,0
373,2025-03-22T00:36:41.111428,0
374,2025-03-22T00:36:41.111820,0
375,2025-03-22T00:36:41.112211,0
376,2025-03-22T00:36:41.112603,0
377,2025-03-22T00:36:41.112995,0
378,2025-03-22T00:36:41.113394,0
379,2025-03-22T00:36:41.113788,0
380,2025-03-22T00:36:41.114186,0
381,2025-03-22T00:36:41.114588,0
382,2025-03-22T00:36:41.114985,0
383,2025-03-22T00:36:41.115378,0
384,2025-03-22T00:36:41.115772,0
385,2025-03-22T00:36:41.116163,0
386,2025-03-22T00:36:41.116553,0
387,2025-03-22T00:36:41.116946,0
388,2025-03-22T00:36:41.117343,0
389,2025-03-22T00:36:41.117741,0
390,2025-03-22T00:36:41.118132,0
391,2025-03-22T00:36:41.118538,0
392,2025-03-22T00:36:41.118939,0
393,2025-03-22T00:36:41.119328,0
394,2025-03-22T00:36:41.119718,0
395,2025-03-22T00:36:41.120112,0
396,2025-03-22T00:36:41.120504,0
397,2025-03-22T00:36:41.120899,0
398,2025-03-22T00:36:41.121293,0
399,2025-03-22T00:36:41.121687,0
400,2025-03-22T00:36:41.122091,0
401,2025-03-22T00:36:41.122485,0
402,2025-03-22T00:36:41.122880,0
403,2025-03-22T00:36:41.123276,0
404,2025-03-22T00:36:41.123673,0
405,2025-03-22T00:36:41.124067,0
406,2025-03-22T00:36:41.124463,0
407,2025-03-22T00:36:41.124851,0
408,2025-03-22T00:36:41.125262,0
409,2025-03-22T00:36:41.125662,0
410,2025-03-22T00:36:41.126061,0
411,2025-03-22T00:36:41.126457,0
412,2025-03-22T00:36:41.126849,0
413,2025-03-22T00:36:41.127247,0
414,2025-03-22T00:36:41.127648,0
415,2025-03-22T00:36:41.128040,0
416,2025-03-22T00:36:41.128438,0
417,2025-03-22T00:36:41.128848,0
418,2025-03-22T00:36:41.129255,0
419,2025-03-22T00:36:41.129697,0
420,2025-03-22T00:36:41.130083,0
421,2025-03-22T00:36:41.130470,0
422,2025-03-22T00:36:41.130857,0
423,2025-03-22T00:36:41.131246,0
424,2025-03-22T00:36:41.131632,0
425,2025-03-22T00:36:41.132018,0
426,2025-03-22T00:36:41.132409,0
427,2025-03-22T00:36:41.132799,0
428,2025-03-22T00:36:41.133183,0
429,2025-03-22T00:36:41.133572,0
430,2025-03-22T00:36:41.133957,0
431,2025-03-22T00:36:41.134344,0
432,2025-03-22T00:36:41.134732,0
433,2025-03-22T00:36:41.135126,0
434,2025-03-22T00:36:41.135521,0
435,2025-03-22T00:36:41.135915,0
436,2025-03-22T00:36:41.136311,0
437,2025-03-22T00:36:41.136705,0
438,2025-03-22T00:36:41.137306,0
439,2025-03-22T00:36:41.137825,0
440,2025-03-22T00:36:41.138289,0
441,2025-03-22T00:36:41.138730,0
442,2025-03-22T00:36:41.139149,0
443,2025-03-22T00:36:41.139563,0
444,2025-03-22T00:36:41.139981,0
445,2025-03-22T00:36:41.140390,0
446,2025-03-22T00:36:41.140796,0
447,2025-03-22T00:36:41.141205,0
448,2025-03-22T00:36:41.141610,0
449,2025-03-22T00:36:41.142019,0
450,2025-03-22T00:36:41.142422,0
451,2025-03-22T00:36:41.142820,0
452,2025-03-22T00:36:41.143219,0
453,2025-03-22T00:36:41.143623,0
454,2025-03-22T00:36:41.144028,0
455,2025-03-22T00:36:41.144519,0
456,2025-03-22T00:36:41.144971,0
457,2025-03-22T00:36:41.145396,0
458,2025-03-22T00:36:41.145814,0
459,2025-03-22T00:36:41.146335,0
460,2025-03-22T00:36:41.147144,0
461,2025-03-22T00:36:41.147822,0
462,2025-03-22T00:36:41.148356,0
463,2025-03-22T00:36:41.148829,0
464,2025-03-22T00:36:41.149284,0
465,2025-03-22T00:36:41.149735,0
466,2025-03-22T00:36:41.150192,0
467,2025-03-22T00:36:41.150615,0
468,2025-03-22T00:36:41.151042,0
469,2025-03-22T00:36:41.151468,0
470,2025-03-22T00:36:41.151899,0
471,2025-03-22T00:36:41.152318,0
472,2025-03-22T00:36:41.152736,0
473,2025-03-22T00:36:41.153155,0
474,2025-03-22T00:36:41.153579,0
475,2025-03-22T00:36:41.153995,0
476,2025-03-22T00:36:41.154412,0
477,2025-03-22T00:36:41.154882,0
478,2025-03-22T00:36:41.155321,0
479,2025-03-22T00:36:41.155747,0
480,2025-03-22T00:36:41.156169,0
481,2025-03-22T00:36:41.156587,0
482,2025-03-22T00:36:41.157009,0
483,2025-03-22T00:36:41.157429,0
484,2025-03-22T00:36:41.157847,0
485,2025-03-22T00:36:41.158254,0
486,2025-03-22T00:36:41.158716,0
487,2025-03-22T00:36:41.159138,0
488,2025-03-22T00:36:41.159546,0
489,2025-03-22T00:36:41.159978,0
490,2025-03-22T00:36:41.160399,0
491,2025-03-22T00:36:41.160833,0
492,2025-03-22T00:36:41.161250,0
493,2025-03-22T00:36:41.161877,0
494,2025-03-22T00:36:41.162361,0
495,2025-03-22T00:36:41.162972,0
496,2025-03-22T00:36:41.163410,0
497,2025-03-22T00:36:41.163831,0
498,2025-03-22T00:36:41.164240,0
499,2025-03-22T00:36:41.164658,0
500,2025-03-22T00:36:41.165062,0
1,2025-03-22T01:00:38.216575,0
2,2025-03-22T01:00:38.217119,0
3,2025-03-22T01:00:38.217206,0
4,2025-03-22T01:00:38.217287,0
5,2025-03-22T01:00:38.217372,0
6,2025-03-22T01:00:38.219447,0
7,2025-03-22T01:00:38.219935,0
8,2025-03-22T01:00:38.220337,0
9,2025-03-22T01:00:38.220693,0
10,2025-03-22T01:00:38.221049,0
11,2025-03-22T01:00:38.221392,0
12,2025-03-22T01:00:38.221729,0
13,2025-03-22T01:00:38.222048,0
14,2025-03-22T01:00:38.222361,0
15,2025-03-22T01:00:38.222668,0
16,2025-03-22T01:00:38.222973,0
17,2025-03-22T01:00:38.223280,0
18,2025-03-22T01:00:38.223589,0
19,2025-03-22T01:00:38.223899,0
20,2025-03-22T01:00:38.224207,0
21,2025-03-22T01:00:38.224513,0
22,2025-03-22T01:00:38.224818,0
23,2025-03-22T01:00:38.225124,0
24,2025-03-22T01:00:38.225422,0
25,2025-03-22T01:00:38.225721,0
26,2025-03-22T01:00:38.226032,0
27,2025-03-22T01:00:38.226332,0
28,2025-03-22T01:00:38.226630,0
29,2025-03-22T01:00:38.226924,0
30,2025-03-22T01:00:38.227233,0
31,2025-03-22T01:00:38.227528,0
32,2025-03-22T01:00:38.227832,0
33,2025-03-22T01:00:38.228129,0
34,2025-03-22T01:00:38.228443,0
35,2025-03-22T01:00:38.228748,0
36,2025-03-22T01:00:38.229054,0
37,2025-03-22T01:00:38.229365,0
38,2025-03-22T01:00:38.229665,0
39,2025-03-22T01:00:38.229973,0
40,2025-03-22T01:00:38.230343,0
41,2025-03-22T01:00:38.230659,0
42,2025-03-22T01:00:38.230967,0
43,2025-03-22T01:00:38.231282,0
44,2025-03-22T01:00:38.231592,0
45,2025-03-22T01:00:38.231896,0
46,2025-03-22T01:00:38.232211,0
47,2025-03-22T01:00:38.232517,0
48,2025-03-22T01:00:38.232827,0
49,2025-03-22T01:00:38.233146,0
50,2025-03-22T01:00:38.233470,0
51,2025-03-22T01:00:38.233786,0
52,2025-03-22T01:00:38.234097,0
53,2025-03-22T01:00:38.234404,0
54,2025-03-22T01:00:38.234706,0
55,2025-03-22T01:00:38.235009,0
56,2025-03-22T01:00:38.235316,0
57,2025-03-22T01:00:38.235627,0
58,2025-03-22T01:00:38.235952,0
59,2025-03-22T01:00:38.236266,0
60,2025-03-22T01:00:38.236586,0
61,2025-03-22T01:00:38.236908,0
62,2025-03-22T01:00:38.237229,0
63,2025-03-22T01:00:38.237543,0
64,2025-03-22T01:00:38.237875,0
65,2025-03-22T01:00:38.238203,0
66,2025-03-22T01:00:38.238537,0
67,2025-03-22T01:00:38.238858,0
68,2025-03-22T01:00:38.239190,0
69,2025-03-22T01:00:38.239516,0
70,2025-03-22T01:00:38.239841,0
71,2025-03-22T01:00:38.240157,0
72,2025-03-22T01:00:38.240470,0
73,2025-03-22T01:00:38.240789,0
74,2025-03-22T01:00:38.241108,0
75,2025-03-22T01:00:38.241437,0
76,2025-03-22T01:00:38.241769,0
77,2025-03-22T01:00:38.242100,0
78,2025-03-22T01:00:38.242422,0
79,2025-03-22T01:00:38.242737,0
80,2025-03-22T01:00:38.243052,0
81,2025-03-22T01:00:38.243372,0
82,2025-03-22T01:00:38.243687,0
83,2025-03-22T01:00:38.244002,0
84,2025-03-22T01:00:38.244319,0
85,2025-03-22T01:00:38.244634,0
86,2025-03-22T01:00:38.244949,0
87,2025-03-22T01:00:38.245264,0
88,2025-03-22T01:00:38.245577,0
89,2025-03-22T01:00:38.245888,0
90,2025-03-22T01:00:38.246206,0
91,2025-03-22T01:00:38.246519,0
92,2025-03-22T01:00:38.246834,0
93,2025-03-22T01:00:38.247155,0
94,2025-03-22T01:00:38.247474,0
95,2025-03-22T01:00:38.247796,0
96,2025-03-22T01:00:38.248111,0
97,2025-03-22T01:00:38.248430,0
98,2025-03-22T01:00:38.248749,0
99,2025-03-22T01:00:38.249066,0
100,2025-03-22T01:00:38.249384,0
101,2025-03-22T01:00:38.249703,0
102,2025-03-22T01:00:38.250024,0
103,2025-03-22T01:00:38.250355,0
104,2025-03-22T01:00:38.250689,0
105,2025-03-22T01:00:38.251028,0
106,2025-03-22T01:00:38.251360,0
107,2025-03-22T01:00:38.251686,0
108,2025-03-22T01:00:38.252012,0
109,2025-03-22T01:00:38.252348,0
110,2025-03-22T01:00:38.252681,0
111,2025-03-22T01:00:38.253017,0
112,2025-03-22T01:00:38.253361,0
113,2025-03-22T01:00:38.253710,0
114,2025-03-22T01:00:38.254053,0
115,2025-03-22T01:00:38.254392,0
116,2025-03-22T01:00:38.254732,0
117,2025-03-22T01:00:38.255078,0
118,2025-03-22T01:00:38.255419,0
119,2025-03-22T01:00:38.255790,0
120,2025-03-22T01:00:38.256133,0
121,2025-03-22T01:00:38.256491,0
122,2025-03-22T01:00:38.256843,0
123,2025-03-22T01:00:38.257185,0
124,2025-03-22T01:00:38.257531,0
125,2025-03-22T01:00:38.257875,0
126,2025-03-22T01:00:38.258218,0
127,2025-03-22T01:00:38.258562,0
128,2025-03-22T01:00:38.258904,0
129,2025-03-22T01:00:38.259239,0
130,2025-03-22T01:00:38.259591,0
131,2025-03-22T01:00:38.259931,0
132,2025-03-22T01:00:38.260269,0
133,2025-03-22T01:00:38.260606,0
134,2025-03-22T01:00:38.260943,0
135,2025-03-22T01:00:38.261285,0
136,2025-03-22T01:00:38.261623,0
137,2025-03-22T01:00:38.261973,0
138,2025-03-22T01:00:38.262331,0
139,2025-03-22T01:00:38.263992,0
140,2025-03-22T01:00:38.264351,0
141,2025-03-22T01:00:38.264692,0
142,2025-03-22T01:00:38.265031,0
143,2025-03-22T01:00:38.265623,0
144,2025-03-22T01:00:38.266072,0
145,2025-03-22T01:00:38.266478,0
146,2025-03-22T01:00:38.267510,0
147,2025-03-22T01:00:38.268026,0
148,2025-03-22T01:00:38.268588,0
149,2025-03-22T01:00:38.268993,0
150,2025-03-22T01:00:38.269378,0
151,2025-03-22T01:00:38.270188,0
152,2025-03-22T01:00:38.270557,0
153,2025-03-22T01:00:38.270923,0
154,2025-03-22T01:00:38.271277,0
155,2025-03-22T01:00:38.271632,0
156,2025-03-22T01:00:38.271984,0
157,2025-03-22T01:00:38.272331,0
158,2025-03-22T01:00:38.272701,0
159,2025-03-22T01:00:38.273049,0
160,2025-03-22T01:00:38.273411,0
161,2025-03-22T01:00:38.273771,0
162,2025-03-22T01:00:38.274121,0
163,2025-03-22T01:00:38.274539,0
164,2025-03-22T01:00:38.274899,0
165,2025-03-22T01:00:38.275257,0
166,2025-03-22T01:00:38.275611,0
167,2025-03-22T01:00:38.275974,0
168,2025-03-22T01:00:38.276348,0
169,2025-03-22T01:00:38.276725,0
170,2025-03-22T01:00:38.277084,0
171,2025-03-22T01:00:38.277472,0
172,2025-03-22T01:00:38.277838,0
173,2025-03-22T01:00:38.278224,0
174,2025-03-22T01:00:38.278647,0
175,2025-03-22T01:00:38.279047,0
176,2025-03-22T01:00:38.279420,0
177,2025-03-22T01:00:38.279807,0
178,2025-03-22T01:00:38.280372,0
179,2025-03-22T01:00:38.280936,0
180,2025-03-22T01:00:38.281401,0
181,2025-03-22T01:00:38.281860,0
182,2025-03-22T01:00:38.282361,0
183,2025-03-22T01:00:38.282802,0
184,2025-03-22T01:00:38.283204,0
185,2025-03-22T01:00:38.283581,0
186,2025-03-22T01:00:38.283960,0
187,2025-03-22T01:00:38.284328,0
188,2025-03-22T01:00:38.284703,0
189,2025-03-22T01:00:38.285105,0
190,2025-03-22T01:00:38.285481,0
191,2025-03-22T01:00:38.285881,0
192,2025-03-22T01:00:38.286262,0
193,2025-03-22T01:00:38.286629,0
194,2025-03-22T01:00:38.286998,0
195,2025-03-22T01:00:38.287372,0
196,2025-03-22T01:00:38.287756,0
197,2025-03-22T01:00:38.288162,0
198,2025-03-22T01:00:38.288530,0
199,2025-03-22T01:00:38.288922,0
200,2025-03-22T01:00:38.289313,0
201,2025-03-22T01:00:38.289684,0
202,2025-03-22T01:00:38.290064,0
203,2025-03-22T01:00:38.290437,0
204,2025-03-22T01:00:38.290807,0
205,2025-03-22T01:00:38.291191,0
206,2025-03-22T01:00:38.291740,0
207,2025-03-22T01:00:38.292127,0
208,2025-03-22T01:00:38.292699,0
209,2025-03-22T01:00:38.293241,0
210,2025-03-22T01:00:38.293725,0
211,2025-03-22T01:00:38.294182,0
212,2025-03-22T01:00:38.294597,0
213,2025-03-22T01:00:38.294998,0
214,2025-03-22T01:00:38.295407,0
215,2025-03-22T01:00:38.295800,0
216,2025-03-22T01:00:38.296179,0
217,2025-03-22T01:00:38.296549,0
218,2025-03-22T01:00:38.296920,0
219,2025-03-22T01:00:38.297293,0
220,2025-03-22T01:00:38.297659,0
221,2025-03-22T01:00:38.298022,0
222,2025-03-22T01:00:38.298390,0
223,2025-03-22T01:00:38.299542,0
224,2025-03-22T01:00:38.299990,0
225,2025-03-22T01:00:38.300768,0
226,2025-03-22T01:00:38.301209,0
227,2025-03-22T01:00:38.301627,0
228,2025-03-22T01:00:38.302034,0
229,2025-03-22T01:00:38.302428,0
230,2025-03-22T01:00:38.302806,0
231,2025-03-22T01:00:38.303179,0
232,2025-03-22T01:00:38.303551,0
233,2025-03-22T01:00:38.303921,0
234,2025-03-22T01:00:38.304284,0
235,2025-03-22T01:00:38.304646,0
236,2025-03-22T01:00:38.305016,0
237,2025-03-22T01:00:38.305512,0
238,2025-03-22T01:00:38.305966,0
239,2025-03-22T01:00:38.306377,0
240,2025-03-22T01:00:38.306772,0
241,2025-03-22T01:00:38.307162,0
242,2025-03-22T01:00:38.307559,0
243,2025-03-22T01:00:38.307948,0
244,2025-03-22T01:00:38.308323,0
245,2025-03-22T01:00:38.308721,0
246,2025-03-22T01:00:38.309095,0
247,2025-03-22T01:00:38.309468,0
248,2025-03-22T01:00:38.309854,0
249,2025-03-22T01:00:38.310331,0
250,2025-03-22T01:00:38.310760,0
251,2025-03-22T01:00:38.311148,0
252,2025-03-22T01:00:38.311532,0
253,2025-03-22T01:00:38.311926,0
254,2025-03-22T01:00:38.312323,0
255,2025-03-22T01:00:38.312693,0
256,2025-03-22T01:00:38.313060,0
257,2025-03-22T01:00:38.313435,0
258,2025-03-22T01:00:38.313807,0
259,2025-03-22T01:00:38.314174,0
260,2025-03-22T01:00:38.314547,0
261,2025-03-22T01:00:38.314922,0
262,2025-03-22T01:00:38.315293,0
263,2025-03-22T01:00:38.315662,0
264,2025-03-22T01:00:38.316030,0
265,2025-03-22T01:00:38.316403,0
266,2025-03-22T01:00:38.316768,0
267,2025-03-22T01:00:38.317140,0
268,2025-03-22T01:00:38.317505,0
269,2025-03-22T01:00:38.317876,0
270,2025-03-22T01:00:38.318242,0
271,2025-03-22T01:00:38.318609,0
272,2025-03-22T01:00:38.318976,0
273,2025-03-22T01:00:38.319342,0
274,2025-03-22T01:00:38.319707,0
275,2025-03-22T01:00:38.320076,0
276,2025-03-22T01:00:38.320454,0
277,2025-03-22T01:00:38.320821,0
278,2025-03-22T01:00:38.321257,0
279,2025-03-22T01:00:38.321625,0
280,2025-03-22T01:00:38.321992,0
281,2025-03-22T01:00:38.322358,0
282,2025-03-22T01:00:38.322728,0
283,2025-03-22T01:00:38.323172,0
284,2025-03-22T01:00:38.323548,0
285,2025-03-22T01:00:38.323919,0
286,2025-03-22T01:00:38.324294,0
287,2025-03-22T01:00:38.324668,0
288,2025-03-22T01:00:38.325047,0
289,2025-03-22T01:00:38.325424,0
290,2025-03-22T01:00:38.325795,0
291,2025-03-22T01:00:38.326166,0
292,2025-03-22T01:00:38.326543,0
293,2025-03-22T01:00:38.326918,0
294,2025-03-22T01:00:38.327297,0
295,2025-03-22T01:00:38.327674,0
296,2025-03-22T01:00:38.328048,0
297,2025-03-22T01:00:38.328425,0
298,2025-03-22T01:00:38.328804,0
299,2025-03-22T01:00:38.329180,0
300,2025-03-22T01:00:38.329558,0
301,2025-03-22T01:00:38.329935,0
302,2025-03-22T01:00:38.330322,0
303,2025-03-22T01:00:38.330706,0
304,2025-03-22T01:00:38.331085,0
305,2025-03-22T01:00:38.331481,0
306,2025-03-22T01:00:38.331882,0
307,2025-03-22T01:00:38.332272,0
308,2025-03-22T01:00:38.332670,0
309,2025-03-22T01:00:38.333310,0
310,2025-03-22T01:00:38.333767,0
311,2025-03-22T01:00:38.334193,0
312,2025-03-22T01:00:38.334615,0
313,2025-03-22T01:00:38.335015,0
314,2025-03-22T01:00:38.335422,0
315,2025-03-22T01:00:38.336270,0
316,2025-03-22T01:00:38.336760,0
317,2025-03-22T01:00:38.337221,0
318,2025-03-22T01:00:38.337613,0
319,2025-03-22T01:00:38.337997,0
320,2025-03-22T01:00:38.338398,0
321,2025-03-22T01:00:38.338790,0
322,2025-03-22T01:00:38.339176,0
323,2025-03-22T01:00:38.339565,0
324,2025-03-22T01:00:38.339953,0
325,2025-03-22T01:00:38.340348,0
326,2025-03-22T01:00:38.340925,0
327,2025-03-22T01:00:38.341451,0
328,2025-03-22T01:00:38.341905,0
329,2025-03-22T01:00:38.342341,0
330,2025-03-22T01:00:38.342761,0
331,2025-03-22T01:00:38.343195,0
332,2025-03-22T01:00:38.343610,0
333,2025-03-22T01:00:38.344011,0
334,2025-03-22T01:00:38.344413,0
335,2025-03-22T01:00:38.344812,0
336,2025-03-22T01:00:38.345229,0
337,2025-03-22T01:00:38.345652,0
338,2025-03-22T01:00:38.346063,0
339,2025-03-22T01:00:38.346493,0
340,2025-03-22T01:00:38.346916,0
341,2025-03-22T01:00:38.347327,0
342,2025-03-22T01:00:38.347724,0
343,2025-03-22T01:00:38.348111,0
344,2025-03-22T01:00:38.348521,0
345,2025-03-22T01:00:38.348919,0
346,2025-03-22T01:00:38.349305,0
347,2025-03-22T01:00:38.349696,0
348,2025-03-22T01:00:38.350086,0
349,2025-03-22T01:00:38.350472,0
350,2025-03-22T01:00:38.350855,0
351,2025-03-22T01:00:38.351248,0
352,2025-03-22T01:00:38.351641,0
353,2025-03-22T01:00:38.352034,0
354,2025-03-22T01:00:38.352433,0
355,2025-03-22T01:00:38.352834,0
356,2025-03-22T01:00:38.353235,0
357,2025-03-22T01:00:38.353649,0
358,2025-03-22T01:00:38.354053,0
359,2025-03-22T01:00:38.354493,0
360,2025-03-22T01:00:38.354914,0
361,2025-03-22T01:00:38.355326,0
362,2025-03-22T01:00:38.355757,0
363,2025-03-22T01:00:38.356174,0
364,2025-03-22T01:00:38.356578,0
365,2025-03-22T01:00:38.357006,0
366,2025-03-22T01:00:38.357667,0
367,2025-03-22T01:00:38.358077,0
368,2025-03-22T01:00:38.358825,0
369,2025-03-22T01:00:38.359310,0
370,2025-03-22T01:00:38.359951,0
371,2025-03-22T01:00:38.360359,0
372,2025-03-22T01:00:38.360756,0
373,2025-03-22T01:00:38.361153,0
374,2025-03-22T01:00:38.361547,0
375,2025-03-22T01:00:38.361943,0
376,2025-03-22T01:00:38.362337,0
377,2025-03-22T01:00:38.362728,0
378,2025-03-22T01:00:38.363122,0
379,2025-03-22T01:00:38.363515,0
380,2025-03-22T01:00:38.363912,0
381,2025-03-22T01:00:38.364307,0
382,2025-03-22T01:00:38.364701,0
383,2025-03-22T01:00:38.365093,0
384,2025-03-22T01:00:38.365491,0
385,2025-03-22T01:00:38.365886,0
386,2025-03-22T01:00:38.366280,0
387,2025-03-22T01:00:38.366678,0
388,2025-03-22T01:00:38.367073,0
389,2025-03-22T01:00:38.367469,0
390,2025-03-22T01:00:38.367866,0
391,2025-03-22T01:00:38.368267,0
392,2025-03-22T01:00:38.368665,0
393,2025-03-22T01:00:38.369064,0
394,2025-03-22T01:00:38.369461,0
395,2025-03-22T01:00:38.369860,0
396,2025-03-22T01:00:38.370260,0
397,2025-03-22T01:00:38.370660,0
398,2025-03-22T01:00:38.371058,0
399,2025-03-22T01:00:38.371465,0
400,2025-03-22T01:00:38.371875,0
401,2025-03-22T01:00:38.372274,0
402,2025-03-22T01:00:38.372674,0
403,2025-03-22T01:00:38.373074,0
404,2025-03-22T01:00:38.373638,0
405,2025-03-22T01:00:38.374024,0
406,2025-03-22T01:00:38.374410,0
407,2025-03-22T01:00:38.374791,0
408,2025-03-22T01:00:38.375174,0
409,2025-03-22T01:00:38.375557,0
410,2025-03-22T01:00:38.375937,0
411,2025-03-22T01:00:38.376315,0
412,2025-03-22T01:00:38.376703,0
413,2025-03-22T01:00:38.377116,0
414,2025-03-22T01:00:38.377500,0
415,2025-03-22T01:00:38.377883,0
416,2025-03-22T01:00:38.378268,0
417,2025-03-22T01:00:38.379099,0
418,2025-03-22T01:00:38.379485,0
419,2025-03-22T01:00:38.379868,0
420,2025-03-22T01:00:38.380257,0
421,2025-03-22T01:00:38.380643,0
422,2025-03-22T01:00:38.381025,0
423,2025-03-22T01:00:38.381675,0
424,2025-03-22T01:00:38.382081,0
425,2025-03-22T01:00:38.382478,0
426,2025-03-22T01:00:38.382880,0
427,2025-03-22T01:00:38.383280,0
428,2025-03-22T01:00:38.383683,0
429,2025-03-22T01:00:38.384153,0
430,2025-03-22T01:00:38.384539,0
431,2025-03-22T01:00:38.384924,0
432,2025-03-22T01:00:38.385300,0
433,2025-03-22T01:00:38.385675,0
434,2025-03-22T01:00:38.386050,0
435,2025-03-22T01:00:38.386438,0
436,2025-03-22T01:00:38.386825,0
437,2025-03-22T01:00:38.387218,0
438,2025-03-22T01:00:38.387640,0
439,2025-03-22T01:00:38.388052,0
440,2025-03-22T01:00:38.388598,0
441,2025-03-22T01:00:38.389057,0
442,2025-03-22T01:00:38.389488,0
443,2025-03-22T01:00:38.389926,0
444,2025-03-22T01:00:38.390346,0
445,2025-03-22T01:00:38.390763,0
446,2025-03-22T01:00:38.391182,0
447,2025-03-22T01:00:38.391590,0
448,2025-03-22T01:00:38.391991,0
449,2025-03-22T01:00:38.392550,0
450,2025-03-22T01:00:38.393297,0
451,2025-03-22T01:00:38.393867,0
452,2025-03-22T01:00:38.394388,0
453,2025-03-22T01:00:38.394876,0
454,2025-03-22T01:00:38.395438,0
455,2025-03-22T01:00:38.396026,0
456,2025-03-22T01:00:38.396598,0
457,2025-03-22T01:00:38.397101,0
458,2025-03-22T01:00:38.397566,0
459,2025-03-22T01:00:38.398002,0
460,2025-03-22T01:00:38.398494,0
461,2025-03-22T01:00:38.399121,0
462,2025-03-22T01:00:38.399674,0
463,2025-03-22T01:00:38.400142,0
464,2025-03-22T01:00:38.400594,0
465,2025-03-22T01:00:38.401040,0
466,2025-03-22T01:00:38.401483,0
467,2025-03-22T01:00:38.401904,0
468,2025-03-22T01:00:38.402337,0
469,2025-03-22T01:00:38.402769,0
470,2025-03-22T01:00:38.403655,0
471,2025-03-22T01:00:38.404253,0
472,2025-03-22T01:00:38.404745,0
473,2025-03-22T01:00:38.405189,0
474,2025-03-22T01:00:38.405639,0
475,2025-03-22T01:00:38.406098,0
476,2025-03-22T01:00:38.406534,0
477,2025-03-22T01:00:38.407325,0
478,2025-03-22T01:00:38.407813,0
479,2025-03-22T01:00:38.408283,0
480,2025-03-22T01:00:38.409205,0
481,2025-03-22T01:00:38.409768,0
482,2025-03-22T01:00:38.410363,0
483,2025-03-22T01:00:38.410890,0
484,2025-03-22T01:00:38.411391,0
485,2025-03-22T01:00:38.411865,0
486,2025-03-22T01:00:38.412396,0
487,2025-03-22T01:00:38.412894,0
488,2025-03-22T01:00:38.413395,0
489,2025-03-22T01:00:38.413911,0
490,2025-03-22T01:00:38.414446,0
491,2025-03-22T01:00:38.414960,0
492,2025-03-22T01:00:38.415470,0
493,2025-03-22T01:00:38.415984,0
494,2025-03-22T01:00:38.416496,0
495,2025-03-22T01:00:38.416986,0
496,2025-03-22T01:00:38.417487,0
497,2025-03-22T01:00:38.418660,0
498,2025-03-22T01:00:38.419300,0
499,2025-03-22T01:00:38.420006,0
500,2025-03-22T01:00:38.420661,0
1,2025-03-22T01:02:05.033893,6
2,2025-03-22T01:02:05.035082,0
3,2025-03-22T01:02:05.035197,0
4,2025-03-22T01:02:05.035285,0
5,2025-03-22T01:02:05.035366,0
6,2025-03-22T01:02:05.037416,0
7,2025-03-22T01:02:05.037847,0
8,2025-03-22T01:02:05.038211,0
9,2025-03-22T01:02:05.038554,0
10,2025-03-22T01:02:05.038880,0
11,2025-03-22T01:02:05.039196,0
12,2025-03-22T01:02:05.039507,0
13,2025-03-22T01:02:05.039821,0
14,2025-03-22T01:02:05.040138,0
15,2025-03-22T01:02:05.040463,0
16,2025-03-22T01:02:05.040776,0
17,2025-03-22T01:02:05.041085,0
18,2025-03-22T01:02:05.041396,0
19,2025-03-22T01:02:05.041706,0
20,2025-03-22T01:02:05.042021,0
21,2025-03-22T01:02:05.042335,0
22,2025-03-22T01:02:05.042634,0
23,2025-03-22T01:02:05.042934,0
24,2025-03-22T01:02:05.043235,0
25,2025-03-22T01:02:05.043560,0
26,2025-03-22T01:02:05.043869,0
27,2025-03-22T01:02:05.044176,0
28,2025-03-22T01:02:05.044479,0
29,2025-03-22T01:02:05.044777,0
30,2025-03-22T01:02:05.045084,0
31,2025-03-22T01:02:05.045391,0
32,2025-03-22T01:02:05.045700,0
33,2025-03-22T01:02:05.046016,0
34,2025-03-22T01:02:05.046343,0
35,2025-03-22T01:02:05.046647,0
36,2025-03-22T01:02:05.046956,0
37,2025-03-22T01:02:05.047265,0
38,2025-03-22T01:02:05.047571,0
39,2025-03-22T01:02:05.047889,0
40,2025-03-22T01:02:05.048195,0
41,2025-03-22T01:02:05.048502,0
42,2025-03-22T01:02:05.048806,0
43,2025-03-22T01:02:05.049110,0
44,2025-03-22T01:02:05.049411,0
45,2025-03-22T01:02:05.049715,0
46,2025-03-22T01:02:05.050025,0
47,2025-03-22T01:02:05.050334,0
48,2025-03-22T01:02:05.050638,0
49,2025-03-22T01:02:05.050943,0
50,2025-03-22T01:02:05.051248,0
51,2025-03-22T01:02:05.051545,0
52,2025-03-22T01:02:05.051840,0
53,2025-03-22T01:02:05.052136,0
54,2025-03-22T01:02:05.052440,0
55,2025-03-22T01:02:05.052756,0
56,2025-03-22T01:02:05.053060,0
57,2025-03-22T01:02:05.053381,0
58,2025-03-22T01:02:05.053703,0
59,2025-03-22T01:02:05.054014,0
60,2025-03-22T01:02:05.054334,0
61,2025-03-22T01:02:05.054647,0
62,2025-03-22T01:02:05.054968,0
63,2025-03-22T01:02:05.055282,0
64,2025-03-22T01:02:05.055591,0
65,2025-03-22T01:02:05.055907,0
66,2025-03-22T01:02:05.056236,0
67,2025-03-22T01:02:05.056559,0
68,2025-03-22T01:02:05.056900,0
69,2025-03-22T01:02:05.057225,0
70,2025-03-22T01:02:05.057566,0
71,2025-03-22T01:02:05.057993,0
72,2025-03-22T01:02:05.058337,0
73,2025-03-22T01:02:05.058661,0
74,2025-03-22T01:02:05.058984,0
75,2025-03-22T01:02:05.059316,0
76,2025-03-22T01:02:05.059635,0
77,2025-03-22T01:02:05.059959,0
78,2025-03-22T01:02:05.060292,0
79,2025-03-22T01:02:05.060597,0
80,2025-03-22T01:02:05.060950,0
81,2025-03-22T01:02:05.061270,0
82,2025-03-22T01:02:05.061591,0
83,2025-03-22T01:02:05.061915,0
84,2025-03-22T01:02:05.062253,0
85,2025-03-22T01:02:05.062592,0
86,2025-03-22T01:02:05.062924,0
87,2025-03-22T01:02:05.063244,0
88,2025-03-22T01:02:05.063564,0
89,2025-03-22T01:02:05.063879,0
90,2025-03-22T01:02:05.064197,0
91,2025-03-22T01:02:05.064515,0
92,2025-03-22T01:02:05.064826,0
93,2025-03-22T01:02:05.065138,0
94,2025-03-22T01:02:05.065452,0
95,2025-03-22T01:02:05.065770,0
96,2025-03-22T01:02:05.066086,0
97,2025-03-22T01:02:05.066402,0
98,2025-03-22T01:02:05.066721,0
99,2025-03-22T01:02:05.067035,0
100,2025-03-22T01:02:05.067351,0
101,2025-03-22T01:02:05.067662,0
102,2025-03-22T01:02:05.067975,0
103,2025-03-22T01:02:05.068290,0
104,2025-03-22T01:02:05.068606,0
105,2025-03-22T01:02:05.068921,0
106,2025-03-22T01:02:05.069233,0
107,2025-03-22T01:02:05.069547,0
108,2025-03-22T01:02:05.069866,0
109,2025-03-22T01:02:05.070180,0
110,2025-03-22T01:02:05.070503,0
111,2025-03-22T01:02:05.070832,0
112,2025-03-22T01:02:05.071153,0
113,2025-03-22T01:02:05.071474,0
114,2025-03-22T01:02:05.071791,0
115,2025-03-22T01:02:05.072105,0
116,2025-03-22T01:02:05.072424,0
117,2025-03-22T01:02:05.072739,0
118,2025-03-22T01:02:05.073060,0
119,2025-03-22T01:02:05.073378,0
120,2025-03-22T01:02:05.073695,0
121,2025-03-22T01:02:05.074013,0
122,2025-03-22T01:02:05.074352,0
123,2025-03-22T01:02:05.074673,0
124,2025-03-22T01:02:05.074992,0
125,2025-03-22T01:02:05.075309,0
126,2025-03-22T01:02:05.075637,0
127,2025-03-22T01:02:05.075960,0
128,2025-03-22T01:02:05.076289,0
129,2025-03-22T01:02:05.076617,0
130,2025-03-22T01:02:05.076941,0
131,2025-03-22T01:02:05.077262,0
132,2025-03-22T01:02:05.077583,0
133,2025-03-22T01:02:05.077902,0
134,2025-03-22T01:02:05.078224,0
135,2025-03-22T01:02:05.078547,0
136,2025-03-22T01:02:05.078882,0
137,2025-03-22T01:02:05.079215,0
138,2025-03-22T01:02:05.079540,0
139,2025-03-22T01:02:05.079865,0
140,2025-03-22T01:02:05.080199,0
141,2025-03-22T01:02:05.080529,0
142,2025-03-22T01:02:05.080868,0
143,2025-03-22T01:02:05.081199,0
144,2025-03-22T01:02:05.081544,0
145,2025-03-22T01:02:05.081891,0
146,2025-03-22T01:02:05.082248,0
147,2025-03-22T01:02:05.082589,0
148,2025-03-22T01:02:05.082983,0
149,2025-03-22T01:02:05.083332,0
150,2025-03-22T01:02:05.083694,0
151,2025-03-22T01:02:05.084048,0
152,2025-03-22T01:02:05.084417,0
153,2025-03-22T01:02:05.084755,0
154,2025-03-22T01:02:05.085093,0
155,2025-03-22T01:02:05.085434,0
156,2025-03-22T01:02:05.085792,0
157,2025-03-22T01:02:05.086144,0
158,2025-03-22T01:02:05.086493,0
159,2025-03-22T01:02:05.086844,0
160,2025-03-22T01:02:05.087201,0
161,2025-03-22T01:02:05.087555,0
162,2025-03-22T01:02:05.087914,0
163,2025-03-22T01:02:05.088270,0
164,2025-03-22T01:02:05.088616,0
165,2025-03-22T01:02:05.088961,0
166,2025-03-22T01:02:05.089316,0
167,2025-03-22T01:02:05.089679,0
168,2025-03-22T01:02:05.090054,0
169,2025-03-22T01:02:05.090409,0
170,2025-03-22T01:02:05.090777,0
171,2025-03-22T01:02:05.091152,0
172,2025-03-22T01:02:05.092995,0
173,2025-03-22T01:02:05.093478,0
174,2025-03-22T01:02:05.093898,0
175,2025-03-22T01:02:05.094298,0
176,2025-03-22T01:02:05.094679,0
177,2025-03-22T01:02:05.095054,0
178,2025-03-22T01:02:05.095721,0
179,2025-03-22T01:02:05.096229,0
180,2025-03-22T01:02:05.097385,0
181,2025-03-22T01:02:05.097771,0
182,2025-03-22T01:02:05.098519,0
183,2025-03-22T01:02:05.098908,0
184,2025-03-22T01:02:05.099529,0
185,2025-03-22T01:02:05.100146,0
186,2025-03-22T01:02:05.100658,0
187,2025-03-22T01:02:05.101108,0
188,2025-03-22T01:02:05.101542,0
189,2025-03-22T01:02:05.101942,0
190,2025-03-22T01:02:05.102519,0
191,2025-03-22T01:02:05.103106,0
192,2025-03-22T01:02:05.103602,0
193,2025-03-22T01:02:05.104075,0
194,2025-03-22T01:02:05.104489,0
195,2025-03-22T01:02:05.104895,0
196,2025-03-22T01:02:05.105314,0
197,2025-03-22T01:02:05.105697,0
198,2025-03-22T01:02:05.106066,0
199,2025-03-22T01:02:05.106440,0
200,2025-03-22T01:02:05.107026,0
201,2025-03-22T01:02:05.107512,0
202,2025-03-22T01:02:05.107953,0
203,2025-03-22T01:02:05.108357,0
204,2025-03-22T01:02:05.108757,0
205,2025-03-22T01:02:05.109142,0
206,2025-03-22T01:02:05.109521,0
207,2025-03-22T01:02:05.109893,0
208,2025-03-22T01:02:05.110271,0
209,2025-03-22T01:02:05.110647,0
210,2025-03-22T01:02:05.111030,0
211,2025-03-22T01:02:05.111628,0
212,2025-03-22T01:02:05.112021,0
213,2025-03-22T01:02:05.112405,0
214,2025-03-22T01:02:05.112782,0
215,2025-03-22T01:02:05.113164,0
216,2025-03-22T01:02:05.113533,0
217,2025-03-22T01:02:05.113910,0
218,2025-03-22T01:02:05.114318,0
219,2025-03-22T01:02:05.114697,0
220,2025-03-22T01:02:05.115071,0
221,2025-03-22T01:02:05.115441,0
222,2025-03-22T01:02:05.115847,0
223,2025-03-22T01:02:05.116230,0
224,2025-03-22T01:02:05.116613,0
225,2025-03-22T01:02:05.116988,0
226,2025-03-22T01:02:05.117356,0
227,2025-03-22T01:02:05.117730,0
228,2025-03-22T01:02:05.118104,0
229,2025-03-22T01:02:05.118471,0
230,2025-03-22T01:02:05.118879,0
231,2025-03-22T01:02:05.119987,0
232,2025-03-22T01:02:05.120390,0
233,2025-03-22T01:02:05.120774,0
234,2025-03-22T01:02:05.121150,0
235,2025-03-22T01:02:05.121603,0
236,2025-03-22T01:02:05.122234,0
237,2025-03-22T01:02:05.122737,0
238,2025-03-22T01:02:05.123362,0
239,2025-03-22T01:02:05.123932,0
240,2025-03-22T01:02:05.125057,0
241,2025-03-22T01:02:05.125523,0
242,2025-03-22T01:02:05.125979,0
243,2025-03-22T01:02:05.126384,0
244,2025-03-22T01:02:05.126767,0
245,2025-03-22T01:02:05.127184,0
246,2025-03-22T01:02:05.127564,0
247,2025-03-22T01:02:05.127940,0
248,2025-03-22T01:02:05.128329,0
249,2025-03-22T01:02:05.128701,0
250,2025-03-22T01:02:05.129072,0
251,2025-03-22T01:02:05.129455,0
252,2025-03-22T01:02:05.129824,0
253,2025-03-22T01:02:05.130194,0
254,2025-03-22T01:02:05.130564,0
255,2025-03-22T01:02:05.130925,0
256,2025-03-22T01:02:05.131291,0
257,2025-03-22T01:02:05.131653,0
258,2025-03-22T01:02:05.132022,0
259,2025-03-22T01:02:05.132391,0
260,2025-03-22T01:02:05.132754,0
261,2025-03-22T01:02:05.133122,0
262,2025-03-22T01:02:05.133500,0
263,2025-03-22T01:02:05.133864,0
264,2025-03-22T01:02:05.134226,0
265,2025-03-22T01:02:05.134590,0
266,2025-03-22T01:02:05.134950,0
267,2025-03-22T01:02:05.135317,0
268,2025-03-22T01:02:05.135742,0
269,2025-03-22T01:02:05.136114,0
270,2025-03-22T01:02:05.136489,0
271,2025-03-22T01:02:05.136855,0
272,2025-03-22T01:02:05.137232,0
273,2025-03-22T01:02:05.137600,0
274,2025-03-22T01:02:05.137964,0
275,2025-03-22T01:02:05.138329,0
276,2025-03-22T01:02:05.138703,0
277,2025-03-22T01:02:05.139083,0
278,2025-03-22T01:02:05.139981,0
279,2025-03-22T01:02:05.140473,0
280,2025-03-22T01:02:05.140981,0
281,2025-03-22T01:02:05.141383,0
282,2025-03-22T01:02:05.141767,0
283,2025-03-22T01:02:05.142153,0
284,2025-03-22T01:02:05.142859,0
285,2025-03-22T01:02:05.143347,0
286,2025-03-22T01:02:05.143770,0
287,2025-03-22T01:02:05.144185,0
288,2025-03-22T01:02:05.144607,0
289,2025-03-22T01:02:05.145075,0
290,2025-03-22T01:02:05.145470,0
291,2025-03-22T01:02:05.145857,0
292,2025-03-22T01:02:05.146243,0
293,2025-03-22T01:02:05.146631,0
294,2025-03-22T01:02:05.147019,0
295,2025-03-22T01:02:05.147397,0
296,2025-03-22T01:02:05.147771,0
297,2025-03-22T01:02:05.148148,0
298,2025-03-22T01:02:05.148521,0
299,2025-03-22T01:02:05.148899,0
300,2025-03-22T01:02:05.149273,0
301,2025-03-22T01:02:05.149649,0
302,2025-03-22T01:02:05.150025,0
303,2025-03-22T01:02:05.150404,0
304,2025-03-22T01:02:05.150777,0
305,2025-03-22T01:02:05.151157,0
306,2025-03-22T01:02:05.151531,0
307,2025-03-22T01:02:05.151905,0
308,2025-03-22T01:02:05.152285,0
309,2025-03-22T01:02:05.152659,0
310,2025-03-22T01:02:05.153036,0
311,2025-03-22T01:02:05.153413,0
312,2025-03-22T01:02:05.153791,0
313,2025-03-22T01:02:05.154166,0
314,2025-03-22T01:02:05.154542,0
315,2025-03-22T01:02:05.154920,0
316,2025-03-22T01:02:05.155447,0
317,2025-03-22T01:02:05.155909,0
318,2025-03-22T01:02:05.156337,0
319,2025-03-22T01:02:05.156754,0
320,2025-03-22T01:02:05.157164,0
321,2025-03-22T01:02:05.157583,0
322,2025-03-22T01:02:05.157987,0
323,2025-03-22T01:02:05.158388,0
324,2025-03-22T01:02:05.158810,0
325,2025-03-22T01:02:05.159419,0
326,2025-03-22T01:02:05.159834,0
327,2025-03-22T01:02:05.160244,0
328,2025-03-22T01:02:05.160658,0
329,2025-03-22T01:02:05.161095,0
330,2025-03-22T01:02:05.161497,0
331,2025-03-22T01:02:05.161898,0
332,2025-03-22T01:02:05.162283,0
333,2025-03-22T01:02:05.162665,0
334,2025-03-22T01:02:05.163092,0
335,2025-03-22T01:02:05.163480,0
336,2025-03-22T01:02:05.163874,0
337,2025-03-22T01:02:05.164265,0
338,2025-03-22T01:02:05.164654,0
339,2025-03-22T01:02:05.165045,0
340,2025-03-22T01:02:05.165441,0
341,2025-03-22T01:02:05.165836,0
342,2025-03-22T01:02:05.166223,0
343,2025-03-22T01:02:05.166628,0
344,2025-03-22T01:02:05.167038,0
345,2025-03-22T01:02:05.167438,0
346,2025-03-22T01:02:05.168075,0
347,2025-03-22T01:02:05.168596,0
348,2025-03-22T01:02:05.169054,0
349,2025-03-22T01:02:05.169492,0
350,2025-03-22T01:02:05.169918,0
351,2025-03-22T01:02:05.170343,0
352,2025-03-22T01:02:05.170834,0
353,2025-03-22T01:02:05.171249,0
354,2025-03-22T01:02:05.171662,0
355,2025-03-22T01:02:05.172087,0
356,2025-03-22T01:02:05.172525,0
357,2025-03-22T01:02:05.172937,0
358,2025-03-22T01:02:05.173346,0
359,2025-03-22T01:02:05.173745,0
360,2025-03-22T01:02:05.174141,0
361,2025-03-22T01:02:05.174537,0
362,2025-03-22T01:02:05.174935,0
363,2025-03-22T01:02:05.175333,0
364,2025-03-22T01:02:05.175733,0
365,2025-03-22T01:02:05.176136,0
366,2025-03-22T01:02:05.176534,0
367,2025-03-22T01:02:05.176932,0
368,2025-03-22T01:02:05.177335,0
369,2025-03-22T01:02:05.177737,0
370,2025-03-22T01:02:05.178137,0
371,2025-03-22T01:02:05.178542,0
372,2025-03-22T01:02:05.178969,0
373,2025-03-22T01:02:05.179381,0
374,2025-03-22T01:02:05.179786,0
375,2025-03-22T01:02:05.180190,0
376,2025-03-22T01:02:05.180596,0
377,2025-03-22T01:02:05.180996,0
378,2025-03-22T01:02:05.181401,0
379,2025-03-22T01:02:05.181809,0
380,2025-03-22T01:02:05.182218,0
381,2025-03-22T01:02:05.182616,0
382,2025-03-22T01:02:05.183017,0
383,2025-03-22T01:02:05.183415,0
384,2025-03-22T01:02:05.183813,0
385,2025-03-22T01:02:05.184214,0
386,2025-03-22T01:02:05.184614,0
387,2025-03-22T01:02:05.185012,0
388,2025-03-22T01:02:05.185414,0
389,2025-03-22T01:02:05.185898,0
390,2025-03-22T01:02:05.186282,0
391,2025-03-22T01:02:05.186669,0
392,2025-03-22T01:02:05.187065,0
393,2025-03-22T01:02:05.187461,0
394,2025-03-22T01:02:05.187854,0
395,2025-03-22T01:02:05.188244,0
396,2025-03-22T01:02:05.188628,0
397,2025-03-22T01:02:05.189011,0
398,2025-03-22T01:02:05.189396,0
399,2025-03-22T01:02:05.189791,0
400,2025-03-22T01:02:05.190180,0
401,2025-03-22T01:02:05.190585,0
402,2025-03-22T01:02:05.190979,0
403,2025-03-22T01:02:05.191378,0
404,2025-03-22T01:02:05.191962,0
405,2025-03-22T01:02:05.192422,0
406,2025-03-22T01:02:05.192868,0
407,2025-03-22T01:02:05.193292,0
408,2025-03-22T01:02:05.193712,0
409,2025-03-22T01:02:05.194138,0
410,2025-03-22T01:02:05.194551,0
411,2025-03-22T01:02:05.194975,0
412,2025-03-22T01:02:05.195420,0
413,2025-03-22T01:02:05.195831,0
414,2025-03-22T01:02:05.196238,0
415,2025-03-22T01:02:05.196640,0
416,2025-03-22T01:02:05.197034,0
417,2025-03-22T01:02:05.197442,0
418,2025-03-22T01:02:05.197839,0
419,2025-03-22T01:02:05.198240,0
420,2025-03-22T01:02:05.198872,0
421,2025-03-22T01:02:05.199383,0
422,2025-03-22T01:02:05.199875,0
423,2025-03-22T01:02:05.200349,0
424,2025-03-22T01:02:05.200791,0
425,2025-03-22T01:02:05.201217,0
426,2025-03-22T01:02:05.201634,0
427,2025-03-22T01:02:05.202048,0
428,2025-03-22T01:02:05.202450,0
429,2025-03-22T01:02:05.202856,0
430,2025-03-22T01:02:05.203258,0
431,2025-03-22T01:02:05.203656,0
432,2025-03-22T01:02:05.204055,0
433,2025-03-22T01:02:05.204454,0
434,2025-03-22T01:02:05.204850,0
435,2025-03-22T01:02:05.205249,0
436,2025-03-22T01:02:05.205646,0
437,2025-03-22T01:02:05.206041,0
438,2025-03-22T01:02:05.206439,0
439,2025-03-22T01:02:05.206835,0
440,2025-03-22T01:02:05.207233,0
441,2025-03-22T01:02:05.207626,0
442,2025-03-22T01:02:05.208022,0
443,2025-03-22T01:02:05.208421,0
444,2025-03-22T01:02:05.208818,0
445,2025-03-22T01:02:05.209211,0
446,2025-03-22T01:02:05.209606,0
447,2025-03-22T01:02:05.209999,0
448,2025-03-22T01:02:05.210398,0
449,2025-03-22T01:02:05.210792,0
450,2025-03-22T01:02:05.211188,0
451,2025-03-22T01:02:05.211583,0
452,2025-03-22T01:02:05.211990,0
453,2025-03-22T01:02:05.212422,0
454,2025-03-22T01:02:05.212862,0
455,2025-03-22T01:02:05.213272,0
456,2025-03-22T01:02:05.213683,0
457,2025-03-22T01:02:05.214099,0
458,2025-03-22T01:02:05.214515,0
459,2025-03-22T01:02:05.214915,0
460,2025-03-22T01:02:05.215310,0
461,2025-03-22T01:02:05.215712,0
462,2025-03-22T01:02:05.216106,0
463,2025-03-22T01:02:05.216502,0
464,2025-03-22T01:02:05.216906,0
465,2025-03-22T01:02:05.217314,0
466,2025-03-22T01:02:05.217712,0
467,2025-03-22T01:02:05.218114,0
468,2025-03-22T01:02:05.218518,0
469,2025-03-22T01:02:05.218916,0
470,2025-03-22T01:02:05.219316,0
471,2025-03-22T01:02:05.219715,0
472,2025-03-22T01:02:05.220150,0
473,2025-03-22T01:02:05.220564,0
474,2025-03-22T01:02:05.220975,0
475,2025-03-22T01:02:05.221379,0
476,2025-03-22T01:02:05.221782,0
477,2025-03-22T01:02:05.222188,0
478,2025-03-22T01:02:05.222599,0
479,2025-03-22T01:02:05.223005,0
480,2025-03-22T01:02:05.223409,0
481,2025-03-22T01:02:05.223812,0
482,2025-03-22T01:02:05.224211,0
483,2025-03-22T01:02:05.224615,0
484,2025-03-22T01:02:05.225015,0
485,2025-03-22T01:02:05.225415,0
486,2025-03-22T01:02:05.225846,0
487,2025-03-22T01:02:05.226251,0
488,2025-03-22T01:02:05.226654,0
489,2025-03-22T01:02:05.227060,0
490,2025-03-22T01:02:05.227471,0
491,2025-03-22T01:02:05.227899,0
492,2025-03-22T01:02:05.228331,0
493,2025-03-22T01:02:05.228756,0
494,2025-03-22T01:02:05.229168,0
495,2025-03-22T01:02:05.229591,0
496,2025-03-22T01:02:05.230010,0
497,2025-03-22T01:02:05.230424,0
498,2025-03-22T01:02:05.230840,0
499,2025-03-22T01:02:05.231274,0
500,2025-03-22T01:02:05.231712,0
